question,answer
Got Eternal Life?,"Eternal life is a gift from God through Jesus Christ. We've all sinned and deserve punishment, but Jesus, who was without sin, died on the cross to take that punishment for us. By trusting in Jesus and believing He rose from the dead, we can receive forgiveness and the promise of eternal life. It's not about what we do, but about trusting in what Jesus already did. If you want to accept this gift, simply express your faith and gratitude to God for His grace and forgiveness."
Got Forgiveness?,"Forgiveness is like wiping the slate clean, an act of love and grace that doesn't depend on whether we deserve it. We all need God's forgiveness because we've all sinned, which separates us from Him. Thankfully, Jesus took the punishment for our sins on the cross, offering us forgiveness and eternal life. To receive it, all you have to do is trust in Jesus and ask God to forgive you. It's not something you can earn—it's a gift from God, freely given through His love for us."
I am a Muslim. Why should I consider becoming a Christian?,"As a Muslim, you might wonder why consider Christianity. The heart of Christian belief lies in Jesus' claim that He is the way to God, as shared in John 14:6. Christians believe that Jesus lived a sinless life, died for our sins, and rose again, offering a path to eternal life. The Bible teaches that we can't earn our way to heaven through good deeds but can be saved through faith in Jesus, who bore our sins on the cross. Exploring the Bible may help you understand these beliefs more deeply, and it's about seeking a personal relationship with Jesus, trusting in His grace and love for you. If this resonates, you might express your faith through a prayer to God, acknowledging your sins and accepting Jesus as your Savior. Remember, it's a personal journey, and God is with you in your search for truth."
What are the four spiritual laws?,"The Four Spiritual Laws are a simple way to understand the Gospel message. First, God loves you and has a wonderful plan for your life. However, our sin separates us from God, and we can't experience His plan without His help. Thankfully, Jesus is God's solution for our sin—He died and rose again to restore our relationship with God. Finally, to embrace this gift of salvation, we need to place our faith in Jesus as our Savior. If you're ready to trust in Him, you can express your faith through prayer, thanking God for His grace and the gift of eternal life."
How do I get right with God?,"To get right with God, it's important to first acknowledge our sin and turn away from it. We all fall short, but God loves us so much that He sent Jesus to save us. By confessing our sins, believing in Jesus' death and resurrection, and trusting Him as our Savior, we can be forgiven and have a renewed relationship with God. Like the prodigal son who returned to his loving father, God welcomes us with open arms when we come back to Him. A simple prayer expressing your faith and gratitude is a great start, but it’s your trust in Jesus that truly brings salvation."
How can I know for sure that I will go to heaven when I die?,"To be sure of going to heaven, God wants us to know that it is all about trusting in Jesus. The Bible tells us that if we believe in Jesus, we have eternal life (1 John 5:13). Our sins separate us from God, but Jesus' sacrifice on the cross opened the way to forgiveness and eternal life as a free gift. It's not about what we do, but about accepting Jesus' love and grace. If you're ready to trust Him, you can simply pray, acknowledging your sins and believing in Jesus' death and resurrection for salvation. It's a step of faith that brings peace and assurance of eternal life with Him."
Is Jesus the only way to heaven?,"Yes, Jesus is the only way to heaven. The Bible clearly teaches that salvation is only found through Him. Jesus Himself stated in John 14:6 that He is ""the way, the truth, and the life,"" and no one can come to the Father except through Him. This is because Jesus was uniquely chosen by God, lived a perfect life, died for our sins, and rose again. Through faith in Jesus, we receive forgiveness and eternal life."
Is there life after death?,"Yes, there is life after death according to the Bible. When we die, our bodies return to the earth, but our spirits live on. For those who believe in Jesus Christ, this means eternal life in heaven. Jesus, who conquered death by rising again, assures us of this promise. However, the Bible also warns that those who reject Christ will face eternal separation from God in hell. The choice of our eternal destination is made in this life through faith in Jesus. Now is the time to accept this gift of life with God."
What does it mean to accept Jesus as your personal Savior?,"Accepting Jesus as your personal Savior means recognizing who He truly is—God in human form who came to teach, heal, and ultimately die for our sins. It's not just about attending church or doing good deeds; it's about having a personal relationship with Jesus where you trust His sacrifice as the payment for your sins and His resurrection as your hope for eternal life. By placing your faith in Jesus, you acknowledge that His death was the necessary sacrifice for your sins and that He offers forgiveness and eternal life. It's about saying, ""I believe in You, Jesus, and accept You as my Savior."""
What is the right religion for me?,"Choosing a religion isn't like choosing your favorite ice cream flavor. While there are many paths and voices calling for our attention, Christianity stands out because of Jesus Christ. Unlike other religious figures who remain in their graves, Jesus rose from the dead, proving His power over death and affirming His claim to be the only way to God. Jesus offers a true relationship with God, forgiveness, and the hope of eternal life. If you're seeking a meaningful connection with God and the assurance of His love and forgiveness, Jesus invites you to come to Him. Trusting Him is about more than a set of rules—it's about entering into a life-changing relationship with the living Savior."
What is the Romans Road to salvation?,"The Romans Road to salvation is a simple way to explain how to have a relationship with God, using verses from the book of Romans. It starts with recognizing that everyone has sinned (Romans 3:23) and understanding that the consequence of sin is death (Romans 6:23a). But God offers the gift of eternal life through Jesus, who died for our sins (Romans 6:23b, 5:8). To be saved, we need to confess that Jesus is Lord and believe in His resurrection (Romans 10:9, 10:13). Once we believe, we are justified and have peace with God, knowing nothing can separate us from His love (Romans 5:1, 8:1, 8:38-39). If you feel called to follow this path to salvation, you can pray in your own words, trusting Jesus for forgiveness and eternal life."
What is the sinner’s prayer?,"The sinner's prayer is a heartfelt prayer to God, acknowledging our sinfulness and our need for Jesus as our Savior. It's not about saying specific words but about truly understanding and believing that Jesus died and rose for us, taking the punishment we deserve. By placing our faith in Him, we receive forgiveness and the promise of eternal life. If you feel ready, you can pray something like, ""God, I know I'm a sinner and need Your forgiveness. I trust in Jesus as my Savior. Thank you for saving me. Amen."""
What is a Christian?,"A Christian is someone who follows Jesus, which means trusting in Him and His teachings. It's not just about going to church or being a good person; it's about having a personal relationship with Jesus, believing in His death and resurrection for our sins, and being renewed by His Spirit. This faith makes us part of God's family, marked by loving others and living according to God's Word."
What does it mean to be a born again Christian?,"Being a born again Christian means experiencing a spiritual transformation. Jesus explained to Nicodemus that to enter God's kingdom, one needs to be ""born from above,"" emphasizing a renewal that only comes through faith in Christ. This rebirth signifies leaving behind our old selves and becoming new creations, forgiven and alive in God's Spirit. It's not about physical birth, but a heartfelt decision to trust in Jesus, accepting His love and grace, and becoming a child of God."
What is the way of salvation?,"If you're searching for something more in life, feeling lost, or wondering about your purpose, Jesus is the key to finding fulfillment and salvation. Jesus said He is the bread of life, the light of the world, and the good shepherd, meaning He can satisfy your spiritual hunger, brighten your path, and offer genuine care. Our separation from God due to sin creates a void only Jesus can fill. By believing in Jesus and trusting in His sacrifice for our sins, we can receive forgiveness and eternal life. Jesus died and rose again out of love, so that we might have a relationship with God and live eternally with Him. If this touches your heart, consider taking a step of faith and trust in Him today."
How can I become a Christian?,"Becoming a Christian is all about having a personal relationship with Jesus. It starts with understanding that we all have sinned and need salvation, which Jesus offers by dying on the cross to take the punishment for our sins. To become a Christian, simply trust in Jesus as your Savior, believing that His sacrifice was sufficient for you. It's not about rituals or traditions, but about faith in Jesus and accepting His love and grace."
How can I become a child of God?,"To become a child of God, you need to have faith in Jesus Christ. This means recognizing that Jesus is God's Son, who lived a perfect life and died on the cross to pay for our sins. By believing in Him and turning away from sin, you receive new life and become part of God’s family. It's not about doing good deeds on your own but embracing Jesus' love and grace. As God's child, you grow to love and follow Him more each day, knowing you'll be with Him forever."
How do I convert to Christianity?,"Converting to Christianity is about starting a personal relationship with Jesus, believing that He is the Son of God who died for your sins and rose again. It's recognizing your need for salvation, turning away from sin, and trusting in Jesus alone to save you. This transformation is not just about changing religions but about receiving God's gift of grace and beginning a spiritual journey with Jesus that brings forgiveness and eternal life. If you're feeling drawn to this path, you can express your faith through prayer, thanking God for His grace and trusting in Jesus as your Savior."
What are the steps to salvation?,"Salvation isn't about following a list of steps or completing a checklist. The core message is simple: believe in Jesus Christ as your Savior. It's about recognizing that Jesus has already done all the necessary work for us through His life, death, and resurrection. We just need to have faith in Him, trusting Him alone for our salvation. All the other practices, like baptism and good deeds, are results of being saved, not requirements to earn it."
What is true religion?,"True religion isn’t just about following rules or performing rituals; it’s about having a genuine relationship with God. While many religions try to bridge the gap between humanity and God through strict practices, true religion, as shown in Christianity, recognizes that God has already bridged this gap through Jesus. Instead of earning salvation through actions, Christians believe that it is a gift from God. The rules and rituals in true religion are expressions of gratitude and love because of what Jesus has done, not a means to earn His favor."
How can I not go to hell?,"To avoid going to hell, the key is to accept Jesus Christ as your Savior. The Bible explains that we've all sinned, and sin separates us from God, deserving of an eternal penalty. But God, in His love, sent Jesus to pay that penalty on the cross, and His sacrifice is the path to salvation. Simply trust in Jesus, believe He died for your sins, and accept Him into your heart. God promises that faith in Jesus will save you from hell because He doesn’t want anyone to go there."
Going to heaven—how can I guarantee my eternal destination?,"To be sure you're going to heaven, the Bible teaches that faith in Jesus Christ is the key. Jesus Himself said He is the way, the truth, and the life, and no one comes to the Father except through Him. This means acknowledging Jesus as the Savior who died for our sins and rose again is crucial. It's not about earning our way there, but trusting in His sacrifice and accepting Him as Lord. Remember, it's a personal decision to believe and follow Jesus, and that faith assures us of eternal life with God."
What does it mean that Jesus saves?,"""Jesus saves"" means that Jesus, who is God in human form, came to Earth to rescue us from the separation our sins create between us and God. Our sins deserve eternal separation from God, but Jesus paid for our sins by dying on the cross and rising again, offering us a way to be united with God. This salvation is a gift that we receive through faith, by trusting in Jesus alone for forgiveness and eternal life. If you believe this and want to accept Jesus as your Savior, you can pray and express your trust in Him, asking for His help to live a life of gratitude and purpose."
How can I be saved?,"Being saved is about securing your eternal destiny, and it's the most important decision you can make. We all need salvation because sin separates us from God and leads to eternal destruction. God provided a way for us through Jesus Christ, who died and rose again to pay for our sins. To be saved, simply believe in Jesus and trust Him as your Savior. It's a gift from God—just accept it with faith."
Who can be saved?,"Anyone can be saved through faith in Jesus. As John 3:16 tells us, God loves the world so much that He offers eternal life to anyone who believes in His Son. It’s not about what we do or our past mistakes; it’s about accepting God’s grace, which is a gift we receive by believing in Jesus. No one is beyond God’s reach—He saved people from all kinds of backgrounds in the Bible, showing us that His love and mercy are for everyone. If you feel moved to accept Jesus today, you can simply pray, expressing your faith in Him and asking for forgiveness and new life."
Where do you go when you die?,"When we die, the Bible tells us we have two destinations: heaven or hell. Our sins separate us from God, but through Jesus, who lived and died for us, we can be forgiven and receive eternal life in heaven. It’s through faith in Jesus and accepting His sacrifice that we find salvation. God offers us this choice; if we choose to trust in Jesus as our Savior, heaven awaits us."
What is the plan of salvation?,"The plan of salvation is God's way of rescuing us from the consequences of sin, which separates us from Him. We all need saving because we've all sinned, but God, in His love, provided a solution through Jesus Christ. Jesus lived a perfect life, died for our sins, and rose again, offering us salvation. To be saved, we simply need to believe in Jesus, trusting Him fully as our Savior. It's about turning away from sin and embracing the love and forgiveness God offers through His Son. If you're ready to accept this gift, place your faith in Jesus and receive His promise of eternal life."
I have just put my faith in Jesus...now what?,"Congratulations on your new journey with Jesus! To help you grow in your faith, here are a few steps you can take: 

First, understand that you are saved through Jesus’ sacrifice, and nothing can separate you from God's love. Find a Bible-believing church where you can connect with others, learn more about God's Word, and worship together. Make time daily for prayer and reading the Bible to strengthen your relationship with God. Surround yourself with supportive friends who can help you grow spiritually, and consider being baptized as a public declaration of your faith. Enjoy this beautiful new chapter in your life!"
Is God real?,"God's existence is evident through three main ways: creation, His Word, and His Son, Jesus Christ. When we look around at the intricate design of the world and the universe, it points to a Great Designer. Our innate sense of morality and longing for something greater suggests that God has placed eternity in our hearts. The Bible speaks of God as a self-evident truth, and Jesus' life, death, and resurrection offer powerful testimony to His reality. Ultimately, belief in God is a step of faith, supported by the evidence all around us."
Who is Jesus Christ?,"Jesus Christ is more than just a great teacher or prophet; according to the Bible, He is God in human form. Jesus Himself claimed to be God, as seen in passages like John 10:30 and John 8:58, where He equates Himself with God. The Bible presents Jesus as essential for our salvation because only God could provide the perfect sacrifice to pay for the sins of the world. Accepting who Jesus is matters because, as C.S. Lewis pointed out, if His claims were false, He would not be a good moral teacher but rather a deceptive figure. However, if true, He is our Savior, the only way to God."
Is Jesus God?,"Yes, Jesus is God. While He never used those exact words, Jesus made claims that showed His divinity. For example, in John 10:30, He said, ""I and the Father are one,"" leading others to accuse Him of claiming to be God. Jesus’ followers also affirmed His deity. Verses like John 1:1-14 and Acts 20:28 speak of Jesus as God in the flesh, and He accepted worship, which only God deserves. Moreover, Jesus’ divine nature is crucial for salvation because only God could fully pay for our sins. So, Jesus is God, both in what He said and in what His followers and the Bible reveal about Him."
"If I convert to Christianity, I will be persecuted. Should I follow Jesus?","Choosing to follow Jesus is a significant decision that often comes with challenges, including potential persecution. Jesus teaches that being His disciple means being willing to give up earthly comforts, even when it’s tough. Many believers throughout history have faced suffering but found strength and joy in Jesus’ presence and the promise of eternal life. While the road may be hard, the love and eternal rewards offered through knowing Christ far outweigh the temporary struggles. Consider what truly matters to you and where you find your ultimate hope and security."
What are the attributes of God?,"God is truly amazing, and understanding His attributes helps us know Him better. The Bible teaches us that God is eternal, all-powerful, and all-knowing, always present everywhere, and unchanging, which makes Him utterly reliable. He's holy, just, and righteous, but also full of grace and love, seeking a personal relationship with each of us. God is our Creator, the Most High, perfectly sovereign, and a Trinity, meaning He is three in one. While we can't fully comprehend Him, His Word reveals enough to guide us in worship and grow in love with Him."
What is Christianity and what do Christians believe?,"Christianity is all about having a personal relationship with God through Jesus Christ. Christians believe that Jesus died for our sins, was buried, and rose again, offering salvation to anyone who has faith in Him. It's not about following a list of rules, but about trusting in Jesus’s sacrifice on the cross to restore our broken relationship with God. Christians also rely on the Bible as God's inspired Word and believe in one God in three persons: the Father, the Son, and the Holy Spirit. Salvation is a gift from God, and through it, believers can live in victory over sin, guided by the Holy Spirit."
Is the Bible truly God’s Word?,"Yes, the Bible is truly God's Word. It's unique because it's a unified story written over 1,500 years by diverse authors, yet it all holds together without contradiction. The Bible includes detailed prophecies, especially about Jesus, that have come true, confirming its divine origin. Its power is evident in the countless lives it has transformed. Historically, its accuracy is proven by archaeology, and despite attacks over centuries, it endures. The sincerity and integrity of its authors, who were willing to die for the truth they shared, also testify to its divine inspiration. Ultimately, it's God's way of revealing Himself and His love to us."
What is the meaning of life?,"The meaning of life is about finding fulfillment and purpose through a relationship with God, which is made possible through Jesus Christ. Many people chase after achievements, wealth, or pleasure, only to find a sense of emptiness. The Bible tells us that true meaning comes from glorifying God and living in a way that reflects His image. Jesus offers us a full life, free from aimless wandering, by inviting us to follow Him and experience the joy of living for something greater than ourselves."
Do Christians have to obey the Old Testament law?,"Christians are not required to follow the Old Testament law because it was given specifically to the nation of Israel. When Jesus died on the cross, He fulfilled and ended the Old Testament law, and now Christians are guided by the law of Christ, which is to love God with all our heart and to love our neighbors as ourselves. This doesn't mean the Old Testament law is irrelevant; it can still guide us in understanding how to love God and others. But, as followers of Christ, our focus is on His command to love, which naturally leads us to live in ways that honor God and care for others."
Is the deity of Christ biblical?,"Yes, the deity of Christ is indeed biblical. Jesus and His followers clearly claimed and demonstrated that He is God. The Bible shows this in many ways: Jesus forgave sins, performed miracles, and was worshiped as God. His resurrection, witnessed and preached by His disciples, confirms His divine nature, as only God could conquer death. The transformation of His followers and the birth of the Church further support this truth."
"Is salvation by faith alone, or by faith plus works?","Salvation, according to the Bible, is by faith alone, not by faith plus works. Ephesians 2:8-9 makes it clear that we are saved by grace through faith, a gift from God, not by our own efforts. While James 2:24 might seem to suggest we need works too, it's actually emphasizing that true faith naturally results in good deeds. These works show our faith to the world, but they are not what saves us. Salvation is through Jesus’ work on the cross, and our faith in Him leads us to live lives full of good works as evidence of our genuine faith."
Who is the Holy Spirit?,"The Holy Spirit is not just a mystical force or an impersonal power; He is God and a divine person with a mind, emotions, and will. The Bible describes the Holy Spirit as being present everywhere and all-knowing, confirming His divinity. Scriptures like Acts 5:3-4 and Psalm 139 highlight that lying to the Holy Spirit is lying to God, and that His presence is everywhere. The Holy Spirit can think, feel, and make decisions, acting as our Comforter and Counselor, just as Jesus promised."
How can I know God’s will for my life?,"To know God's will for your life, it starts with repenting of sin and trusting in Christ, as that's His foundational desire. Once you accept Jesus, God wants to guide you through His Word and desires for you to live a life that includes gratitude, good works, and avoiding things like immorality. While God doesn’t always reveal everything at once, He leads us step by step, and as we align our lives with His ways, we begin to understand His will more clearly. Walking closely with God, through prayer and obedience, helps us tune into His desires for us, much like knowing a friend well enough to guess what they'll say. If our hearts are in the right place, God will place His desires in them, guiding us naturally. Remember, it's about wanting what He wants, trusting that He will lead you in the right direction."
How can I overcome sin in my Christian life?,"Overcoming sin in your Christian life is a journey where God provides several resources to help. First, rely on the Holy Spirit by choosing to follow His guidance over your own desires. This involves daily walking with Him and letting His influence grow in your life. Second, immerse yourself in the Bible, as it equips you and reveals areas for growth, helping you stay on the right path. Third, make prayer a priority, as it connects you with God's strength and guidance. Finally, lean on your church community for support and accountability, as having others by your side can encourage you and keep you accountable. Remember, progress may be slow or quick, but God is faithful to help you grow."
Why should I not commit suicide?,"I'm so sorry to hear you're feeling this way, and my heart goes out to you. Please know that you are not alone in this, and there is hope. God loves you deeply, and He wants to guide you through this dark time into His light. Jesus, who understands rejection and suffering, offers forgiveness and hope. He can restore your broken heart and bring joy back into your life. If you're considering suicide, please seek help immediately by calling a hotline or reaching out to someone close by. Remember, you are precious, and there is a path to healing and hope through Jesus."
What happens after death?,"In Christian belief, after death, believers in Jesus are said to go immediately to be with Him in heaven, while their bodies remain until they are resurrected and glorified. For those who don't believe, they go to a temporary place of torment, awaiting final judgment. Eventually, everyone will be resurrected, and believers will enjoy eternal life with God, while unbelievers face eternal separation from Him. Essentially, what happens after death depends on one's relationship with Jesus."
Eternal security - is it biblical?,"Eternal security, or the belief that once we are saved, we are always saved, is indeed biblical. The Bible assures us that God's power keeps us secure in our salvation; it's not something we have to maintain ourselves. Verses like John 10:28-29 remind us that Jesus and the Father hold us firmly in their hands, and nothing can separate us from God's love, as stated in Romans 8:38-39. Our eternal life is a promise sealed by the Holy Spirit, so we can trust that God will hold us until the end."
What does the Bible say about suicide?,"Suicide is a deeply tragic reality, but the Bible offers hope and assurance in Jesus. Many biblical figures, like Solomon, Elijah, Jonah, and Paul, experienced deep despair, yet found renewed strength and purpose by turning to God. The Bible assures us that God knows our struggles and offers comfort through His presence and the support of fellow believers. While suicide is a sin, it doesn't determine one's eternal destiny; salvation rests in God's grace through faith in Christ. If you're struggling with suicidal thoughts, please reach out for help immediately through hotlines or local support. Remember, you are not alone, and God is ready to offer His comfort and hope."
"Is once saved, always saved biblical?","Yes, the idea that ""once saved, always saved"" is biblical. When you accept Christ, you're brought into a relationship with God that secures your salvation eternally. This is because salvation is an act of God, where He gives us a new heart and spirit, and nothing can separate us from His love. Scriptures like Romans 8:38-39 assure us that once we are saved, our salvation is secure forever."
Do Christians and Muslims worship the same God?,"While Christians and Muslims both believe in one true God who created the universe, there's a significant difference in how each faith understands God. Christians believe in the Trinity, where God is one being in three Persons: the Father, the Son (Jesus Christ), and the Holy Spirit. This belief is central to Christianity because it includes Jesus's incarnation, death, and resurrection, offering salvation from sin. Muslims do not share this concept of the Trinity or the role of Jesus as the Son of God, leading to fundamental differences in understanding who God is. So, while both faiths worship one God, their views on His nature are distinct."
What does the Bible teach about the Trinity?,"The Trinity is a foundational Christian belief that God exists as one God in three distinct persons: the Father, the Son (Jesus), and the Holy Spirit. Each is fully God, yet there is only one God, not three. This can be hard to grasp because our human minds can't fully comprehend the infinite nature of God. The Bible supports this concept, but it's important to remember that it’s a mystery that points to the greatness of God. Rather than get tangled in trying to fully understand it, we can focus on the wonder and majesty of God's nature."
What does the Bible say about drinking alcohol?,"The Bible doesn't prohibit drinking alcohol, but it does caution against drunkenness and becoming mastered by it. Drinking in moderation is seen as permissible, and even Jesus drank wine, which was common in biblical times due to water contamination. However, it's important for Christians to avoid excess and consider their influence on others. While alcohol itself isn't sinful, drunkenness and addiction are. It's often wise for Christians to abstain, especially if it might lead others astray or become a personal struggle."
What does the Bible say about Christian tithing?,"Tithing in the Bible originally comes from the Old Testament, where Israelites gave 10% of their crops and livestock. In the New Testament, however, Christians are not commanded to follow a strict tithing system. Instead, giving is encouraged as an act of worship and should be done according to one's ability and with a joyful heart. It’s about being generous according to what you can manage and supporting the needs of the church community. Pray for guidance and remember that God loves a cheerful giver."
What does the Bible say about divorce and remarriage?,"The Bible emphasizes that God deeply values marriage and does not favor divorce, as seen in Malachi 2:16. However, He acknowledges that divorce does happen because humans are imperfect. Generally, the Bible discourages remarriage after divorce, but there are exceptions, like when an unbelieving spouse leaves or when there's sexual immorality involved. It's also essential to remember that reconciliation and forgiveness can restore a marriage, even after serious issues. While some may find biblical support for divorce in cases of desertion or infidelity, it's important to seek God's guidance and be open to forgiveness and healing. God’s love remains constant, even for those who have experienced divorce or remarriage."
What is the importance of Christian baptism?,"Baptism is important because Jesus commanded it as a way for believers to publicly profess their faith and discipleship. It's a beautiful symbol of our identification with Christ's death, burial, and resurrection, showing that we have died to sin and now live a new life in Him. While it’s not required for salvation, baptism is an act of obedience that illustrates the inward change in a believer’s life. A believer should seek to be baptized soon after coming to faith to express their commitment to following Jesus."
What are the Ten Commandments?,"The Ten Commandments are a set of ten important guidelines God gave to Israel after their exodus from Egypt. They can be found in Exodus 20 and Deuteronomy 5, and they cover our relationship with God and with others. They remind us not to worship other gods or idols, to treat God’s name with respect, to rest on the Sabbath, and to honor our parents. They also teach us not to murder, commit adultery, steal, lie, or covet. These commandments show that we can't perfectly keep them, highlighting our need for God’s mercy and grace through Jesus."
Who was Cain’s wife?,"The Bible doesn't specifically name Cain's wife, but it's most likely that she was a close relative like a sister or niece. Since Adam and Eve were the first humans, their children would have had to marry each other. In those early days, genetic defects were not a concern because Adam and Eve were created perfectly and their immediate descendants were healthy. It wasn't until later, when there were more people, that God set boundaries against inter-family marriages. Cain's fear for his life after killing Abel suggests there were already many people around, possibly siblings or even nieces and nephews."
What does the Bible say about sex before marriage?,"The Bible views sex as a beautiful gift meant to be enjoyed within the bounds of marriage. It teaches that sex before marriage, often referred to as fornication, falls under sexual immorality, which God warns against. Verses like 1 Corinthians 7:2 and Hebrews 13:4 emphasize keeping sexual relations within marriage to honor God and maintain purity. This approach not only aligns with God’s design for marriage and family but also helps prevent issues like unwanted pregnancies and broken family structures. By waiting until marriage, we honor God’s plan and protect the sanctity of this special bond."
What does the Bible say about women pastors?,"The Bible's stance on women pastors is a topic of significant debate. In passages like 1 Timothy 2:11-14, the apostle Paul indicates that women should not hold positions of spiritual teaching authority over men, which has been interpreted to mean that women should not serve as pastors. This teaching is based on the order of creation and the roles assigned by God, not on the capabilities or worth of women. Women have many vital roles and gifts within the church, such as teaching other women and children and contributing to various ministries, but according to this interpretation, pastoring men is not one of them."
What does the Bible say about homosexuality?,"The Bible describes homosexual activity as a sin but draws a distinction between behavior and inclination. Being tempted is not a sin; it's acting on those temptations that the Bible talks about. We all have struggles and weaknesses, but with God's help, we're called to resist sin and live according to God's design. Importantly, no sin is greater than God's grace, and forgiveness is available to everyone, regardless of past actions, through Jesus Christ. So, while the conversation around this is complex and can be challenging, the key is to trust in God's love and strength to guide us."
What does the Bible say about interracial marriage?,"The Bible doesn't oppose interracial marriage; rather, its guidance focuses on spiritual unity. In the Old Testament, God instructed the Israelites not to marry those who worshipped false gods, and in the New Testament, Christians are reminded not to be unequally yoked with unbelievers. The key concern is faith in Christ, not skin color or ethnicity. Interracial marriage can beautifully reflect our unity in Christ. Couples should be prepared for possible challenges due to prejudice, but above all, their love and faith should guide their relationship."
Did God create evil?,"It might seem that if God created everything, He must have created evil too. But evil isn't a ""thing"" like a physical object; it's more like the absence of good, just as darkness is the absence of light. God allowed for the possibility of evil because He gave us and angels the freedom to choose. Without the possibility of choosing something other than good, our love and service to God wouldn't be genuine. So, while God didn't create evil, He allowed it so we could have true free will and not be like robots, forced to follow Him without choice. It's a complex topic, and some aspects are beyond our full understanding, but God's ways are always holy and perfect."
Why is God so different in the Old Testament than He is in the New Testament?,"There's a common misconception that God seems different between the Old and New Testaments, but the truth is, God is consistently loving and just throughout both. In the Old Testament, we see God's compassion and mercy as He guides His people, much like a loving father. The New Testament reveals God’s love more fully through Jesus, who came to offer eternal life. Both Testaments show God's unwavering nature—He is the same loving, merciful, and just God, always desiring a relationship with His people."
What does it mean that God is love?,"When we say ""God is love,"" it means that love is at the very heart of who God is. The Bible describes love as patient, kind, selfless, and forgiving, and God embodies all these qualities perfectly. Jesus demonstrated this love through His life and sacrifice, showing kindness to everyone and putting others before Himself. God's greatest expression of love is sending Jesus to offer us eternal life, even when we didn't deserve it. This love is pure and in harmony with all of God's other qualities, like justice and holiness. When we accept Jesus, we are invited to experience and share this incredible love through the Holy Spirit."
Does God still speak to us today?,"Yes, God still speaks to us today, though not always in the audible way we might expect. Primarily, He communicates through the Bible, which contains all we need for salvation and living a godly life. God can also guide us through our circumstances, our conscience, and the inner transformation of our minds. While it’s possible for God to speak audibly, it is rare, and any message we hear should align with what the Bible teaches."
Who created God?,"The question ""Who created God?"" can be a bit misleading because it assumes God is like everything else that needs a cause. But God is different—He's uncaused and uncreated. He simply exists. If nothing existed, then nothing could ever come into being. But since things do exist, something must have always existed, and that's what we call God. He's the eternal Creator who started everything."
What does it mean to have the fear of God?,"Having the fear of God means having a deep respect and reverence for Him. For believers, it's not about being scared of God, but rather understanding His holiness and righteousness, which leads us to live in a way that honors Him. It involves respecting Him, obeying Him, and being in awe of His greatness. This reverential fear guides us to wisdom and encourages us to walk in His ways, love Him, and serve Him with all our hearts."
Is God male or female?,"God isn't limited to human gender as He is a spiritual being without physical form. In the Bible, God reveals Himself using masculine titles and pronouns, like ""Father,"" to help us understand Him better. Both men and women are created in God's image, which speaks to our spiritual and moral capacity, not physical traits. While God chose to communicate through a masculine form, this doesn't mean He is male in a human sense—it's just a way for us to relate to Him within our understanding."
Does God still perform miracles?,"Yes, God still performs miracles today, but they might not be as dramatic or obvious as those recorded in the Bible. The miracles we see now are often overlooked or dismissed, yet they're still a part of God's work in the world. It's important to remember that the biggest miracle of all is Jesus coming to save us, as that's the foundation of our faith. While miracles in the past served to confirm the truth of Jesus and the apostles, we now have the Scriptures to guide our faith. So, rather than seeking more miracles, we should focus on the profound miracle of salvation through faith in Jesus Christ."
Is God / the Bible sexist?,"The Bible isn't sexist, but it does describe a time when society was patriarchal, reflecting the cultural norms of that era. However, this doesn't mean God endorses those actions. The Bible shows the consequences of sin, like sexism, but also offers a solution through Jesus. In Christ, we're all equal—there's no difference in worth between men and women at the cross. The Bible assigns different roles, not as a sign of inequality, but as a way of maintaining order. Understanding Scripture reveals that true equality comes from a relationship with God, where every person is equally valued and loved."
Does God hear / answer the prayers of a sinner / unbeliever?,"God does hear and sometimes answer the prayers of unbelievers, though not in the same way as those who follow Him. While some believe that God only hears a sinner's prayer for salvation, the Bible shows instances where God responded to unbelievers' prayers, such as in the stories of Nineveh, Hagar, and others. God's responses can come from His compassion or when prayers align with His will. Ultimately, God promises that those who truly seek Him will find Him, and He is gracious in His interactions with all people."
Why is God a jealous God?,"When the Bible describes God as a ""jealous God,"" it means He deeply desires our worship and devotion because they rightfully belong to Him. Unlike human jealousy, which often involves wanting what others have, God's jealousy is about protecting what is His—our love and worship. It's similar to how a husband might feel protective if someone else tried to claim his wife's affection. God’s jealousy is a reminder that He alone is worthy of our wholehearted devotion."
Can monotheism be proven?,"Monotheism—the belief in one true God—is supported by various arguments. Biblically, Scripture consistently declares the existence of one God, as seen in verses like Deuteronomy 6:4 and 1 Timothy 2:5. Historically, many cultures show evidence of starting with monotheism before drifting into polytheism. Philosophically, it's argued that the universe's order and God's perfection point to a single, all-powerful deity. While these arguments may not convince everyone, they provide a strong foundation for those open to exploring them further."
Is it wrong to question God?,"It's not wrong to question God, but it's important to approach Him with an honest and open heart. Throughout the Bible, many people, including prophets and disciples, asked God questions from a place of humility and genuine seeking. God welcomes sincere questions, as they show a desire to understand and trust Him more deeply. However, questioning with a rebellious or untrusting heart is discouraged, as it stems from unbelief. Remember, God knows our hearts and intentions, and He invites us to seek Him with faith and humility."
Has anyone ever seen God?,"No one has seen God in His full, glorious form because He is spirit, and our physical eyes can't perceive Him that way. However, Jesus, who is both God and man, reveals God to us. When people saw Jesus, they were essentially seeing God in human form. There are instances in the Bible where individuals have encountered manifestations of God, known as theophanies, like when Moses or Jacob had experiences with God. These were not direct views of God's full glory but rather ways God chose to reveal Himself to them. To truly know and see God, we look to Jesus, who makes the Father known to us."
Does God change His mind?,"God doesn't change in His character or plans like we do, but He interacts with us based on our actions. When we see stories where it seems like God changes His mind, it's usually because people have changed, like when Nineveh repented and God showed mercy instead of judgment. God's nature is constant; He always responds to righteousness with forgiveness and to unrepentance with judgment. This shows His unchanging love and justice, not a change in His essence."
Is it wrong to be angry with God?,"It's natural to feel angry with God during tough times, but it's important to remember that God is in control and His plans are always perfect, even if we can't see it. Being angry with God can stem from a lack of trust in His sovereignty, and while He understands our feelings, it's not right to hold onto that anger. Instead, we should bring our emotions to Him in prayer, trusting that He is working for our good and will bring us peace and strength. Life will have its challenges, but by trusting God and growing in faith, we can navigate those difficulties and be a source of comfort to others."
Is there a conclusive argument for the existence of God?,"The existence of God is a topic that has been debated for centuries, with many arguing both for and against it. But when we ask, ""Why is there something rather than nothing?"" we find that reality being an illusion or self-created doesn't hold up. We're left with two possibilities: an eternal universe or an eternal Creator. Science and philosophy suggest the universe had a beginning, implying it can't be eternal, pointing instead to an eternal Creator. Furthermore, examining the nature of this Creator aligns perfectly with the God of the Bible. While atheism struggles to provide sufficient evidence against God's existence, belief in God not only stands as a reasonable position but also offers a path of salvation through Jesus Christ."
Is it wrong to feel disappointment with God?,"Feeling disappointed with God is a part of being human and not necessarily wrong. It often happens when our expectations don't align with God's actions. However, God operates according to His perfect will, which might not always make sense to us, but is ultimately for our good. By aligning our wills with His and trusting in His plan, we can find peace and contentment, knowing that He works all things for our benefit and His glory."
How should I understand the concept of the Father God?,"Understanding God as our Father is about recognizing the incredible love He has for us. The Bible tells us that God has ""lavished"" His love upon us, making us His children through Jesus. This means right now, at this very moment, we are part of His family, enjoying all the rights and privileges that come with it. As our heavenly Father, God cares for us, provides for us, and even disciplines us like a loving parent, so we can grow closer to Him and share in His holiness. More than anything, being called God's children is a profound honor and a testament to His boundless love."
What does it mean that God is eternal?,"When we say God is eternal, we mean He has no beginning or end—He's always been and always will be. The Bible simply starts with, ""In the beginning God…,"" showing that God was already there before time began. This eternal nature is seen in God's self-description to Moses as ""I AM,"" which implies His constant presence across all time. Jesus also affirmed His eternal nature by saying, ""Before Abraham was born, I AM."" Creation itself points to God’s eternality, as it follows His timeless plan. Those who trust in Christ will share in this eternity with God."
Is God fair?,"God is indeed fair, but His fairness is not always what we might expect. If fairness meant everyone got exactly what they deserved, we would all be facing eternal separation from God because of our sin. Thankfully, God is also merciful and sent Jesus to take the punishment we deserved, offering us a chance at salvation through faith. While some struggle with the idea of being chosen by God, the Bible teaches that anyone who truly seeks Him will find Him. God's ways may seem mysterious, but He is just, loving, and offers grace to all who believe."
Does God punish us when we sin?,"God doesn't punish us for our sins in terms of condemnation because Jesus already took care of that on the cross. Instead, as a loving parent, God disciplines us to guide us back onto the right path. This discipline helps us grow and become more like Christ. While we might face natural consequences for our actions, God's discipline is meant for our good, helping us to mature in our faith and live more according to His desires."
Does God tempt us to sin?,"God does not tempt us to sin. Instead, He may test us to strengthen our faith and character, much like He did with Abraham when asked to sacrifice Isaac. These tests are meant to prove our faith and help us grow, not to cause us to sin. Temptations to sin come from Satan, his forces, or our own desires, not from God."
Is it sometimes God’s will for believers to be sick?,"Yes, sometimes it is God's will for believers to be sick. While God is in control of everything, sickness is part of the fallen world we live in due to sin entering creation. God allows sickness for various purposes, like teaching us, disciplining us, or even revealing His power, as seen in the Bible. Even when we don't understand why we're suffering, we can trust that God is sovereign and that He can bring good out of every situation. In eternity, we'll have a clearer understanding, and perhaps the questions we have now won't even matter."
Where is God?,"God is everywhere, always with us. He reigns from heaven, yet His presence is everywhere throughout creation. When life is tough and we feel alone, it’s important to remember that God hasn’t abandoned us. Even in our deepest pain, God’s love surrounds us, and He promises never to leave us. Like a quilt-maker turning a mess of threads into something beautiful, God is working through all things for our good, even if we don’t see it right now. So when it’s hard to see what God is doing, trust His heart and His unchanging presence."
What does it mean that God is infinite?,"When we say God is infinite, we're saying that He has no limits. He knows everything (omniscient), He's all-powerful (omnipotent), and He's present everywhere (omnipresent). This means nothing surprises Him, nothing can stop Him, and there's nowhere we can go where He isn't with us. Even though God is far beyond our complete understanding, He has lovingly revealed Himself to us through creation, the Bible, and Jesus, so we can know Him and how to live in relationship with Him."
What does it mean that God is omnipotent?,"When we say God is omnipotent, it means He has all power over everything, everywhere, and at all times. This power is most clearly seen in His creation, where He spoke the universe into existence, and He continues to sustain it. God's omnipotence also extends to His control over earthly authorities and spiritual forces, showing nothing is beyond His command. While God can do anything that aligns with His holy nature, there are things He cannot do, like lie, because that would go against His perfection. Jesus, as God incarnate, displayed His omnipotence through miracles and the resurrection, showing His control over life and death. Amazingly, this mighty power is shared with believers, allowing us to experience His strength, especially in our times of weakness."
What does it mean that God is omnipresent?,"When we say God is omnipresent, we mean that He is everywhere at all times. He is not bound by space or time, so there's no corner of the universe where He's absent. Whether in joy or struggle, God is present with us, even when we don't see or feel Him. This also means God is aware of everything, from the smallest detail to the vastness of the cosmos. His presence can bring comfort and guidance, and it reminds us that we can always reach out to Him in prayer, no matter where we are."
What does it mean that God is omniscient?,"When we say God is omniscient, it means He knows everything—every detail, every thought, and every future event. This includes knowing our hearts, our experiences, and even things as small as a sparrow falling or a hair on our head. Jesus, even in His humanity, displayed this knowledge, knowing people's thoughts and lives before meeting them. However, He also chose to experience human limitations. Despite our sins, God's love for us is eternal, and we find comfort in knowing that nothing is too hard for Him. As we trust in Him, we are assured of His unfailing presence and care."
Why does God require faith?,"God requires faith because, just like any relationship, trust is essential. We can't fully know anyone, not even ourselves, and the same goes for our understanding of God. Even though God has shown us enough of Himself through creation, the Bible, and Jesus, our sinful hearts often struggle to trust. God invites us to trust Him by removing the barrier of sin through Jesus, allowing us to have a meaningful relationship with Him. Just like the Israelites who saw God's wonders but still doubted, faith remains a choice we are invited to make based on what God has revealed about Himself."
What is the difference between God’s sovereign will and God’s revealed will?,"God's sovereign will is like His grand plan that includes everything He decrees, whether directly or by allowing it. It's often hidden from us until it unfolds, like Joseph's journey to Egypt. On the other hand, God's revealed will is what He has clearly instructed us in the Bible—His precepts and commands, like acting justly and loving mercy. While we're called to obey His revealed will, sometimes we fall short, but we can always come back to His grace."
"What does it mean that God is holy, holy, holy?","When we say God is ""holy, holy, holy,"" it highlights His supreme holiness. This phrase, repeated by heavenly creatures in both Isaiah and Revelation, emphasizes God's unique and perfect nature. God's holiness sets Him apart from everything else, filling us with awe and reverence. It's a reminder of His majesty, and while we can't be holy by ourselves, through Jesus, we can share in God's holiness. The threefold repetition also hints at the Trinity, acknowledging the holiness of the Father, Son, and Holy Spirit. This profound holiness shows that God is constant and unchanging in both the Old and New Testaments."
What is the key to truly knowing God?,"To truly know God, it's essential to understand what He has revealed about Himself in the Bible. This starts with recognizing our own sinfulness and the need for repentance, turning to Jesus, who is our Savior. By faith in Jesus, who shows us who God is, we find the path to knowing God. Engaging with the Bible, living out its teachings, committing to prayer, worship, and fellowship, and being open to the Holy Spirit's guidance are all ways to deepen this relationship with God. Through Jesus and the Holy Spirit, we experience God’s love and truly come to know Him."
"What are the different names of God, and what do they mean?","God is known by many names in the Bible, each highlighting a unique part of His character. For example, ""El"" and ""Elohim"" speak to His might and power, while ""Yahweh"" (or Jehovah) reveals His eternal presence and accessibility, as in ""Yahweh-Jireh,"" meaning ""The Lord Will Provide."" There's ""El Shaddai,"" meaning ""God Almighty,"" emphasizing His ultimate power over all, and ""Adonai,"" which signifies His lordship. Each name like ""Yahweh-Shalom"" (The Lord Our Peace) or ""Yahweh-Rapha"" (The Lord Who Heals) expresses how intimately God cares for and interacts with us, His people."
Who is God?,"God is the Supreme Being, the Creator and Ruler of everything, perfect in power, goodness, and wisdom. The Bible shows us God's nature and works, revealing that He is spirit and exists as the Father, Son, and Holy Spirit. God is infinite, unchanging, all-knowing, and all-powerful. His character is just, loving, truthful, compassionate, merciful, and holy. Through Jesus, God came to us, offering forgiveness and salvation, making Jesus the bridge between God and humanity. To truly understand God, we look to Jesus and His life."
What is the biblical understanding of the wrath of God?,"The biblical understanding of God's wrath is that it's His holy and justified response to sin and disobedience. Unlike human anger, which can be flawed and unjust, God's wrath is always righteous. In the Old Testament, God's wrath often came as a response to idolatry and sin, but He also provided a way for people to turn away from it through repentance. The New Testament reinforces this, showing that God's wrath against sin was taken on by Jesus at the cross, offering eternal life to those who believe in Him. For Christians, living by the Spirit helps us avoid sinful anger and embrace peace. Ultimately, only through Jesus can we be assured that God's wrath won't fall on us."
Is it really true thatallthings are possible with God?,"Yes, with God, all things are possible, but that doesn't mean He will do anything that contradicts His holy nature or purposes. God’s power is limitless, but He won't act against His own character, like committing sin or performing illogical acts such as creating a stone He cannot lift. The Bible shows us that God can do amazing things that align with His will, like parting the Jordan River or granting a child to Elizabeth in her old age. Our understanding of what God can do should be guided by Scripture, which reveals His desires and promises."
Why did God command the genocide of the Canaanites?,"This is certainly a tough question, and it's important to approach it with sensitivity. In the Bible, God's command to the Israelites to destroy the Canaanites was not about indiscriminate violence. The Canaanites were known for their deeply immoral practices, and God had given them over 400 years to change their ways. When they didn't, judgment came through the Israelites. God wanted to protect His people from falling into idolatry and the harmful practices of the Canaanites, which is why He commanded their complete removal. The intention was also to prevent future conflicts and fulfill a longstanding prophecy. It's crucial to remember that God is sovereign and just, though His ways can be hard for us to understand. God desires repentance and life, not death, and those who turned to Him, like Rahab, were spared."
Does God know the future?,"Yes, God knows the future. The Bible accurately predicts events, such as Jesus being born in Bethlehem as foretold centuries earlier. This shows God’s complete understanding of past, present, and future. He is omniscient, meaning He knows everything, and we can trust that all His prophecies will come to pass in His perfect timing. God is truly the Alpha and Omega, the Beginning and the End."
Does God make mistakes?,"God doesn't make mistakes. He's perfect and knows everything, so nothing surprises Him. Even when we see stories where God seems to regret something, like in Genesis 6, it's more about His compassionate response to human choices, not an admission of error. In our lives, it might feel like things go wrong, but Romans 8:28 reminds us that God works all things for the good of those who love Him. We can trust that, whatever happens, God has a loving and wise purpose behind it all."
Is it wrong to be frustrated with God?,"It's normal to feel frustrated with God at times, but it's important to understand that this often comes from our own misunderstandings or lack of trust. Stories like Martha's and Jonah's show us how frustration can cloud our vision and that God has perfect timing and plans. Instead of letting frustration take over, we can find peace by trusting in God’s goodness, accepting His timing, and submitting to His will. When we feel overwhelmed, we can cast our frustrations on God because He truly cares for us."
"Why does God demand, seek, or request that we worship Him?","God doesn't seek our worship because He needs it; rather, it's for our benefit. He is the Creator and sustainer of all things and needs nothing from us. Instead, worship aligns our hearts with Him, the true source of love, light, and life. When we worship God, it sets our priorities straight, helping us to love Him and others rightly. It fills us with gratitude and leads to a purposeful life centered on His grace. If we don't worship God, we're likely to place that worth on something else, which can never truly fulfill us."
"Why was God so evident in the Bible, and seems so hidden today?","It may seem like God was more visible during Biblical times because He often used miracles and direct communication to guide and reveal His plans to people. Today, God has completed His revelation through Scripture, which means we may not witness those same miraculous events. However, God is still very present through His creation and speaks to us through the Bible and the Holy Spirit, who guides us and brings Scriptures to mind. Our journey now is about living by faith, trusting in what God has already done, and recognizing His work in our lives and the world, even when it seems hidden."
What is the immutability of God?,"The immutability of God means that God never changes. Scriptures like Malachi 3:6 and James 1:17 highlight that God is consistent—there is no alteration in His nature, promises, or character. Since God exists outside of time, He doesn't change as we do, because change implies imperfection or the need for growth, neither of which apply to Him. Even when the Bible talks about God ""changing His mind,"" it's more about changes in human situations rather than any real change in God Himself. God is always perfect, always all-knowing, and always unchanging."
How do I get the image of God as imposing and angry out of my mind?,"To reshape your view of God from angry to loving, it's helpful to remember the simple truth: ""God is love"" (1 John 4:8). God's essence is pure love, and even His anger is filtered through this love. For those who believe in Jesus, God's anger was directed at the cross, and He no longer sees us as sinners but through the perfect lens of Jesus' sacrifice. If you still struggle with seeing God as angry, it might help to examine your relationship with Him. By seeking Him through prayer and scripture, you'll discover that He is a loving Father who yearns for a personal relationship with you."
What does it mean that God provides?,"God's provision is about so much more than just material things. Like a loving parent, He knows what we truly need and provides in ways that help us grow to be more like Christ. It's not about acquiring wealth, but about trusting God to care for our physical, spiritual, and emotional needs. He wants us to focus on eternal life and trust Him with our daily needs through a deep relationship with Him. We can find peace, comfort, and strength in His abundant love, knowing that He is always with us, guiding and providing for us in ways beyond what we can imagine."
Is God’s love conditional or unconditional?,"God's love is truly unconditional. He loves us not because of who we are or what we do, but because it's His nature to love. Despite our sins and shortcomings, God showed the ultimate act of love by sending Jesus to die for us. However, receiving His love fully means responding in faith to Jesus, which brings us into a special relationship with Him. God's unconditional love is available to all, but choosing to embrace it leads to a deeper, covenant relationship with Him."
Why does God allow good things to happen to bad people?,"It's natural to wonder why good things happen to bad people, just as we question why bad things happen to good people. In Psalm 73, Asaph struggled with this same issue until he realized, in God's presence, that the prosperity of the wicked is only temporary. Their apparent success is fleeting, like a dream, while true riches are found in a relationship with God, leading to eternal life. So, when life seems unfair, remember that our ultimate joy and fulfillment are in God, who offers us eternal riches through Jesus Christ."
What is the grace of God?,"The grace of God is His incredible kindness and favor towards us, even though we don't deserve it. It's like God choosing to bless us when our actions should have led to punishment. Through His grace, God offers us forgiveness, a relationship with Him, eternal life, and so much more, just because He loves us. It's His amazing gift that invites us into a beautiful relationship with Him, simply because He's gracious and loving."
What does it mean to honor God?,"Honoring God means showing Him the highest respect and valuing Him above all else. Just like the elders in heaven lay their crowns before God, we honor Him by reflecting His goodness and character in our lives through our words and actions. It's about demonstrating the love and goodness of God, much like Jesus did. This can be done by living purely, giving generously, and dedicating our lives to Him. True honor comes from the heart, not just outward actions, and involves delighting in God, seeking Him earnestly, and making choices that reflect His importance in our lives."
Is God a person?,"Yes, God is a person, but not in the sense of being human. When we say God is a person, we mean He has a mind, emotions, and a will. The Bible shows God as having personal characteristics through His actions and expressions, like love and compassion. He exists in three distinct Persons—Father, Son, and Holy Spirit—each with their own mind, emotions, and will, yet all are fully God."
What does it mean to praise God?,"Praising God means expressing our love, gratitude, and admiration for Him. In the Bible, praising God is shown in many forms, like singing, giving thanks, and honoring Him for His power and greatness. The Psalms are full of beautiful examples of praise, calling us to praise God everywhere, with everything we have—from instruments to our own voices. Jesus was praised during His time on earth, and the early church also valued praising God together. Ultimately, praising God on earth prepares us for the eternal celebration of worship we’ll share in heaven."
What does it mean to be in the presence of God?,"Being in the presence of God means experiencing His closeness through the Holy Spirit within us, a promise for all who believe in Jesus. Although sin once separated us from God's physical presence, His Spirit reassures us of His continual presence. While we might not always *feel* His presence, especially during difficult times, God never truly leaves us. Our awareness of Him grows through faith, obedience, and the joy that comes from trusting Him, even in trials. This closeness leads to a deep joy, reminding us of the everlasting joy to come when we’ll be fully in His presence."
Why should I care if God exists?,"Caring about God's existence is important because it shapes the way we see the world and ourselves. If God exists, as Christians believe, then everything we do and the values we hold are grounded in His nature and teachings. This belief can guide us in addressing not only our spiritual needs but also in seeking justice and compassion in our world. Through faith in Jesus, God offers us love, forgiveness, and a deep connection, which can transform our lives now and eternally."
Why does God love us?,"God loves us not because we're lovable or deserving, but simply because His very nature is love. Although we often fall short and live in ways that oppose God, He still showers us with His love, which is sacrificial and unconditional. This is beautifully demonstrated through Jesus' sacrifice on the cross for our sins, showing that God's love is deeply personal and boundless. In essence, God loves us because He is love itself."
Why does God test us?,"God tests us to strengthen our faith and prove its genuineness, not because He needs to know, but to show us that our faith is real. Through tests and trials, He helps us grow spiritually, developing perseverance and maturity. Just like a tree digs its roots deeper during a storm, we should root ourselves in God's Word and promises. While tests can be challenging, God never gives us more than we can handle with His strength, and every trial is for our ultimate good and growth in faith."
Is God opposed to pleasure?,"No, God isn't opposed to pleasure. In fact, He created us to experience and enjoy it. God designed the world with beauty and gave us the ability to delight in it, whether through the taste of good food, the warmth of friendship, or the joy of celebrations. He is not against us enjoying life but warns us about pleasures that can lead us away from Him. Our ultimate joy is meant to be found in a relationship with God, where He offers us eternal pleasures. So, while it's great to enjoy the gifts God gives, they should never replace our connection with Him."
What does it mean that God is spirit?,"When we say ""God is spirit,"" it means that God the Father isn't bound by a physical body and is invisible, as described in John 4:24. This allows Him to be everywhere at once, unlike a physical being. Although God doesn't have a body, we can still know Him personally and worship Him with our hearts and minds, beyond just physical rituals or locations. This concept helps us understand that God's essence is beyond human limitations, making Him infinitely present and alive in our lives."
What does it mean that God is light?,"When the Bible says ""God is light,"" it's highlighting God's pure holiness and goodness, without any trace of sin. Light symbolizes truth, righteousness, and the revelation of hidden things, contrasting with darkness which represents sin and evil. As believers, we're called to walk in this light, growing in faith and becoming more like Jesus, who is the ""light of the world."" By reflecting His light, we help guide others from darkness to the truth of God's love and salvation."
Can God lie?,"God cannot lie because He is perfectly holy and truthful. His nature is pure, and everything He says and does reflects absolute truth. This means that we can completely trust God and His Word, the Bible, as flawless and reliable. Since God is unchanging and His promises are sure, we are called to emulate His truthfulness in our own lives. Just as Jesus, who is God, embodies truth, we are encouraged to speak and live truthfully."
Can God sin?,"God cannot sin because sinning would be completely against His nature. God is perfectly holy, righteous, and true, and these qualities are essential to who He is. If God were to sin, He would no longer be God, which is impossible. Despite being perfectly holy, God loves us deeply and sent His Son, Jesus, to redeem us from sin, bringing us closer to Him through His sacrifice."
How should a believer respond to the characteristics of God?,"As believers, we respond to God's incredible characteristics in a few profound ways. When we grasp God's holiness, it leads us to repentance and awe, recognizing our need for His grace and mercy. His immense love, revealed through Jesus, inspires us to humility, repentance, and love for others. God's sovereignty reminds us of His eternal power and majesty, encouraging us to submit to Him with trust and gratitude. Like the faithful figures in the Bible, we are moved to worship, obedience, and reverence when we encounter God's presence."
Did God create sin?,"God didn't create sin; He created everything perfectly good. Sin came into the world because of rebellion, not because God made it. Sin is anything that goes against God's perfect standard. God gave us free will, allowing us to choose between right and wrong. Although the potential for sin exists because of free will, God desires us to choose Him and experience the blessings of a righteous life. He does not delight in punishment but wants everyone to turn back to Him and find eternal joy."
Does God care about the little things that happen in our lives?,"Absolutely, God cares about the little things in our lives. Scripture tells us that God even knows the number of hairs on our heads, which shows His attention to detail. He values us deeply, more than the birds of the air, whom He also takes care of. Throughout Jesus' life, we see how He took time to meet people's needs and welcomed children, showing that no concern is too small for Him. So, trust that God is genuinely interested in every part of your life, no matter how minor it seems."
Does God get angry?,"Yes, God does get angry, but His anger is very different from ours. God's anger is always righteous and is directed towards wickedness and injustice, much like a loving parent who gets upset at anything that harms their child. In the Bible, we see God's anger when people stray from His ways or when they act unjustly, as He desires to protect His people and restore their relationship with Him. However, for those who accept Jesus, God's wrath for sin is satisfied through Jesus' sacrifice on the cross, offering us freedom and no condemnation in Him."
Does God hate?,"It's a complex idea, but God, who is love, can also hate. God hates sin and wickedness because they oppose His nature of love. The Bible shows that God loves the world deeply, even sacrificing His Son for it, but He must judge sin, which involves judging those who persist in sinful rebellion. His desire is for everyone to turn from sin and find refuge in Christ, receiving His perfect love and forgiveness. Despite His hatred for sin, God’s ultimate wish is for transformation and redemption through repentance."
Does God love me?,"Absolutely, God loves you deeply and personally! Despite knowing all our imperfections, God's love is unconditional and demonstrated throughout the Bible. From the beginning, He created us with intimate care, and even when our relationship with Him was broken, His love remained. The ultimate expression of this love is seen in Jesus Christ, who came to earth to redeem us. Through His sacrifice, God shows that nothing can separate us from His love. So, remember, God’s love for you is steadfast and true."
Why does God allow people to be disabled / handicapped?,"God allows disabilities as part of the brokenness of our world, which is a result of sin. However, He also uses these challenges to show His glory and strength. The Bible tells us that God can use anyone, regardless of their abilities, for His purposes and that His power is made perfect in weakness. In the end, disabilities are temporary, and a day will come when all will be healed. Until then, those who rely on God in their weakness are blessed with a special closeness to Him."
Is there anything God cannot do?,"God is all-powerful and wise, having created everything in the universe. There's nothing too hard for Him, and He can reach even those who seem far from salvation. However, God cannot act against His own nature—He cannot lie or sin because He is holy and just. His love is so great that He sent His Son, Jesus, to die for our sins, offering us forgiveness and eternal life through faith in Him. Even when we face challenges, God remains a present help, ready to guide us with His unwavering love and strength."
What does it mean that the Trinity is God in three Persons?,"When we say the Trinity is God in three Persons, we're talking about the Father, the Son, and the Holy Spirit, each having their own distinct personality, intellect, emotion, and will. They are not human persons; instead, they represent three unique aspects of the one true God. Each has a unique role, like in creation and salvation, yet they are perfectly unified in their divine essence. This relationship within the Trinity also shows us how God's love is eternal, as each Person has always loved the others. It's a mystery that can be hard to grasp, but it's all about understanding God as one in essence, three in personhood."
What does it mean that God is good?,"When we say God is good, it means He is the ultimate standard of goodness, always acting in right, true, and loving ways. There is no evil in Him, and His intentions are always pure. Everything He creates and does reflects His goodness, and this goodness is evident in His plan for our redemption through Jesus. God's goodness invites us to trust Him and find joy and refuge in His love."
What does it mean that God is just?,"When we say God is just, we mean He is fair and righteous in all His ways. He sees everyone equally and rewards and punishes with perfect fairness, without showing favoritism. God’s justice ensures that wrongdoing is addressed, but He also made a way through Jesus for our sins to be forgiven, showing His deep love alongside His justice. The Lord wants us to reflect His character by acting justly, loving mercy, and walking humbly with Him."
What does it mean that God looks at the heart (1 Samuel 16:7)?,"In 1 Samuel 16:7, when God says He looks at the heart, it means God evaluates us based on our inner character and faithfulness, not just our outward appearance. While people often judge by what they see on the surface, God sees our true intentions and moral life. Like David, who might not have looked like a king, but had a heart aligned with God, our worth is seen by God in our faith and sincerity. This reminds us to nurture our inner lives and trust that God values who we truly are."
What is God’s relationship to time?,"God's relationship to time is quite different from ours. While we live within time's boundaries, God exists beyond it. He is eternal, meaning He has no beginning or end and is not limited by time. Though God created time and the universe, He remains present with us in every moment, able to respond to our needs and prayers. This timeless nature doesn't make God distant; rather, it means He sees all of history and the future at once and is with us in the here and now."
Why does God allow the innocent to suffer?,"It's a tough question because suffering, especially of the innocent, is deeply heartbreaking. The Bible shows us that suffering isn't always linked to personal sin. Even Jesus addressed this, explaining that sometimes suffering is there so God's works can be shown. Our world is flawed and full of sin, which means everyone experiences pain, but God promises to use even this suffering for a greater purpose. He draws us closer to Him, strengthens our faith, and helps us focus on the hope of eternal life. In the end, God assures us that everything, even our suffering, works together for good for those who love Him."
Is God cruel?,"The question of whether God is cruel is complex, but it all comes down to understanding His character and purpose. God, who is beyond our full comprehension, sometimes allows or causes suffering to bring about a greater good, serve justice, or ultimately glorify Himself. While some actions may appear harsh to us, they are never without reason or purpose. For instance, the story of Job shows that not all suffering is punishment; it can be a way to draw us closer to God and refine our character. Also, God’s love was profoundly shown through Jesus, who suffered innocently to bring salvation to the world. So, while we might not always understand His ways, they are rooted in His unfathomable love and wisdom."
Is God sovereign or do we have a free will?,"When it comes to God's sovereignty and our free will, it's a bit like being in a cell. Without God's intervention, our nature is bound by sin, meaning our ""free will"" isn't really free—it's limited by our sinful state. The Bible tells us we can't choose good or God on our own. But in His love, God gives us the gift of faith and new life, like when Jesus called Lazarus out from the grave. Salvation is all about God’s grace and mercy, not our effort. We share the good news of Jesus with everyone because we don't know whom God will choose, but we trust He will call those He has prepared."
How can I get to know God better?,"To get to know God better, start by accepting Jesus as your Savior, as He reveals who God is. Dive into the Bible, as it's God's living Word and will help you grow in your faith. Open your heart to the Holy Spirit, which guides and teaches us about God's character and will. Make prayer a part of your life, spending time with God and seeking His presence. Finally, surround yourself with other believers, sharing in fellowship and growing together in your walk with God."
What is God like?,"God is vast and complex, yet He desires for us to know Him. While many cultures have imagined God as a powerful force or part of nature, the Bible reveals a fuller picture: God is the almighty creator of everything, sovereign and eternal, yet also spirit and love. Through Jesus, we see God's compassion, mercy, and desire to save us, while also being just and holy. God's love is most clearly shown when He sent Jesus to die for us, offering forgiveness and calling us into a relationship with Him."
Does God really forget our sins?,"God doesn't forget in the way we might think of forgetfulness. Being all-knowing, He doesn't lose knowledge. Instead, God chooses not to remember our sins against us once we've been forgiven through Jesus. When we trust in Christ, our sins are completely forgiven, and God treats us as if they never happened. It's like He puts them behind His back, freeing us to live a new life without the weight of past mistakes."
Does God have emotions?,"Yes, God does have emotions, but they aren't quite like ours. While the Bible shows God feeling anger, compassion, grief, love, joy, and more, His emotions are always perfect and pure. Unlike humans, whose emotions can sometimes lead us astray, God's feelings are consistent, incorruptible, and rooted in His holy nature. God’s emotions reflect His unwavering love and justice, making Him someone we can trust deeply, knowing He understands us and His feelings never change."
Why does God allow deception?,"God allows deception because He has given us free will, and with that comes the ability to believe what we want, even if it's not the truth. Satan, known as the ""father of lies,"" tempts us by appealing to our desires, making it easy to choose falsehoods over God’s truth. Like Eve in the Garden of Eden, we often know the truth but choose to ignore it for something more appealing. God allows this as it highlights our need for Jesus, who is the Truth, and it is a way to show us the consequences of rejecting Him."
Why does God create people when He knows they are going to go to hell?,"It's a tough question, and understandable to wrestle with. Essentially, God doesn't send anyone to hell; rather, people choose that path by rejecting Jesus. He has revealed Himself to us through creation, our conscience, and Jesus, giving everyone a chance to believe. God allows us to make our own choices, and while it's hard to grasp, we trust in His perfect justice and mercy. Everything He does aligns with His loving and just nature, even if we don't always see it."
Could God create a rock so heavy He could not lift it?,"This question about God creating a rock so heavy He couldn't lift it misunderstands what it means for God to be omnipotent. Omnipotence doesn't mean God can do anything, but rather that He has unlimited power to do anything that is possible. Just like God can't lie or be anyone other than Himself, He can't do things that are logically impossible, like making a square circle or an infinite rock. It's not about lacking power, but about the nature of reality and God's consistent, truthful nature."
Does God have a sense of humor?,"Yes, God does have a sense of humor! He created us in His image, and we certainly have the gift of laughter and humor. However, God's humor isn't like ours—it's not crude or harmful. There's a story in the Bible, in 1 Samuel 5, that shows God amusingly demonstrating His power when the idol Dagon falls before the Ark of the Covenant. While God can laugh at foolishness, He desires people to turn away from their waywardness. Our life should have moments of joy and humor, but also a seriousness about living for Christ."
"If God is omnipresent, does that mean God is in hell?","It's a bit of a paradox. While God is omnipresent, meaning He is everywhere, hell is described as a place of separation from God's presence. This doesn't mean God isn't aware of hell or what's happening there; rather, there's a relational distance. In hell, people don't experience God's beauty or grace because there's no fellowship with Him, unlike in heaven where believers will be in complete fellowship with God. So, God is present in terms of knowledge and awareness, but those in hell are separated from His favor and blessing."
What does it mean that God is not mocked?,"When the Bible says ""God is not mocked,"" it means that God sees through our actions and intentions, and we can't deceive Him. Mocking God includes showing disrespect or pretending to be faithful without true commitment. This behavior leads to consequences because God knows our hearts and actions. While God offers grace to the humble, those who mock Him or His directives will face repercussions. It's a reminder to live genuinely, aligning our lives with His teachings."
How is God our refuge?,"God being our refuge means He is our safe place in times of trouble, much like a shelter in a storm. Just like David, who often sought God's protection, we can pour out our hearts to Him and trust that He is our fortress. While we might face challenges, trusting in God as our refuge means we can find peace and confidence, knowing He will never leave us. In any situation, the safest place to be is within God's will, as He promises to be our ever-present help and strength."
Does God have a physical body?,"God doesn't have a physical body; He is spirit, as mentioned in the Bible. While He can appear in physical form, like in certain biblical events called theophanies, His essence is beyond our material world. These appearances help us understand God's actions through metaphors, but God's true nature is infinite and spiritual. When we read about God's ""arm"" or ""mind,"" it's symbolic of His limitless power and knowledge. Remember, these images help us grasp His nature, even though God Himself is beyond physical form."
Why does God refer to Himself in the plural in Genesis 1:26 and 3:22?,"In Genesis 1:26 and 3:22, when God uses the plural ""us"" and ""our,"" it can be understood as a hint of the Trinity—God the Father, Son, and Holy Spirit having a conversation among themselves. While it might initially seem like He's talking to angels or suggesting multiple gods, the Bible consistently teaches that God is one. The New Testament clarifies this by showing God as one being in three persons, which is a profound mystery but foundational to Christian belief."
What does it mean that God works in mysterious ways?,"When we say God works in mysterious ways, it means God's plans and methods often leave us puzzled and amazed. Just like Joseph in the Bible, who was sold into slavery but ended up saving his family, God can take challenging situations and use them for good. Though we may not understand at the moment, we trust that God has a wise and loving plan for everything, even if it seems mysterious to us. We walk by faith, knowing His ways are higher than ours."
Is God man-made?,"No, God is not man-made; rather, God created us. Even other explanations like the Big Bang leave many questions unanswered, such as what caused the Big Bang itself. The Bible presents God as the eternal being who always was and always will be, existing beyond time and space. God's nature, as described in the Bible, shows qualities like grace, love, and justice, which surpass human imagination and are not traits we would typically invent. The intricate design of the universe and the moral qualities within us suggest a Creator more than random chance. Removing God from the equation only raises more questions, as He remains the most logical explanation for the complexity of our world."
"Since God is not male, should we stop using masculine pronouns to refer to God?","God doesn't have a gender like humans do, being a spiritual being. However, throughout the Bible, God consistently uses masculine pronouns and imagery to describe Himself, such as Father, King, and Husband. This is something He intentionally chose, even though He transcends gender. Since God revealed Himself this way, it's appropriate to continue using masculine pronouns when we refer to Him."
Why does God allow people to mock Him?,"God allows people to mock Him because He gave us free will, meaning we have the choice to love or reject Him. Just like loving parents want their children to freely choose to love them, God desires a genuine relationship with us. While mockery is a result of this freedom, it's not the end of the story. Galatians 6:7 warns that God will not be mocked forever, and there will be a time of reckoning. Yet, through Jesus, God offers us a way to choose love and restore our relationship with Him."
Why did God condone such terrible violence in the Old Testament?,"Understanding why God allowed violence in the Old Testament can be tough, but it's important to consider the cultural and spiritual context of the time. The Canaanites, for example, practiced extreme immorality like child sacrifice, and God's commands were about ending such evil practices. While it's hard to reconcile, God provided opportunities for repentance over centuries. The purpose was to pave the way for a future where the Messiah would bring salvation to everyone, including those considered enemies. Our perspective is limited, but God’s actions are rooted in His holiness, justice, and mercy."
What are the most important things to understand about the nature of God?,"The most important thing to understand about God is His holiness, meaning He is pure and set apart from His creation. God is an eternal spirit who exists as the Trinity — Father, Son, and Holy Spirit — and He is sovereign, meaning He has absolute authority over everything. God's nature is unchanging, so we can always rely on His promises. Though He judges sin with righteous anger, His love is also central to His nature. This love was shown through Jesus, who came to offer us salvation. In essence, God's character is a blend of holiness, sovereignty, eternal love, and unchanging truth."
What is the origin of the doctrine of the Trinity?,"The doctrine of the Trinity, although the term itself isn't found in the Bible, originates from the Scriptures. It is the understanding that God is one essence but exists as three distinct Persons: the Father, the Son, and the Holy Spirit. Early Christians recognized this through their experiences and writings, acknowledging Jesus as divine and the Holy Spirit as a distinct Person. Over time, church leaders like Tertullian helped define this concept more clearly, leading to its formal establishment as doctrine at the Council of Nicea in 325 AD. The mystery of the Trinity is a revelation of God's nature, something the early church accepted as truth even before it was fully articulated."
What does it mean to seek God’s face?,"Seeking God's face is about wanting to be close to Him and experience His presence in our lives. It's like looking for a friend's face in a crowd to feel connected. It’s about knowing God deeply, beyond just asking for things, and developing a closer relationship with Him through prayer and worship. As we seek Him, God promises to be with us, blessing us with His love and favor."
Why is seeking God important?,"Seeking God is important because it opens the door to truly knowing Him and experiencing eternal life, as Jesus tells us in John 17:3. While our natural instincts and society can cloud our understanding of God, He reveals Himself to those who seek Him earnestly. The Bible assures us that when we pursue God with all our heart, we will find Him and His presence in our lives brings guidance and peace. It's through a relationship with Jesus, the help of the Holy Spirit, and engaging in prayer, worship, and community with other believers that we grow closer to God and live a life aligned with His will."
Why does God ask questions if He is omniscient?,"God asks questions not because He lacks information, but because He wants to engage us, help us reflect, and guide us to truths we need to understand. For example, when He asked Adam, “Where are you?” it was meant to draw Adam out and encourage him to confront his actions, not because God didn't know Adam's location. Questions like these are an expression of God’s grace and a means to teach, prompt self-examination, and deepen our understanding. Jesus, too, used questions to help people think more deeply and reveal their hearts. Through questions, God invites us into a deeper, more reflective relationship with Him."
What does it mean that the Father is the first Person of the Trinity?,"In the Trinity, the Father is called the ""first Person"" not because He is more important, but because He is listed first in passages like Matthew 28:19. This order reflects His role in the ""economic Trinity,"" where He acts like the head of a household, sending Jesus into the world and raising Him from the dead. All three Persons of the Trinity are equal and eternal, but they relate to us in different ways, with the Father taking a leadership role."
When / How do we receive the Holy Spirit?,"We receive the Holy Spirit at the moment we accept Jesus as our Savior. When we believe in Christ, the Holy Spirit comes to live within us, marking us as belonging to God and sealing our salvation. This is a one-time event that happens when we first believe, while being filled with the Spirit is something that continues throughout our Christian journey. So, when you welcome Jesus into your life, you also welcome the Holy Spirit."
What is the baptism of the Holy Spirit?,"The baptism of the Holy Spirit is when God’s Spirit unites us with Christ and other believers at the moment of our salvation. It's not a special experience meant for just a few; it's something all believers go through when they come to faith. This baptism helps us live a new life in Christ, joining us to His body and empowering us to use our spiritual gifts to build up the church. It reminds us of our shared unity in faith and our freedom from sin, encouraging us to walk in the new life Jesus offers."
What is the blasphemy against the Holy Spirit?,"Blasphemy against the Holy Spirit, as described in the Bible, involved the Pharisees accusing Jesus of being demon-possessed rather than Spirit-filled, despite witnessing His miracles and knowing the truth. This sin was unique to their time, as they had direct evidence of Jesus' divine nature and still chose defiance. Today, this specific blasphemy can't be repeated, but the unpardonable sin is persistent unbelief and rejection of the Holy Spirit's conviction. Embracing Jesus' love and grace is the path to forgiveness and eternal life."
How can I be filled with the Holy Spirit?,"To be filled with the Holy Spirit, it's about living wisely and being open to His guidance in your daily life. Paul in Ephesians reminds us to make thoughtful choices and align ourselves with God's will, allowing the Spirit to guide and govern our actions. Unlike being under the influence of alcohol, which leads to reckless living, being filled with the Spirit leads to a life marked by love, joy, peace, and gratitude. It's about daily surrender to God, letting the Spirit fill and control every part of our lives, bringing us closer to God and to each other as a community."
What is the fruit of the Holy Spirit?,"The fruit of the Holy Spirit, as described in Galatians 5:22-23, includes qualities like love, joy, peace, patience, kindness, goodness, faithfulness, gentleness, and self-control. These are the characteristics that grow in us when the Holy Spirit is active in our lives, shaping us to be more like Jesus. It's a journey of transformation, where we gradually allow the Holy Spirit to replace our old, sinful ways with these beautiful traits. Though it's a lifelong process and we may not always get it right, through the Spirit's strength, we can continually strive to reflect these fruits in our lives."
What does it mean to grieve the Holy Spirit (Ephesians 4:30)?,"To grieve the Holy Spirit, as mentioned in Ephesians 4:30, means to cause Him sorrow by acting in ways that go against His nature and the holiness He calls us to. This happens when we speak harshly, harbor bitterness, or fail to live in love and unity with others in the body of Christ. As believers, we're encouraged to live in a way that reflects Jesus' love, showing kindness, patience, and forgiveness. When we stray from this path, we not only hurt our relationship with God but also disrupt the unity and peace among fellow believers."
What is the role of the Holy Spirit in our lives today?,"The Holy Spirit plays a vital role in our lives today. He's like a caring guide, helping us understand God's truth and drawing us closer to Jesus by reminding us of His teachings and sacrifice. The Spirit also provides comfort and encouragement, ensuring we feel God's presence within us. As a gift-giver, He equips us with spiritual gifts to serve others and shine God's love in the world. Additionally, the Spirit produces qualities like love, joy, and peace in our lives, making us more Christ-like. Knowing the Spirit is always with us is a wonderful source of joy and comfort."
Is being slain in the Spirit biblical?,"Being ""slain in the Spirit"" is when someone falls to the ground, supposedly overcome by the Holy Spirit, often after a minister touches them. While some Bible passages describe people falling in awe during visions or extraordinary events, these incidents are rare and quite different from the modern practice of being ""slain in the Spirit."" In the Bible, people typically fell forward in reverence, not backward in response to a touch. There's no direct biblical support for this practice, and it doesn't seem to produce the spiritual fruits that truly glorify Christ, like love, joy, and peace. Instead, being filled with the Spirit should be evident in our daily lives through praise, gratitude, and obedience."
Will the Holy Spirit ever leave a believer?,"The Holy Spirit will never leave a true believer. This promise is supported by several Bible passages, such as John 14:16, where Jesus assures us that the Holy Spirit will be with us forever. Once we believe in Christ, we are ""sealed"" with the Holy Spirit, which guarantees our eternal relationship with God, much like a down payment. However, while the Holy Spirit remains with us, our sins can hinder our relationship and effectiveness. It's important to confess and seek forgiveness to maintain the joy and benefits of His presence."
What is the difference between a talent and a spiritual gift?,"Talents and spiritual gifts both come from God and are meant to be used for helping others, but they differ in some key ways. Talents are natural abilities that anyone can have, whether they believe in God or not, and they come from a mix of genetics and environment. Spiritual gifts, on the other hand, are given by the Holy Spirit specifically to Christians when they put their faith in Jesus. These gifts are meant to build up the church and help spread the message of Christ. While talents can be used for various purposes, spiritual gifts are primarily focused on serving God and others in a spiritual context."
Is speaking in tongues evidence for having the Holy Spirit?,"Speaking in tongues isn't the only evidence of having the Holy Spirit. In the book of Acts, it happens in a few special situations, like when the apostles first received the Holy Spirit and when Gentiles were accepted into the church. The New Testament teaches that every believer has the Holy Spirit, but not everyone will speak in tongues. It's a miraculous gift with a specific purpose, not something all Christians are expected to experience."
What does it mean to walk in the Spirit?,"Walking in the Spirit means living each day under the influence and guidance of the Holy Spirit. It's about letting the Spirit lead us away from sinful desires and towards a life full of love, joy, peace, and all other godly qualities. When we walk in the Spirit, we’re not bound by our old sinful nature, but are instead guided by God's will, experiencing His peace and strength in our daily lives. It’s like a journey where we grow more like Jesus every day by letting His Spirit direct our thoughts, actions, and words."
Is cessationism biblical? What is a cessationist?,"Cessationism is the belief that miraculous gifts like speaking in tongues and healing stopped with the apostles. While God still performs miracles today, cessationists believe these specific gifts were meant to confirm new revelations at the time of the early Church. As scripture shows, miracles were often used to validate a new message, such as through Moses or Jesus. After the apostles' era, these gifts became less mentioned and seen, suggesting they were no longer needed for their original purpose. However, God's work continues through other spiritual gifts, and we are encouraged to focus on love and sharing God's Word."
What is the Charismatic movement?,"The Charismatic movement is a Christian renewal movement that began in the early 1900s, known for emphasizing the spiritual gifts, like speaking in tongues and healing, as signs of the Holy Spirit's presence. It has spread across various denominations and is characterized by lively worship and a focus on personal experiences of the Holy Spirit. While these expressions can be genuine works of God, it is important to stay grounded in Scripture and ensure that our faith is built on God's Word rather than solely on supernatural experiences."
What is glossolalia?,"Glossolalia, often called ""speaking in tongues,"" involves making sounds that resemble language, usually in a heightened emotional state. It's often confused with the biblical ""gift of tongues,"" but unlike the latter, glossolalia doesn't involve speaking a real, unlearned language. Some Christians, particularly in Pentecostal circles, see it as a sign of the Holy Spirit's presence, like in Acts 2. However, opinions vary widely, with some viewing it as a natural or learned behavior rather than a spiritual gift."
What are the names and titles of the Holy Spirit?,"The Holy Spirit, an essential part of the Trinity, goes by many names that reveal His roles and functions. Some of these include the Comforter, who consoles and guides us; the Convicter of Sin, who helps us recognize our need for God; and the Guide, who leads us into truth. The Spirit also resides in believers, intercedes for us, and acts as a Witness to our relationship with God. Each name highlights a unique aspect of the Spirit's work in our lives, assuring us of God's presence and our salvation."
What is the seal of the Holy Spirit?,"The seal of the Holy Spirit is like God's stamp of ownership on us, confirming that we belong to Him. It's a promise and a down payment on our heavenly inheritance, assuring us of our salvation and future with God. Through the Holy Spirit, we experience transformation in our hearts, seeing evidence of His work in our lives through things like love, joy, and a desire to follow God's ways. This seal is a comfort, reminding us that we are God's children forever and that nothing can separate us from His love."
How is the Holy Spirit like a fire?,"The Holy Spirit is like fire in that He brings God's presence, passion, and purity into our lives. Just as fire symbolized God’s presence in the Old Testament, the Holy Spirit dwells within us, guiding and comforting us. He ignites a passion in our hearts, much like the disciples felt after meeting the risen Christ. Like a refining fire, the Holy Spirit purifies us, helping us grow closer to God."
"Is the Holy Spirit a “He,” “She,” or “It,” male, female, or neuter?","The Holy Spirit is not an ""it"" but a person with characteristics and actions that show His personhood, like guiding, interceding, and having a will. While God, including the Holy Spirit, is spirit and doesn't possess a physical gender, the Bible consistently uses masculine terms to describe God, reflecting His relationship with creation. The Holy Spirit is best understood as being referred to in the masculine, not because of gender, but due to the language and imagery used in biblical revelation. So, while the Holy Spirit is beyond male or female, He is respectfully addressed with masculine pronouns."
What was the role of the Holy Spirit in the Old Testament?,"In the Old Testament, the Holy Spirit had several roles that are similar to His work today. He was involved in bringing new spiritual life, known as regeneration, and would empower certain individuals for special tasks, though this indwelling was temporary and selective. The Spirit also helped restrain sin and gifted people with abilities for service, like Bezalel in creating the Tabernacle. Unlike now, where the Spirit permanently indwells believers, in the Old Testament, His presence would come and go based on God's purpose."
Is there a biblical spiritual gifts list?,"The Bible lists spiritual gifts in three main passages: Romans 12:6-8, 1 Corinthians 12:4-11, and 1 Corinthians 12:28. These passages describe various gifts like prophecy, serving, teaching, encouragement, giving, leadership, and mercy, among others. The gifts are special abilities given by the Holy Spirit to believers to help each other and build up the church. Some, such as speaking in tongues and healing, were more common in the early church to show the power of God. Each gift has a unique purpose and helps us serve others with love and grace."
Is there any value to a spiritual gifts test/inventory/assessment?,"Spiritual gifts tests can be interesting, but they're not the ultimate way to discover your gifts. The Bible teaches that the Holy Spirit gives us gifts according to His will, and He guides us to understand them through prayer, fellowship, and studying God's Word. Sometimes, our own assessments might not truly reflect our gifts because they rely on our self-perception, which can be biased. Instead, focus on seeking God's guidance, and as you serve and grow in faith, your gifts will become clear, allowing you to glorify God and serve others effectively."
Should we worship the Holy Spirit?,"Yes, we should worship the Holy Spirit because He is God. The Holy Spirit is not just a force but a Person, possessing the attributes of deity, and is intimately connected with the Father and the Son. While our worship often focuses on Jesus, the Holy Spirit helps us to worship by directing our hearts to Christ and empowering us to obey Him. When we worship God, we're naturally worshiping all three Persons of the Trinity, including the Holy Spirit."
What is the spiritual gift of discerning spirits?,"The spiritual gift of discerning spirits is a special ability given by the Holy Spirit to some believers to distinguish between truth and falsehood in spiritual matters. While all believers can grow in discernment by immersing themselves in God's Word, those with this gift can identify deceptive teachings and doctrines that oppose biblical truth. It's not about receiving special messages from God but being so familiar with Scripture that one can ""test the spirits"" effectively. This gift, like all spiritual gifts, is meant to build up the church in love and should be used humbly and selflessly."
What is the spiritual gift of interpreting tongues?,"The spiritual gift of interpreting tongues is the ability to understand and translate a language spoken by someone with the gift of tongues, even if the interpreter doesn't know the language naturally. This gift is important because it ensures that everyone in the church can understand and benefit from the message being shared. In essence, while the gift of tongues is speaking a language miraculously, the interpreter's role is to make sure the church comprehends and grows from the message. The Apostle Paul emphasized that without interpretation, speaking in tongues isn't helpful to others, so having an interpreter is crucial for church edification."
What is the gift of encouragement?,"The gift of encouragement, also known as exhortation, is about bringing someone alongside you to offer support, comfort, and motivation to grow in their faith. It's like saying, ""I'm here to help you follow God's path,"" while gently guiding with understanding and positivity. This gift is beautifully demonstrated by Barnabas in the Bible, who consistently supported and encouraged others, showing grace and second chances. Those with this gift uplift the body of Christ by helping others move from doubt to hope and from ideas to action."
What is the spiritual gift of faith?,"The spiritual gift of faith is a special ability given by the Holy Spirit to certain believers, allowing them to have extraordinary trust and confidence in God’s promises and power. While all Christians have saving faith, those with this gift inspire others by their unwavering belief and fearlessness in advancing God’s work. They remind us of biblical figures like Noah and Abraham, whose incredible faith enabled them to achieve the seemingly impossible. These individuals often serve as a source of encouragement and strength within the church, helping to build up the body of Christ."
What is the spiritual gift of helps?,"The spiritual gift of helps is a special ability given by the Holy Spirit that enables someone to assist and support others in the church with compassion and grace. This gift can involve practical tasks, like aiding with daily chores or church administration, as well as offering spiritual support to those struggling with doubts or fears. People with this gift possess a unique compassion and can provide comfort and wisdom, much like ""apples of gold in settings of silver."" They are God's way of ensuring no one in the body of Christ has to bear their burdens alone."
What is the spiritual gift of leadership?,"The spiritual gift of leadership is a God-given ability to guide and nurture the church community with care and diligence. Leaders with this gift understand that their role is a service to others, following the example of Jesus. They help others grow spiritually, discern true needs, and lead the church towards unity and maturity in faith. This gift is meant to glorify God and ensure the church thrives across generations, not to exalt the leader themselves."
What is the spiritual gift of mercy?,"The spiritual gift of mercy is about showing deep compassion and love through our actions. It's more than just feeling sorry for someone; it's about actively helping those in need and relieving their suffering. Jesus perfectly demonstrated this when He healed the blind men, illustrating that mercy moves us to act. As followers of Christ, we are called to be merciful, just as we receive mercy from Him. This gift involves serving others with a joyful heart, recognizing that our salvation is rooted in Christ's mercy, not our own efforts."
What is the spiritual gift of prophecy?,"The spiritual gift of prophecy isn't mainly about predicting the future; rather, it's about speaking God's truth to guide and encourage others. In the Bible's early days, prophets revealed new insights from God. Today, since the Bible is complete, prophecy is more like teaching or preaching the truths already contained in Scripture. We need to be cautious of anyone claiming to have a “new” message from God, as everything we need for faith and practice is already given in the Bible."
What is the spiritual gift of teaching?,"The spiritual gift of teaching is a special ability given by the Holy Spirit to help people understand and apply the truths of the Bible. It's not just about having a knack for explaining things; it's a supernatural gift meant to build up the church by clearly communicating God’s Word. People with this gift can teach in various settings, like Sunday school or Bible studies, and they help others grow in their faith. If you think you might have this gift, try teaching with the guidance of a seasoned teacher and see if it resonates with you and those you teach."
What are the spiritual gifts of the word of wisdom and the word of knowledge?,"The spiritual gifts of the word of wisdom and the word of knowledge are mentioned in 1 Corinthians 12:8 and are meant to build up the church for the common good. The word of wisdom is a speaking gift that allows someone to understand and apply biblical truths skillfully in life situations. The word of knowledge is also a speaking gift, involving deep insight into God's mysteries, revealed by the Holy Spirit. These gifts are not meant to provide new revelations or prophecies that override Scripture but rather to help apply God's Word with discernment and understanding."
How can I recognize the guidance of the Holy Spirit?,"Recognizing the guidance of the Holy Spirit often comes through familiarity with God's Word. The Spirit uses the Bible to speak to us and guide our actions, so it's crucial to know Scripture and test our thoughts against it. The Holy Spirit will never lead us contrary to the Bible. Prayer is also vital, as it keeps us open to the Spirit's leading and allows Him to intercede for us. Additionally, look for the Spirit's fruit in your life—love, joy, peace, and more—as these are signs you're following His guidance. Remember, it's important to be willing to follow the Spirit and turn away from sin, as sin can hinder our ability to hear Him."
Why is the dove often used as a symbol for the Holy Spirit?,"The dove is used as a symbol for the Holy Spirit because it represents purity, innocence, and peace. At Jesus' baptism, the Holy Spirit appeared as a dove, highlighting the holiness and peace Jesus brings to us. This imagery also connects to the story of Noah's ark, where a dove brought back an olive branch, symbolizing peace between God and humanity after the flood. In both cases, the dove represents God's Spirit and the peace found through a relationship with Him."
What does it mean that the Holy Spirit is our Paraclete?,"The Holy Spirit as our Paraclete means He is God with us, guiding, comforting, and supporting us as believers. Jesus promised this Helper would come to dwell in us forever, continuing His presence in our lives even after He returned to heaven. The Spirit teaches us, reminds us of Jesus' words, and helps us navigate life's challenges with peace, love, and joy. He empowers us to live according to God's will, producing good fruits in our lives. What a beautiful gift to have the Holy Spirit as our constant Companion and Counselor!"
Is the Holy Spirit a person?,"The Holy Spirit is indeed a person, not just a force or an idea. The Bible often uses ""He"" to refer to the Holy Spirit, highlighting His personhood. He is involved in creation, guides, comforts, convicts, and teaches us—actions that require personality. The Holy Spirit possesses attributes like life, will, omniscience, and omnipresence, affirming His divine nature. As the third Person of the Godhead, the Holy Spirit is equal to God and works in unity with the Father and the Son."
What is the indwelling of the Holy Spirit?,"The indwelling of the Holy Spirit is when God lives within us when we accept Jesus as our Savior. Unlike in the Old Testament, where the Spirit came and went, now the Holy Spirit stays with us, transforming and guiding us. He brings us new life, assures us we belong to God, and helps us grow by understanding the Bible, praying, and serving others. Our bodies become a temple for God's Spirit, and through Him, we're empowered to live a life that honors Christ."
What is the difference between the manifest presence of the Holy Spirit and God’s omnipresence?,"God's omnipresence means He is everywhere at all times, even if we don't perceive it. In contrast, the manifest presence of the Holy Spirit refers to those special moments when God actively reveals Himself to us, making His presence clear and undeniable. While God is always with us, manifest experiences can be like feeling a sudden peace, a divine connection through scripture or prayer, or a moment of clarity. As Christians, we trust in God's constant presence and also seek those beautiful, comforting moments when His Spirit is evident in our lives."
What is the power of the Holy Spirit?,"The power of the Holy Spirit is the power of God at work in the world. Throughout history, the Holy Spirit has empowered people to accomplish God's will, like when He helped Old Testament figures and the disciples at Pentecost when they spoke in different tongues. Jesus promised that the Holy Spirit would be our guide, comfort, and strength to share the gospel. Today, when we believe in Christ, the Spirit lives in us, helping us to learn, grow, and spread His love. It's a remarkable gift that guides, teaches, and empowers us every day."
What does the Holy Spirit do?,"The Holy Spirit plays a vital role in the life of believers and in the world. For believers, He is a Helper, guiding, comforting, and guaranteeing our salvation. He aids in prayer, regenerates us, and fills us with joy and peace. The Spirit also sanctifies us, helping us grow in righteousness and bear His fruit. Additionally, He gives spiritual gifts and wisdom to understand God's will. Among unbelievers, the Holy Spirit convicts the world of sin and points people to Christ. His work restrains evil and reveals God's truth to us, offering wisdom beyond human understanding."
What is Pneumatology?,"Pneumatology is the study of the Holy Spirit, who is the third part of the Trinity and a real, personal part of God, not just a force or power. The Holy Spirit is received at the moment of salvation and becomes a permanent presence in our lives as believers. The Spirit comforts us, helps us in our weakness, and assures us of God's love. By studying Pneumatology, we come to understand the vital role the Holy Spirit plays in our spiritual journey, guiding us and staying with us forever."
What is the outpouring of the Holy Spirit?,"The outpouring of the Holy Spirit refers to the moment at Pentecost when God sent the Holy Spirit to dwell within all believers, marking a new era of the church. This event fulfilled Old Testament prophecies and Jesus' promise to His disciples, signifying that the Spirit would be with them permanently. It was a powerful display of God's presence that unified believers across different cultures—Jews, Samaritans, and Gentiles—showing that the church is one body in Christ. While we don't expect another Pentecost event, every believer receives the Holy Spirit at salvation, and He remains with us, helping us live according to God's will."
What is the meaning of the Hebrew wordruach?,"The Hebrew word *ruach* means ""wind,"" ""breath,"" or ""spirit."" It's often used to describe the Holy Spirit, as seen in Genesis 1:2 where God's Spirit hovers over the waters. *Ruach* can refer to God's life-giving breath, the human spirit, or simply wind or breath. This word highlights how God's Spirit is the source of life for all creation, empowering and sustaining everything, as seen in verses like Job 33:4 and Isaiah 11:2, where it speaks of the Spirit of God resting on the Messiah."
Spiritual gifts survey - what are the different spiritual gifts the Bible mentions?,"The Bible talks about spiritual gifts as special abilities given by the Holy Spirit to believers, not because of our worthiness, but as an expression of God's grace. These gifts are meant to build up the church and glorify God. Some of the gifts mentioned in the Bible include prophecy, ministry, wisdom, knowledge, faith, healing, teaching, exhortation, giving, leadership, mercy, and speaking or interpreting languages. Each gift, unique and diverse, fits together like parts of a body to create a harmonious and functional whole, serving the church and spreading God’s love."
What does the Bible say about how much power Christians possess?,"The Bible tells us that any power Christians have comes from God through the Holy Spirit. It's not about individual strength; rather, it’s about the divine power God grants us to live godly lives, serve the gospel, and endure challenges. This power is incredible because it's the same might that raised Jesus from the dead, and it's at work within us to achieve more than we can imagine. Remember, God's power is perfected in our weaknesses, and through prayer, this power can work mightily in our daily lives."
Did Jesus speak in tongues?,"There's no evidence in the Bible that Jesus spoke in tongues, which is often understood as speaking a language you don't know to edify others who do. Although some people today assume He must have, the Scriptures don't mention it. We do know Jesus spoke Aramaic, and likely Hebrew and Greek as well. When the Holy Spirit descended on Him at His baptism, the Father spoke clearly from heaven, but Jesus did not speak in tongues at that moment or any other recorded instance."
Will the Holy Spirit be present during the tribulation?,"The Holy Spirit will indeed be present during the tribulation. While He will no longer actively hold back evil like He does now—leading to a time of great wickedness—His presence remains essential. The Spirit's omnipresence ensures He is everywhere, and His work continues in saving souls and empowering witnesses, as many will come to faith during this period. Additionally, the Spirit plays a crucial role in the refining and restoration of Israel during this time."
Is the Holy Spirit God?,"Yes, the Holy Spirit is indeed God, just like the Father and the Son. The Bible consistently portrays the Holy Spirit as a distinct person who has been with God from the beginning, actively involved in creation, guiding prophets, and dwelling within believers. In Acts 5, Peter makes it clear that lying to the Holy Spirit is lying to God, highlighting His divine nature. The Holy Spirit is not just a force; He has emotions, a will, and interacts with us personally. So, the Holy Spirit is fully God, an essential part of the Trinity."
Who is the Spirit of truth in John 14:17?,"In John 14:17, the ""Spirit of truth"" is the Holy Spirit, whom Jesus promises to send to His disciples after His departure. This Spirit would be their new Helper, continuing Jesus' work and guiding them in truth. While the world, caught up in lies, can't receive Him, believers are blessed to have the Spirit with, in, and upon them, providing guidance and helping them discern truth from falsehood."
What does it mean that the Holy Spirit is the third person of the Trinity?,"The Holy Spirit is called the third Person of the Trinity, not because He's less important, but because of how God has revealed Himself over time. All three—Father, Son, and Holy Spirit—are fully God and exist in perfect unity. In the Bible, we see the Holy Spirit introduced as God’s presence and power, and later, Jesus explains that the Spirit is a distinct Person who will come after Him. Each Person of the Trinity has a unique role but is co-equal and co-eternal, working together as one God."
What is the difference between the Holy Spirit and Holy Ghost?,"The terms ""Holy Spirit"" and ""Holy Ghost"" actually refer to the same divine being, the Third Person of the Trinity, who is equal with the Father and the Son. In older Bible translations like the King James Version, ""Holy Ghost"" was commonly used, while modern translations prefer ""Holy Spirit"" due to changes in language over time. Both terms highlight the role of the Holy Spirit in our lives as God's presence, guiding and transforming believers. Regardless of which term you use, they both speak of the same powerful and loving presence of God in the world."
Who is the Comforter?,"The Comforter is the Holy Spirit, a term some Bible translations use to describe His role. When Jesus was about to leave His disciples, He promised to send the Holy Spirit to be with them, guiding, comforting, and helping them. The Holy Spirit is like a supportive friend who encourages and strengthens us in our faith, helping us experience God's peace even during tough times. He is always with us, offering comfort and guidance as we navigate life."
What is the eternal procession of the Holy Spirit?,"The concept of the eternal procession of the Holy Spirit helps explain the relationship within the Trinity. According to the Nicene Creed, the Holy Spirit proceeds from the Father, similar to how the Son is begotten of the Father—both are eternal and co-equal with Him. This idea affirms the full deity of the Holy Spirit and the Son, ensuring they are not seen as inferior but rather share the same divine nature. While it's a complex topic, it's essentially about recognizing the unique roles each Person of the Trinity plays, both in eternity and in their interactions with us."
Can you lose the Holy Spirit?,"No, you can't lose the Holy Spirit. When you accept Christ, the Holy Spirit comes to live within you, and this is a permanent relationship. In the Old Testament, the Spirit's presence was temporary and for specific tasks, but since Jesus' resurrection, the Spirit stays with believers permanently. While our sinful actions can grieve the Spirit and affect our fellowship with Him, they don't mean we lose Him. The Holy Spirit is like a seal on our hearts, marking us as God's own, and He promises to complete the good work He started in us. If someone appears to ""lose"" the Spirit, it might be that they never truly had Him to begin with."
What is the meaning ofperfectin 1 Corinthians 13:10?,"In 1 Corinthians 13:10, ""that which is perfect"" is believed to refer to the perfection that comes when believers are glorified in heaven. Right now, we only know and understand partially, much like seeing reflections in a mirror. But when we are with God, our knowledge will be complete, and there will be no need for gifts like prophecy and teaching. The gift of tongues, though, will have already ceased by then. Essentially, the ""perfect"" signifies entering into God's presence and leaving behind our limited earthly understanding."
Who is God the Holy Spirit?,"The Holy Spirit is the third Person of the Trinity, fully God and eternal, just like God the Father and God the Son. He has His own personality with a mind, emotions, and will, and He carries out distinct roles, such as guiding and comforting believers. The Holy Spirit was involved in creation, guides us today, and empowers believers by living within us. He also intercedes for us, helps us grow to be more like Christ, and unifies and strengthens the church. All these actions reveal His divine nature and love for us."
Where is the Holy Spirit?,"The Holy Spirit isn't limited to one location like a person might be; instead, He is everywhere and especially present within each believer in Jesus. In the Old Testament, the Spirit would come and go, empowering people for specific tasks. Today, He dwells permanently in the hearts of believers, helping them pray, providing comfort, and guiding their words and actions. Because He is always with us, it's important for Christians to be mindful of how they live, as the Holy Spirit is an active part of their daily lives."
Do you have to speak in tongues to be saved?,"No, speaking in tongues isn't a requirement for being saved. While the Bible shares stories of believers speaking in tongues as a sign of receiving the Holy Spirit, it doesn't teach that this is necessary for everyone. Salvation comes through faith in Jesus Christ and His work on the cross, not through any specific spiritual gift. The evidence of salvation is seen in a transformed life, marked by the fruits of the Spirit and a loving relationship with God and others."
How do you know if you have the Holy Spirit?,"If you've accepted Jesus as your Savior, then you have the Holy Spirit—you received Him at the moment of your salvation. It's a bit like being given a precious seal that marks you as a child of God. Now, while all believers have the Holy Spirit, being ""filled"" with the Spirit is an ongoing process where we allow the Spirit to guide and empower us in our daily lives. Some folks talk about a separate ""baptism of the Holy Spirit,"" but we believe the Spirit comes to all believers at salvation, and things like speaking in tongues aren't necessary signs of having Him. Remember, the presence of the Spirit is shown in the fruits of love, joy, peace, and more in your life."
What is the spiritual gift of administration?,"The spiritual gift of administration is a special ability given by the Holy Spirit to help organize and lead people effectively within the church. It's about using this gift to support and build up the church community, rather than for personal gain. Administrators often excel at managing projects, recruiting volunteers, and ensuring that church activities run smoothly. They play a crucial role in maintaining order and efficiency so that other spiritual gifts can flourish. It's important for administrators to remember that their role is to serve through the guidance of the Holy Spirit and not to operate the church like a business."
What are some of the symbols of the Holy Spirit in the Bible?,"In the Bible, the Holy Spirit is symbolized in various ways that highlight different aspects of His nature. The dove signifies gentleness and purity, descending upon Jesus at His baptism. The Spirit is also represented by a seal, marking believers as God's own. Oil symbolizes anointing and power, while fire indicates purification. Wind and breath reflect His power and life-giving presence, and water signifies cleansing and renewal. Rain, rivers, and dew express His refreshing and abundant nature. Wine reflects the joy He brings, and clothing signifies being empowered by God. Each symbol beautifully illustrates a unique facet of the Holy Spirit's work in our lives."
What was the role of the Holy Spirit in creation?,"The Holy Spirit played a vital role in creation, working in harmony with the Father and the Son. In Genesis, we see the Spirit of God hovering over the waters, actively shaping the world from chaos into order. The Spirit not only participated in creation but also continues to sustain and renew life, breathing life into all creatures and transforming desolation into abundance. This ongoing creative work reflects the Holy Spirit's power and wisdom in God's plan."
What does it mean to yield to the Spirit?,"Yielding to the Spirit means letting go of our own desires and allowing the Holy Spirit to guide and influence our lives. It's about following His lead, living in cooperation with His plan, and being open to His direction, just as the early believers did in Acts. This involves not grieving, quenching, or resisting the Spirit but instead being filled with His power and experiencing His fruits, like love, joy, and peace. When we yield to the Spirit, we allow Him to shape us to be more like Christ and bring about a life filled with righteousness and peace."
What is the purpose of spiritual gifts?,"Spiritual gifts are given by God through the Holy Spirit to help build up and unify the church, serving others in love and glorifying God. Each believer receives unique gifts meant to work together like parts of a body, ensuring the church grows and matures in faith. It's essential to use these gifts with love, as without it, they become meaningless, much like a noisy gong. Remember, nurturing and developing your gifts is crucial, and they should never be used for personal gain or display but always to honor God."
What was the Pneumatomachian heresy / Macedonianism?,"The Pneumatomachian heresy, also known as Macedonianism, was a belief from the fourth century that denied the full divinity of the Holy Spirit, treating Him as a created being rather than God. This idea was named after Macedonius, a former bishop of Constantinople. The heresy was addressed and refuted at the Council of Constantinople in AD 381, where church leaders affirmed the Holy Spirit's divinity and equal status with the Father and the Son, as expressed in the expanded Nicene Creed. Scripture supports the Holy Spirit's divinity, highlighting His role in empowering Jesus and forming part of the Trinity. True Christians today recognize the Holy Spirit as fully God, who gives spiritual gifts and dwells within believers."
Is there a spiritual gift of giving / generosity?,"Yes, there is a spiritual gift of giving or generosity. The Bible mentions it in Romans 12:8, where it's described as a gift for those who contribute to the needs of others generously. Many examples in Scripture, like the women supporting Jesus and Paul's ministry, show how this gift can support God's work. It's not limited to those who are wealthy; the widow's offering of two small coins is a profound example of generous giving. Importantly, this gift should serve the body of Christ and not seek personal recognition. It's different from regular offerings, as it's a Spirit-led gift that empowers believers to give beyond their usual means."
How can I have assurance of my salvation?,"Having assurance of your salvation means being confident that you are truly saved. It's not about relying on how you feel or the good deeds you've done, but trusting in the promises found in God's Word. The Bible tells us in 1 John 5:11-13 that if you believe in Jesus, you have eternal life—it's a promise you can count on. So, if you trust that Jesus died and rose again for your sins, you can rest assured that you are saved and that no one can take that gift away from you."
What is the substitutionary atonement?,"The substitutionary atonement is the idea that Jesus Christ died in our place, taking the punishment we deserved for our sins. We all fall short and are separated from God, and the penalty is death. But Jesus chose to bear our sins on the cross so that we might be forgiven and have eternal life with God. By believing in what Jesus did for us, we receive His gift of salvation and get to experience His love and grace forever."
How were people saved before Jesus died for our sins?,"Before Jesus died on the cross, people were saved through faith in God and His promises. Although the full revelation of Christ's sacrifice wasn't known, people like Adam, Abraham, and Moses believed that God would one day solve the problem of sin. The Old Testament sacrifices pointed to this future event, and God credited their faith as righteousness. Today, we have the complete picture: Jesus died and rose again for our sins, and our faith in Him is what saves us. Throughout history, the constant has been trusting in God, even as His plan became clearer over time."
Is eternal security a “license” to sin?,"Eternal security, the belief that once you're saved, you're always saved, doesn't give anyone a free pass to live sinfully. True faith in Christ transforms a person, leading them to live in a way that reflects their new life in Him. Salvation is a gift from God, sustained by His grace, not our works. A genuine believer won't want to live in sin because they've experienced the profound love and sacrifice of Jesus. If someone claims eternal security as an excuse to sin, it might mean they haven't truly embraced salvation."
What happens to those who have never heard about Jesus?,"Everyone is accountable to God, even if they haven't heard about Jesus, because God reveals Himself through nature and our hearts. The issue isn't ignorance but the rejection of the truth that is already evident. The Bible encourages us to seek God earnestly, and He promises to reveal Himself to those who do. Instead of questioning the fairness of this, Christians should focus on spreading the gospel so everyone has the chance to hear about Jesus. Salvation comes through accepting God's grace through Jesus, and we're called to share this good news with the world."
Why did God require animal sacrifices in the Old Testament?,"In the Old Testament, God required animal sacrifices as a temporary way to cover sins and point people towards the ultimate sacrifice of Jesus. These sacrifices involved animals that were spotless and innocent, representing a substitute for the person’s sin. The shedding of their blood illustrated the need for forgiveness, as ""without the shedding of blood there is no forgiveness"" (Hebrews 9:22). However, these sacrifices were only a temporary solution. Jesus, who was without sin, became the perfect sacrifice for all humanity, offering eternal forgiveness and ending the need for further animal sacrifices. Through Jesus, we find complete reconciliation with God."
"If our salvation is eternally secure, why does the Bible warn so strongly against apostasy?","While our salvation in Christ is secure once we truly accept Him, the Bible warns about apostasy because not everyone who claims to be a believer really is. Apostasy refers to those who may seem religious outwardly and even profess faith in Jesus, but they never actually had a genuine conversion. These warnings are there to remind us to examine our faith genuinely and to ensure we have truly committed our hearts to Christ, not just gone through the motions. True believers will show evidence of their faith through love, good works, and spiritual growth."
Do Christians have to keep asking for forgiveness for their sins?,"You don't need to keep asking for forgiveness for every sin to stay saved, as placing your faith in Jesus means all your sins—past, present, and future—are already forgiven. However, confessing our sins is about maintaining a close relationship with God, not about securing forgiveness anew. When we confess, we agree with God about our mistakes and clear any disruptions in our relationship, just like a child apologizing to a loving father to restore closeness. Remember, God is always ready to forgive, keeping us in His embrace."
Is baptism necessary for salvation?,"Baptism is a significant step of obedience for a Christian, symbolizing our identification with Christ's death and resurrection. However, it's not necessary for salvation. Salvation comes through faith in Jesus Christ alone, and adding any requirement like baptism suggests that Christ's sacrifice wasn't enough. While baptism publicly declares our faith, it doesn't save us. It's an outward expression of an inward change that has already occurred when we believe in Jesus as our Savior."
What is the Christian doctrine of salvation?,"Salvation, in Christian belief, is about being rescued from sin and its consequences, which is separation from God. It's like being delivered from spiritual danger or suffering. This is made possible by Jesus’ sacrifice on the cross, where He took on the penalty of our sins to bring us back to God. We receive this gift, which is purely by God's grace, through having faith in Jesus, truly trusting in Him, and turning away from sin. It's a profound gift that promises eternal life and hope."
What is justification?,"Justification is God's declaration that someone is righteous through their faith in Jesus Christ, not because of any good deeds they've done. It's like being in a court where, despite being guilty, you're declared innocent because Jesus took the penalty for you. This doesn’t change who you are on the inside—that’s what sanctification does—but it changes how God sees you: as righteous and forgiven. Through Jesus’ sacrifice, we're offered a fresh start, becoming friends with God and receiving His grace and peace."
Can a Christian lose salvation?,"A true Christian, someone who has genuinely trusted in Jesus, cannot lose their salvation. When you accept Christ, you become a new creation, are redeemed, justified, and promised eternal life. These are irreversible gifts from God, who keeps His promises and does not lie. If someone seems to stray from faith, it might suggest they were never truly born again. God's love and salvation are secure, and nothing can separate us from Him."
What is Christian reconciliation?,"Christian reconciliation is essentially about restoring a broken relationship between us and God through Jesus Christ. Just like two friends reconciled after a falling-out, we were estranged from God due to our sin, and Jesus' sacrifice on the cross initiated our healing. Despite our role in this separation, God, in His love and grace, reached out to us, offering forgiveness and a new life in Christ. Now, we're entrusted with sharing this message of reconciliation with others, inviting them to experience the joy and peace of a renewed relationship with God."
What is the meaning of Christian redemption?,"Christian redemption is about Jesus buying our freedom from the slavery of sin by His death on the cross. We were all guilty and in need of rescue, but through Jesus, we are now forgiven, justified, and adopted into God's family. This means we receive eternal life, peace with God, and the indwelling of the Holy Spirit. Because of this incredible gift, we can live as free and redeemed people, singing praises to the One who set us free."
What is repentance and is it necessary for salvation?,"Repentance is about having a change of mind and heart, especially regarding your sin and who Jesus is. It's not just feeling sorry for sin but deciding to turn away from it and towards God. For salvation, it's essential to recognize and turn from wrong beliefs about Jesus and embrace Him as Savior. However, it's God's grace that enables us to repent. When we truly repent, it naturally leads to a change in our actions, as seen in the story of Zacchaeus who, after meeting Jesus, changed from cheating to making amends. Repentance and faith together are crucial in a believer's journey."
Is a backsliding Christian still saved?,"A backsliding Christian is still saved because our salvation is secured by Christ's perfect sacrifice. While Christians do sin, our lives should show growth and transformation as we grow closer to Jesus. If someone consistently lives in sin or denies Christ altogether, it might indicate they never truly knew Him. True believers may stumble, but they belong to Christ and will eventually return to Him. Remember, God remains faithful, even when we are not."
Does 1 Peter 3:21 teach that baptism is necessary for salvation?,"1 Peter 3:21 can be a bit confusing, but it doesn't mean baptism is necessary for salvation. The Bible teaches that salvation comes through faith in Jesus Christ, not through works like baptism. When Peter talks about baptism, he’s referring to what it symbolizes—a sincere appeal to God for a clean conscience through Jesus' resurrection. Baptism is an important outward sign of our faith, but it's our faith in Christ that truly saves us."
Does Acts 2:38 teach that baptism is necessary for salvation?,"Acts 2:38 might seem to suggest that baptism is necessary for salvation, but when we look closely, it's important to understand the context and language. The word ""for"" in ""be baptized...for the forgiveness of your sins"" can mean ""because of,"" suggesting that baptism is a response to having received forgiveness, not a requirement for it. The Bible consistently teaches that salvation is by grace through faith in Jesus, not by works or rituals like baptism. Baptism is an important act of obedience and public declaration of faith, but it's not what saves us—faith in Christ does."
Does John 3:5 teach that baptism is necessary for salvation?,"John 3:5 doesn't teach that baptism is necessary for salvation. When Jesus spoke to Nicodemus about being ""born of water and the Spirit,"" He was describing spiritual cleansing and renewal, not a literal baptism. The Bible consistently teaches that salvation is by grace through faith in Jesus, not through any specific act like baptism. While baptism is a significant symbol of our faith, it is not what saves us; rather, it is the work of the Holy Spirit in our hearts that brings us new life."
Does Mark 16:16 teach that baptism is necessary for salvation?,"Mark 16:16 doesn't teach that baptism is necessary for salvation. The verse emphasizes belief as the requirement for being saved, saying, ""He who believes and is baptized will be saved; but he who does not believe will be condemned."" It doesn't mention anything about those who believe but haven't been baptized, so it doesn't imply that baptism is essential. Throughout the Bible, salvation is shown to be through faith in Jesus alone, not by any act like baptism. Baptism is an important step of obedience and a public declaration of faith, but it's belief in Jesus that truly saves us."
What does the Bible say about a death bed conversion?,"The Bible shows us with the story of the criminal on the cross with Jesus that even a last-minute conversion is possible. Jesus promised him, ""Today you shall be with Me in Paradise,"" showing that it’s never too late to turn to Him. However, Scripture encourages us not to wait. Life is uncertain and brief, and God calls us to repent and believe in Jesus today, as tomorrow isn't guaranteed. So, while a deathbed conversion can happen, it's wise to seek a relationship with Jesus now."
Is it possible for a person’s name to be erased from the Book of Life?,"No, a believer's name cannot be erased from the Book of Life. The Bible assures us that true believers are protected by God and will not lose their salvation. When *Revelation 22:19* is discussed, it refers to those who might tamper with God's Word, likely not real believers but those who falsely claim to be. Moreover, many translations suggest the correct wording is ""tree of life"" rather than ""book of life,"" which further clarifies the meaning. Ultimately, Jesus promises believers that their names will remain in the Book of Life, emphasizing our security in Him."
What if I don’t feel saved?,"It's normal to sometimes not *feel* saved, but our feelings aren't a reliable guide. Salvation isn't about how we feel; it's about trusting in Jesus' death and resurrection for us. Our faith is based on God's promises, not on our emotions. When in doubt, focus on the truth of God's Word and His love for you, rather than on your changing feelings."
Will God continue to forgive you if you commit the same sin over and over again?,"It's comforting to know that God’s forgiveness is abundant and limitless. When we confess our sins, God promises to forgive us completely, just as Psalm 103:12 assures us that He removes our sins as far as the east is from the west. While we may stumble and struggle with repeated sins, God's grace is always available. If we sincerely seek His forgiveness, He will cleanse us time and again. However, this grace shouldn't be an excuse to continue sinning. Instead, it should inspire us to turn away from sin and grow in our faith. Remember, God's grace is a gift, and His love for us never fails, no matter how many times we fall."
Can a Christian “give back” salvation?,"No, a true Christian cannot ""give back"" their salvation. Salvation is a gift from God, achieved through Jesus Christ, and is not something we can choose to return. God's plan and power ensure this gift is secure, and He doesn't depend on us to maintain it. Once we're a new creation in Christ, our old ways are gone, and the idea of giving back such a gift contradicts God's nature and plan for us."
Does God forgive big sins?,"Yes, God does forgive big sins, just as He forgives small ones. When Jesus died on the cross, He paid the price for all sins, whether they're seen as big or small. If you truly believe in Jesus and accept Him, all of your sins are forgiven—past, present, and future. While there might be real-world consequences for those big sins, like legal or relational issues, in God's eyes, they are forgiven the moment you place your faith in Jesus."
What are the essentials of the gospel message?,"The gospel, which means ""good news,"" is all about God's plan of forgiveness and redemption through Jesus Christ. It hinges on three key elements: recognizing our sin and the need for forgiveness, understanding Jesus' sacrificial death and resurrection as payment for our sins, and accepting salvation as a free gift from God through faith alone. Jesus' victory over death assures us of everlasting life, and by trusting in Him, we are reconciled to God."
What does it mean that Jesus died for our sins?,"When we say Jesus died for our sins, it means He made a way for us to be right with God and to have eternal life. Because of sin, which started with Adam and Eve, everyone faces both physical and spiritual death. Jesus came to be the perfect sacrifice, taking upon Himself the penalty we deserve. By having faith in Jesus and His sacrifice, we receive the gift of forgiveness and eternal life with God. It’s not about our own efforts, but about believing in what Jesus has done for us."
Is there a difference between the book of life and the Lamb’s book of life?,"In the Bible, both the ""book of life"" and the ""Lamb's book of life"" refer to the same thing. They are records of all those who belong to God and have eternal life through Jesus, the Lamb. The book signifies those who have been redeemed by Jesus' sacrifice and will live forever with Him. Since these names were written from the creation of the world, it also highlights the concepts of eternal security and God's eternal plan for salvation."
What is the difference between mercy and grace?,"Mercy and grace are like two sides of the same coin. Mercy is when God shows kindness and doesn’t give us the punishment we deserve for our sins. Grace, on the other hand, is God’s loving gift to us, blessing us with good things we don’t deserve. Through Jesus, we see both: we’re spared from judgment (mercy) and given eternal life and forgiveness (grace). Our response should be gratitude and worship, knowing that God’s mercy and grace are always available to us."
How and to whom did Jesus pay our ransom?,"Jesus paid our ransom by giving His own life to free us from sin, death, and hell. In the past, sacrifices of animals were made to atone for sins, but Jesus offered Himself as the perfect sacrifice. His death fully satisfied God's requirements for holiness, allowing us to be forgiven and receive eternal life. Jesus' sacrifice was for all, and through accepting His gift, we can be reconciled with God."
"If you doubt your salvation, does that mean you are not truly saved?","It's common for believers to experience doubts about their salvation at times, but doubts don't necessarily mean you're not saved. Sin in our lives can cause these doubts, but remember, everyone struggles with sin. The key is in how we respond: do we run from it and seek forgiveness? Lack of good works or persistent guilt over past sins can also lead to doubt, but Jesus calls us to remember His grace and promises. Trust that if you've put your faith in Christ, you're saved, and let that assurance guide you in living out your faith. If doubts persist, use them as an opportunity for growth and to examine your faith more deeply."
What is sanctification? What is the definition of Christian sanctification?,"Sanctification is a journey of becoming more like Christ, a process that begins when we first believe. It's about being set apart for God's purposes. Initially, God sets us apart in a once-for-all way, making us holy in His eyes because of Jesus. As we live our lives, we grow in holiness by obeying God's Word, becoming spiritually mature and more like Jesus. Ultimately, when Christ returns, we will be completely sanctified, free from sin, and fully united with Him. This whole process of sanctification shows how God saves us from sin's penalty, power, and eventually, its presence."
Can a person be saved through general revelation?,"General revelation, like seeing God's power and majesty in creation, shows us that God exists, but it doesn’t tell us how to be saved. Salvation comes through faith in Jesus alone. While some may wonder what happens to those who have never heard the gospel, the Bible stresses our need to share Jesus with everyone because knowing about God isn’t enough; we need the good news of Jesus to truly find salvation. This is why spreading the gospel is so vital—it’s the only way for people to know and believe in Jesus for salvation."
Will there be a second chance for salvation after death?,"According to the Bible, there aren't any second chances for salvation after we die. Once we pass away, we face judgment as mentioned in Hebrews 9:27. While we're alive, we have numerous opportunities to accept Jesus, but after death, the decision becomes final. Salvation comes through faith in Christ alone, and those who reject it face eternal separation from God. As illustrated in the story of the rich man and Lazarus in Luke 16, repentance isn't guaranteed just because someone finds themselves in hell. God, in His wisdom and mercy, provides us ample chances to accept His love while we're here on earth. So, it's important to trust in Jesus now, as today is the day of salvation."
What are some of the signs of genuine saving faith?,"Genuine saving faith can be seen in how we live our lives and relate to God and others. It's not about being perfect, but about showing a consistent pattern of growth in grace. According to 1 John, some signs include enjoying fellowship with Christ and other believers, walking in the light, confessing sin, obeying God’s Word, loving God over the world, and showing love for fellow Christians. Even though Satan might try to make us doubt, Jesus assures us that no one can snatch us from His hand if we are truly His. Our faith should naturally produce good works, reflecting the reality of our salvation."
Is there any sin that God will not forgive?,"In Christ, there is no sin that God won't forgive. The promise of forgiveness is for those who accept Jesus, trusting that His sacrifice on the cross has paid for all our sins. If we confess our sins and come to God through Jesus, He is faithful to forgive us and cleanse us from all unrighteousness. However, for those who reject Jesus, there is no forgiveness, as God's grace is available only in Him."
What is the true gospel?,"The true gospel is the incredible news that God saves sinners through Jesus. We all start off as sinners, separated from God, with no way to fix it on our own. But God, in His great mercy, provided a way through Jesus' death and resurrection. By believing in Jesus, we are saved not by anything we do, but by God’s grace. This salvation changes us from the inside out, giving us new hearts and lives that reflect His love."
How young can you be and ask Jesus to be your Savior?,"There's no age limit on asking Jesus to be your Savior. Jesus welcomed children, showing that the kingdom of heaven is open to them (Matthew 19:14). When a child can understand they've done wrong, that Jesus died for their sins, and they need to trust Him for salvation, they're ready to accept Him. Faith doesn't require understanding everything—it's about a simple, childlike trust (Matthew 18:4). This readiness can vary; some young hearts grasp it early, while others take longer. God knows each heart and lovingly calls each one in His perfect timing (Luke 19:10)."
What is the Book of Life?,"The Book of Life is essentially God's list of those who will spend eternity with Him in heaven. It includes the names of those who have been saved and redeemed by Jesus. To have your name in this book, you simply need to repent of your sins and trust in Jesus as your Savior. Once your name is in the Book of Life, it’s there forever, giving you the assurance of eternal security in Christ. Don't worry about Revelation 3:5 suggesting you can lose salvation—it actually promises your name won't be erased if you're truly saved. Remember, God knows His children and keeps their names safe."
Can God save me?,"Absolutely, God can save you, and He's the only one who truly can. Because of His deep love for us, God sent Jesus to take our place and pay the price for our sins. By trusting in Jesus and His sacrifice, we can be forgiven and brought close to God. It doesn’t matter what your past looks like; God's grace is powerful enough to save anyone. Remember, His love and salvation are available to anyone who believes and accepts Jesus into their life."
What does it mean that God draws us to salvation?,"When we talk about God drawing us to salvation, it means that God takes the first step in bringing us to Him. Just like a fisherman pulling a net full of fish, God gently but firmly draws us towards Him. Without His help, we wouldn't naturally seek Him because our hearts are often hardened and our minds darkened by sin. Through His love and the work of the Holy Spirit, God opens our eyes to spiritual truths, stirs our hearts to desire a relationship with Him, and leads us to a new life in Christ. It's His grace that enables us to respond to His call."
What is easy believism?,"""Easy believism"" is a term used to criticize the idea that once someone believes in Jesus, there's no need for a life change. The Bible teaches that salvation is by grace through faith, a gift from God (Ephesians 2:8-9), but it also emphasizes that true faith leads to a transformed life, marked by good works (Ephesians 2:10). Repentance, a turning away from sin and toward Christ, is part of this faith journey. While salvation is ""easy"" because it's God's work, it naturally results in a change that reflects one's new life in Christ. True faith and repentance are inseparable, and the genuine transformation they bring should be evident in a believer's life."
Why is faith without works dead?,"Faith without works is considered dead because it indicates a heart that hasn't been transformed by God's love. True faith naturally leads to a changed life, filled with good actions and obedience to God. It's not that our good works earn us salvation; rather, they are the evidence of a genuine, living faith. Just as a healthy tree produces good fruit, a heart renewed by the Holy Spirit will naturally produce good works."
How can salvation be not of works when faith is required?,"Salvation isn’t about what we do; it’s all about what Jesus has already done. Our good deeds can’t earn us salvation because Jesus, through His death and resurrection, accomplished everything needed. Faith is simply the way we accept this gift—it’s like endorsing a check that someone else wrote for us. Even faith itself is a gift from God, not something we can boast about. By trusting in what Jesus did, we receive His grace, which we could never earn on our own."
Is it necessary to fully understand the Gospel to go to heaven?,"To go to heaven, it's not necessary to grasp every detail of the Gospel. What's essential is understanding the core message: Jesus died for our sins and rose again. The Gospel is simple enough for a child to understand, yet its depths can be explored for a lifetime. Salvation comes from believing in Jesus and trusting in His sacrifice and resurrection, not from fully comprehending every theological nuance."
What is glorification?,"Glorification is the beautiful promise that, in the end, God will remove all sin from our lives, transforming us to be like Jesus when He returns. Right now, even as we struggle with our imperfections, we are slowly being changed to reflect God's glory more and more, thanks to the Holy Spirit. When Jesus comes back, those who are saved will be made perfect, joining Him in eternal fellowship, unburdened by sin. It's a hope that encourages us to live purely as we anticipate the day we'll see Him completely as He is."
Why is being a good person not enough to get you into heaven?,"Being a good person isn't enough to enter heaven because, according to Christianity, no one is truly good except God. We all fall short of God's perfect standard due to sin. In the story of the rich young ruler, Jesus shows that it's not about doing good deeds or following rules perfectly, as we all fail at some point. Instead, salvation comes through faith in Jesus, who lived a sinless life and offers His righteousness to us. It's a gift we receive by trusting in Him, not by relying on our own goodness."
What does the Bible say about household salvation?,"The idea of household salvation suggests that when the head of a family believes in Jesus, the entire household is automatically saved. However, the Bible emphasizes that salvation is an individual decision, requiring personal faith in Jesus. For instance, in the stories of Cornelius and the Philippian jailer, their whole households came to faith because each person heard the gospel and believed for themselves. While one person's faith can have a powerful influence on their family, the Bible doesn't promise that the whole household will be saved simply because one member believes. We should continue to pray and hope for our family's salvation, knowing that God often uses one believer to draw others in the family to Him."
"If the penalty for our sins is eternity in hell, how did Jesus’ death pay our penalty if He did not spend eternity in hell?","Jesus didn't need to spend eternity in hell to pay for our sins because He is not just a man—He is the God-man. Being both fully God and fully man, Jesus was able to bear the infinite wrath of God for our sins in a way that a mere human couldn't. Sin against an infinite God requires an infinite payment, which Jesus, as God, provided once and for all. His divine nature allowed Him to satisfy God's justice perfectly, offering salvation to all who believe."
Why is justification by faith such an important doctrine?,"Justification by faith is crucial because it highlights God's grace and separates biblical Christianity from other belief systems that focus on earning salvation through works. In Christianity, we are made right with God not because of anything we do, but because of our faith in Jesus, who covers us with His righteousness. This means our salvation is secure and not dependent on our efforts, giving us assurance and freeing us from guilt. Embracing this truth helps us understand God's grace as a gift and keeps us focused on a genuine relationship with Christ, rather than trying to earn His favor."
What is lordship salvation?,"Lordship salvation is about truly accepting Jesus as both Savior and Lord, meaning that faith in Him goes hand-in-hand with a change in behavior and a commitment to His authority. It's not just about saying you believe or reciting a prayer; it's about living a life that reflects that belief through repentance and obedience. While we're saved by grace, genuine faith will naturally lead to a transformed life, showing evidence of following Christ. This teaching emphasizes that being a Christian involves more than just words—it's about a heart change and a life that seeks to glorify God."
Just how narrow is the narrow gate?,"The ""narrow gate"" refers to Jesus being the only way to eternal life. While it may seem restrictive, it's simply the truth that accepting Jesus is the path to salvation. Though not everyone will choose this path, many will still follow Jesus, as seen in Revelation's vision of a vast crowd worshiping before the throne. Entering through this gate requires sincere effort because of the challenges we face, such as pride and temptation. However, remember that salvation is a gift of grace, not something we earn through striving. The focus should be on choosing Jesus and encouraging others to do the same, rather than worrying about numbers."
How can you believe in salvation by faith alone when the only occurrence of “faith alone” in the Bible (James 2:24) says that salvation is not by faith alone?,"It's a great question about James 2:24, which seems to suggest that salvation isn't by faith alone. But James isn't contradicting the idea of salvation by faith alone. Instead, he's emphasizing that genuine faith naturally leads to good works. Imagine faith as a tree, and good works are its fruit. Without fruit, the tree isn't truly alive. While it’s true James uses “faith alone” in a different context, the New Testament consistently teaches that we are saved by grace through faith. So, while our faith saves us, it should naturally express itself through our actions."
How can I know if I am one of the elect?,"If you're wondering if you're one of the elect, the simple answer is to focus on your belief in Jesus. The Bible encourages us to believe in Jesus Christ for salvation, and if you truly trust in Him, that indicates you are one of the elect. The process of how election works can be complex, but what's important is that your faith in Jesus shows that God has drawn you to Him. If you recognize your need for Jesus and have accepted Him as your Savior, you can be confident in your salvation."
What is propitiation?,"Propitiation is a beautiful truth in Christianity where Jesus' sacrifice on the cross appeases God's righteous wrath against sin and reconciles us to Him. In essence, it's about God providing a way through Jesus for us to be forgiven and brought back into a loving relationship with Him. Unlike other beliefs where people try to appease God with offerings, the Bible tells us that God Himself made the way through Jesus. Through faith in Christ, we are saved from the wrath we deserve and embraced by God's grace and love."
Is public confession necessary for salvation (Romans 10:9-10)?,"Romans 10:9-10 isn't saying that you must make a public confession to be saved. Salvation comes through faith by God's grace, not by the words we say out loud. During the early church, openly declaring Jesus as Lord often meant facing serious persecution, so doing so was a sign of genuine faith already present in the heart. When someone confesses Christ, it shows they truly believe, not that they're fulfilling a requirement for salvation. Public confession is a reflection of the faith that God has already placed in a believer’s heart."
What is regeneration according to the Bible?,"In the Bible, regeneration is like being ""born again"" spiritually. It’s a transformation where we're made spiritually alive through Jesus, moving from a state of being dead in sin to having a new life of faith and holiness. This happens when we place our faith in Christ, allowing us to become part of God's family and experience His love and grace. It’s not something we can achieve through our own efforts or good deeds; it’s a gift from God, making us ready for eternal life with Him. Jesus emphasized to Nicodemus that this rebirth is essential to enter God's kingdom—only through faith in Christ's work on the cross can our hearts be truly renewed."
Does salvation affect more than just the afterlife?,"Salvation isn't just about what happens after we die; it transforms our lives right now. When we come to faith in Christ, we're given new life, freedom from sin, and a fresh perspective. The Bible encourages us to live out our faith daily through good works and a changed life. Jesus taught that our faith should impact every part of our lives, as seen in His letters to the churches in Revelation. While challenges may still come, they are opportunities to grow and rely on God more deeply. Salvation begins a journey of transformation that starts the moment we believe."
Why is salvation by works the predominantly held viewpoint?,"Many people believe in salvation by works because it feels intuitive and appeals to our desire to have control over our destiny. It aligns with our innate sense of justice, where we think our ""good works"" should outweigh the bad. However, biblical Christianity teaches that salvation is a gift from God, not something we can earn by our actions (Ephesians 2:8–9). The Bible tells us that our best efforts can't measure up to God's standard of holiness. Instead, true faith in Christ is what saves, and good works naturally follow as evidence of that genuine faith, not as a means to earn salvation."
"If a Christian commits suicide, is he/she still saved?","It's tragic when a Christian takes their own life, and there's a misconception that this means they're not saved. However, the Bible reassures us that nothing can separate a Christian from God's love, not even suicide. Our salvation is secured through faith in Christ, and Jesus' sacrifice covers all sins. Suicide is a grave sin, but it's ultimately God who knows each person's heart and makes the final judgment. If you or someone you know is struggling with thoughts of suicide, please seek help immediately. You're not alone, and there's hope in God's love."
What does it mean that good works are the result of salvation?,"Good works are not what save us, but they are a natural result of being saved. When we accept Christ, it's like turning on a light in a dark room—our hearts change, and so do our actions. The Holy Spirit works within us, guiding us to live in a way that reflects God's love and goodness. So, if we truly know Jesus, our lives will naturally produce good deeds, like fruit growing from a healthy vine."
What is the gospel of Jesus Christ?,"The gospel of Jesus Christ is the incredible good news that God loves us so much that He provided a way for our sins to be forgiven. Through Jesus' death and resurrection, we can be freed from the penalty of sin and have the promise of eternal life. It's a message of hope and salvation, reminding us that by believing in Jesus, we can receive this gift and spend eternity with God. Embrace this good news and choose life in Him."
"What did Jesus mean when He said, “I stand at the door and knock” (Revelation 3:20)?","When Jesus said, ""I stand at the door and knock,"" He was talking to the church in Laodicea, urging them to recognize their spiritual need and to welcome Him back into their lives. The church had become self-satisfied and spiritually indifferent, leaving Jesus outside. His invitation was both personal and communal, calling them to open their hearts for genuine fellowship. He promises that those who respond will enjoy close companionship with Him and be granted a special place in His kingdom. Today, this call remains relevant for all believers to welcome Jesus into their lives for true spiritual renewal."
What is the human condition according to the Bible?,"The Bible paints a picture of our human condition as naturally flawed and estranged from God. Originally, Adam and Eve enjoyed a perfect relationship with God, but after Adam's disobedience, we all inherited a state of sinfulness. This means we are naturally inclined to think, feel, and act in ways that go against God. Yet, the good news is that God's love is so great that He sent Jesus to offer us redemption and restore us to our intended state. Through Jesus, our spiritual blindness is healed, our guilt is forgiven, and our spiritual death is transformed into new life."
Did Old Testament believers have eternal security?,"Old Testament believers had eternal security just like New Testament believers do because God is consistent and unchanging in His offer of salvation. Salvation has always been a gift from God through faith, not based on our actions, so Old Testament saints, by faith, looked forward to the coming Messiah for their salvation. Although the Holy Spirit didn't permanently reside in them as He does now, their faith in God's promises assured them of eternal life. Like us, they trusted in God's faithfulness and knew nothing could separate them from His love."
What was the Old Testament way of salvation?,"In the Old Testament, people were saved by faith, not by following the Law. Just like today, salvation came through faith in God's promise of a Savior. Abraham and David, for example, were saved by believing in God's promises. The gospel message has always been about faith, looking forward to the coming Messiah in the Old Testament, just as we now look back on Jesus' life, death, and resurrection. Salvation has always been through faith in God's plan."
What does it mean to have peace with God?,"Having peace with God means that through Jesus, we are no longer at odds with Him because of our sin. Originally, our sin made us enemies of God, but Jesus’ life, death, and resurrection provide a way for us to be reconciled and seen as righteous in God's eyes. When we accept Jesus by faith, our sins are forgiven, and we become beloved children of God, free from guilt and fear of death. This peace allows us to live in close fellowship with God, assured of His love and the hope of eternal life."
Why did God make salvation such a narrow path?,"God's path to salvation seems narrow because it requires faith in Jesus, who is the only way. This path might be difficult, involving trials and sacrifices, but it's open to everyone who seeks it sincerely. While the world offers many easier, more appealing paths, these often lead away from God. Jesus made it clear that living for Him requires genuine commitment, and though not many choose it, God loves us enough to offer us this way to eternal life through Jesus."
What does it mean to know Jesus?,"Knowing Jesus means having a personal relationship with Him, much like being friends with someone you care about deeply. It's more than just knowing facts about Him; it's about spending time with Him and talking regularly. You can begin this relationship by believing in your heart that Jesus is Lord and that He rose from the dead for our sins. This faith brings us into God's family and grants us eternal life, a gift from God's grace. If you're ready to start this journey, you can express your faith through a simple prayer, asking Jesus to forgive your sins and help you live for Him."
How are predestination and election connected with foreknowledge?,"Predestination and election are deeply connected with God's foreknowledge, but it's not as simple as God just knowing the future and choosing based on that. While God's foreknowledge means He knows everything, including who will have faith, predestination is more about God's sovereign will and purpose, not our actions or choices. The Bible teaches that God's decision to predestine is based on His own will and pleasure, as seen in Ephesians 1. Even though Romans 8:29 mentions foreknowledge, it's not the sole basis for predestination. God's desire is for all to be saved, yet not everyone will choose to believe. The faith God foresees is actually faith He creates, according to His sovereign plan."
Is it possible for a person to be saved but not predestined?,"No, it's not possible to be saved without being predestined, according to Christian theology. This idea might seem unfair at first, but the Bible teaches that God's choice in predestination is a loving act. We are sinners and would not choose God on our own, so God must initiate the relationship. While we must choose to believe, our salvation is ultimately God working in us. This belief emphasizes that salvation is about God's grace and glory, not our own efforts."
Did Christ die for all sin except for the sin of unbelief?,"Christ's sacrifice on the cross was sufficient to cover the sins of the entire world, including unbelief. However, forgiveness is something we must personally accept through faith. While Jesus has paved the way back to God, it requires us to believe and trust in Him to receive forgiveness. Without faith, one remains in sin, but for those who believe in Christ, all sins are forgiven, and they are granted eternal life with God."
What is a profession of faith?,"A profession of faith is when someone publicly declares their commitment to follow Jesus as their Lord and Savior. While saying ""Jesus is Lord"" is important, it's not just about words—true faith involves a heart change and a life that reflects that commitment. Romans 10:9-10 highlights that belief in your heart and confession with your mouth are both crucial. However, salvation is ultimately a work of the Holy Spirit, not just our declaration. In the early church and even today, professing faith can be costly, inviting persecution. Baptism is an outward expression of this faith, symbolizing a new life in Christ, but it's the Spirit's transformative work in our hearts that truly matters."
What does it mean to trust in Jesus?,"Trusting in Jesus means believing He is who He says He is—our Savior who died for our sins and came back to life. It's about relying on Him for salvation and committing our lives to follow His teachings. When we trust Jesus, we lean on Him for strength and guidance, especially in tough times, and experience His peace that goes beyond our understanding. Even when we can't physically see Him, our faith grows by experiencing His presence and promises, learning to rest in Him like a child with a loving parent."
Will God forgive me?,"Feeling guilty and wondering if God can forgive you? The comforting truth is that no one is beyond God’s forgiveness. No matter what you've done, God's love and forgiveness are available to you through Jesus. Jesus paid the price for your sins, offering a path to forgiveness and new life. You can receive this forgiveness by putting your faith in Him and asking God in prayer to forgive you. Remember, God’s grace is bigger than any sin, and He longs to welcome you into His family."
Why do we need a Savior?,"We need a Savior because every one of us has sinned, and God's holiness means He cannot be in the presence of sin. Our own efforts can't make us perfect or holy enough to be with Him. Jesus, as our Savior, came to make us new, cleanse us from sin, and reconcile us to God. Through His sacrifice on the cross, Jesus offers us hope and a relationship with God, fulfilling God's loving plan for humanity."
Is it biblical to ask Jesus into your heart?,"The phrase ""asking Jesus into your heart"" isn't directly found in the Bible, though it’s a common way some people explain starting a relationship with Jesus. The Bible speaks more about believing in Jesus, repenting from sin, and receiving Him into our lives (John 3:16; Acts 16:31). While asking Jesus into your heart can symbolize inviting Him into your life, it's essential to understand the full message of the gospel: Jesus' death and resurrection for our sins and the need for repentance and faith. Salvation is about trusting in Jesus as your Savior and being made new by His Spirit, rather than just a simple invitation to ""come into your heart."""
What does it mean to believe in God?,"To truly believe in God means more than just acknowledging His existence. It involves trusting in Him, committing our lives to Him, and living in a way that reflects His teachings. It's about having faith in the God of the Bible, who is fully revealed in Jesus Christ. This faith changes how we live, moving us beyond just knowledge to a heartfelt relationship with God, as shown through following Jesus' example and teachings."
What does it mean to believe in Jesus?,"Believing in Jesus is more than just acknowledging His existence; it's about trusting Him as your Savior and understanding what the Bible says about Him. It means believing that Jesus is God in human form, who died to pay the penalty for our sins and rose again, offering us eternal life. True faith is like sitting in a chair—it's not just believing the chair can hold you, but actually trusting it to do so. If you feel drawn to this belief, trust in Jesus for your salvation, and let God lead you towards forgiveness and a new life."
What does it mean to be dead in trespasses and sins (Ephesians 2:1)?,"When Ephesians 2:1 talks about being ""dead in trespasses and sins,"" it means that before knowing Jesus, we were spiritually cut off from God. Just like how Adam and Eve's sin brought spiritual death into the world, our sins keep us separated from God's life and goodness. But through Jesus, who gives us both spiritual life on Earth and eternal life in heaven, we are made alive. It's like our spirits are brought to life with the breath of God, allowing us to truly live as God’s children and fulfill our purpose. We can't make ourselves spiritually alive; it's a gift we receive through faith in Jesus."
Does Jesus love me?,"Yes, Jesus absolutely loves you. The Bible tells us that no matter what we've done, Jesus loves us so much that He gave His life for us. He promises forgiveness and eternal life to everyone who believes in Him (John 3:16). Even when we feel unworthy or carry past regrets, Jesus knows and offers us love and forgiveness. Look at the cross to see how much He loves you—it’s a reminder that He died for you so you can have new life. If you're ready, you can simply pray to accept Jesus' love today."
What does it mean to have faith in Jesus?,"Having faith in Jesus means trusting Him completely as your Savior. It's believing in who He is—God in human form—and what He has done, dying and rising again to bring us eternal life. This faith is not about our own efforts but trusting Jesus alone for salvation. The Bible tells us that anyone who believes in Him is promised eternal life and becomes part of God's family. If you feel ready to place your faith in Jesus, you can simply talk to God, expressing your trust in Jesus and asking for His forgiveness and guidance."
Why did Jesus have to die?,"Jesus had to die because His sacrifice was the only way to deal with the problem of sin—a consequence of humanity's disobedience that separates us from God. God's justice requires a penalty for sin, which is death, and Jesus, being sinless, took that penalty on our behalf. His death was foretold by prophets and was God's loving plan to reconcile us to Himself. Through Jesus' sacrifice, we receive forgiveness and are offered the gift of eternal life."
What is expiation?,"Expiation is a beautiful part of what Jesus did for us on the cross. It means covering and cleansing our sins, removing their negative effects through God's grace. Because of Jesus' sacrifice, our sins are canceled eternally, freeing us from their penalty and power, even though we still face them in life. This act leads to our justification, sanctification, and ultimately glorification—all because Jesus took our place and made us right with God."
"If God hates human sacrifice, how could Jesus’ sacrifice be the payment for our sins?","God indeed hates human sacrifice, as seen in the practices of pagan nations, but Jesus’ sacrifice is different. Jesus, being both fully God and fully human, chose to lay down His life willingly, not as a mere human sacrifice, but as an infinite act of love and redemption. His sacrifice was the ultimate fulfillment of the need for atonement, covering the sins of all humanity once and for all. Jesus’ voluntary offering, followed by His resurrection, provided eternal life to those who believe, showing both His love and obedience to the Father."
Why does Christ’s righteousness need to be imputed to us?,"We need Christ's righteousness because, on our own, we simply can't meet God's standard of perfection. Jesus explained in His teachings that true righteousness goes beyond just following rules; it involves our hearts as well. Since none of us can be perfect, God, in His grace, credits us with Christ's righteousness when we have faith in Him. This means that, even though we still sin, God sees us as righteous because of Jesus. It's like being given a beautiful garment to wear to a banquet—we're covered by Christ's holiness. This is the amazing grace of God!"
What is faith in God?,"Faith in God is about trusting Him based on what we learn from the Bible. It's not just believing He exists, but also committing to live according to His teachings. True faith means accepting God as He truly is, not just picking the parts we like. It's about trusting God even when we have doubts, much like trusting medicine to work even if we're unsure. Everyone exercises faith in something, and the key is what or who we choose to trust."
What is the doctrine of substitution?,"The doctrine of substitution is about Jesus taking our place to reconcile us with God. In the Old Testament, this idea began with animal sacrifices, which symbolized innocent blood taking the punishment for sin. Jesus is the ultimate substitute—He lived a perfect life and willingly died for our sins, offering us His righteousness. To benefit from this incredible gift, we must personally accept Jesus's sacrifice through faith."
How do God’s mercy and justice work together in salvation?,"God's mercy and justice work together beautifully in salvation. On the cross, Jesus took the punishment for our sins, satisfying God's justice. This act allows God to offer mercy to anyone who believes in Jesus. So, through Christ's sacrifice, God’s justice and mercy are perfectly fulfilled, providing a path for us to experience His grace."
"What does it mean that God is not willing for any to perish, but that all should come to repentance?","In 2 Peter 3:9, when it says God is ""not willing that any should perish, but that all should come to repentance,"" it means God is patient and giving everyone a chance to turn to Him. This verse highlights God's desire for people to repent and His mercy in delaying judgment to allow more time for this. However, it doesn't mean that everyone will choose to repent or be saved, as God allows people to make their own choices. Rather, it shows His compassionate nature and His hope that people will come to Him."
Why did Jesus tell the rich young ruler he could be saved by obeying the commandments?,"When Jesus told the rich young ruler to keep the commandments, He wasn't saying that obeying them could save anyone. Instead, Jesus was highlighting the impossibility of perfect obedience as the standard for righteousness. The young man thought he had kept all the laws, but Jesus showed him that he loved his wealth more than God, revealing his true heart. This demonstrated that salvation isn't about our works but about needing a Savior, and Jesus used this moment to show that everyone, no matter their status, needs God's grace."
What is righteousness?,"Righteousness is about living in a way that reflects God's perfect character and standards, which means we should be morally right and just in how we treat others and live before God. On our own, we can't achieve this righteousness because God's standard is perfection. But here’s the incredible thing: Jesus offers us His righteousness. When He died on the cross, He took our sins and gave us His purity, so when God looks at us, He sees Jesus' righteousness. This is a gift from God through faith, allowing us to stand before Him accepted and loved."
What is the relationship between salvation and forgiveness?,"When we accept Jesus as our Savior, we receive both salvation and forgiveness. Salvation is God rescuing us from the eternal consequences and power of sin, while forgiveness is God erasing our sins, never to hold them against us again. They're closely connected—without forgiveness, there can't be salvation. Think of it like this: forgiveness is God wiping away our sin debt, and salvation is our release from the consequences of that debt. Both are incredible gifts from God, inviting us to live grateful, transformed lives."
What does it mean for salvation to be a gift from God?,"Salvation being a gift from God means it's a free, undeserved blessing that we can't earn through our actions. The New Testament writers used specific words to highlight this graciousness, showing that salvation is given out of God's love and grace, entirely free for us. Our only role is to accept this gift with faith, as it is not a result of our works but rather God's generous grace."
Why issola gratiaimportant?,"""Sola gratia,"" or ""grace alone,"" is crucial because it emphasizes that our salvation is entirely a gift from God, not something we can earn through our own efforts. This idea was a key part of the Protestant Reformation and it remains vital today because it reminds us that God's grace, not our goodness, is what saves us. When we truly grasp our need for God's mercy, we understand why John Newton called it ""Amazing Grace""—it's the wondrous truth that while we were lost in our sins, God reached out to save us. By resting in this grace, we find assurance in our salvation based on what Jesus has done, not on our imperfect actions."
Why issola fideimportant?,"""Sola fide,"" or ""faith alone,"" is crucial because it forms the heart of the Gospel message, emphasizing that we are justified by faith in Christ rather than by our own works. This idea, a cornerstone of the Protestant Reformation, helps differentiate biblical Christianity from teachings that rely on human effort for salvation. It's not just a theological detail—it's about understanding that our righteousness comes from God's grace, not our deeds. Trusting in faith alone unites us with Christ's righteousness, offering the true path to salvation, as emphasized by Martin Luther and many passages in the Bible, like in Galatians and Romans."
Why do some people not turn to God until later in life?,"People often don't turn to God until later in life because various life pursuits or distractions can keep them occupied. Some folks think they can wait for a quieter time, while others may feel self-sufficient or unwilling to acknowledge their need for God. In the Bible, God shows His grace by calling people at different stages in life, much like the workers in the vineyard parable (Matthew 20:1-16). Ultimately, it's the Holy Spirit that opens our hearts, and God's timing in inviting us to respond to Him is perfect. While it's essential to take His call seriously and not delay, we should also pray and trust that God will reach the hearts of those we care about in His time."
What is alienation?,"Alienation is feeling separated or distant from God, like being a stranger to Him because of our sins. We were created to be close to God, but our sinful nature keeps us apart. Jesus came to bridge that gap and reconcile us with God by paying the price for our sins. When we accept His sacrifice and have faith, we are no longer strangers but become beloved members of God's family."
Why issolo Christoimportant?,"Solo Christo, or ""Christ alone,"" is a key belief from the Protestant Reformation that emphasizes that Jesus is the only one who saves us. We don't earn our salvation through our deeds or by relying on anyone else, like Mary—it's all about Jesus's mercy and righteousness. He is our King, High Priest, Redeemer, and Mediator. The gospel is the good news of what Jesus has done for us, not what we must do for God. In everything, Christ should be at the center because our salvation is all about Him and His work."
What is the bad news / good news approach to sharing the gospel?,"The ""bad news/good news"" approach to sharing the gospel is about understanding the full picture of our spiritual state. The bad news is that we're all sinners and can't earn our way into God's presence on our own, which means we're separated from Him. But the good news is that God loves us deeply and made a way for us to have a relationship with Him through Jesus. By acknowledging our need for a Savior, we can truly appreciate the hope and salvation offered in Christ. It's important to share both aspects so we can fully grasp God's plan for redemption."
What does it mean that Christians are adopted by God?,"When Christians talk about being ""adopted by God,"" it means that through Jesus, we are brought into God's family, just like children are adopted into a new family. In Roman times, adoption was a big deal; it meant receiving a new identity and a secure future, much like how Jesus gives us a fresh start and makes us God's children. Unlike Roman adoptions, where worthiness was important, God adopts us out of sheer love and grace, even when we feel unworthy. Whether you think of it like being ""born again"" or adopted, the beautiful truth is that we are now eternally part of His family."
Why did the sacrificial system require a blood sacrifice?,"The sacrificial system in the Old Testament required a blood sacrifice because it symbolized life and was used to make atonement for sins. According to Leviticus 17:11, God explained that ""the life of a creature is in the blood,"" and He provided it to cover the offenses of sin. This practice foreshadowed Jesus' ultimate sacrifice, where He offered His own life for our sins once and for all. By shedding His blood, Jesus fulfilled the need for any further sacrifices, allowing us to be forgiven and stand righteous before God."
Do we contribute anything to our own salvation?,"From a biblical perspective, we don't contribute anything to our own salvation. It's all about God's grace and Jesus' sacrifice. If we could earn our way to heaven, we'd be patting ourselves on the back instead of giving God the glory. The Bible tells us that salvation is a free gift from God, not something we can earn or boast about (Ephesians 2:8-9). Jesus is the one who bridges the gap between our sinful nature and God's righteousness, and through faith in Him, we're welcomed into God's family. So, it's all about accepting this amazing gift, not about what we can do to earn it."
"What is more important, the death of Christ or His resurrection?","Both the death and resurrection of Christ are equally important and deeply interconnected. Jesus' death on the cross paid for our sins and defeated the powers of darkness, making it possible for us to be forgiven and saved. His resurrection, meanwhile, confirms our hope of eternal life, proving His victory over death and validating His promises. In essence, the gospel message hinges on both events together; they are inseparable in bringing us salvation and true hope."
Why is Christianity such a bloody religion?,"Christianity is often seen as a ""bloody religion"" because the Bible uses blood to symbolize life and sacrifice. In the Old Testament, blood sacrifices were a way for people to atone for their sins, reflecting how seriously God views sin and its consequences. This theme culminates in the New Testament with Jesus, whose sacrificial death is seen as the ultimate and final atonement for sin, offering believers spiritual life and salvation. While Christianity acknowledges the seriousness of sin through these sacrifices, it ultimately promises eternal life through Jesus, moving from death to life."
What is the Bible?,"The Bible is a unique book, composed of 66 different books written by about 40 authors over 1500 years. These authors came from various backgrounds, but their writings form a unified message because they were guided by God. The Bible is divided into the Old Testament, which tells the story of the nation of Israel, and the New Testament, which focuses on Jesus Christ, the central figure of the Bible. Jesus fulfilled Old Testament prophecies, lived a perfect life, died for our sins, and rose again, offering salvation to all who believe. The Bible ultimately tells the story of God's plan to restore humanity and creation through Jesus."
Is the Bible relevant for today?,"The Bible, even though written long ago, is still very relevant today. It’s like a living guide that speaks to our hearts, showing us who God is and His plan for us. It offers insights into human nature and the world that align with what we experience and learn today. Most importantly, it shares the timeless story of redemption through Jesus, reminding us of God’s unchanging love and desire to be close to us. While not every part directly applies to our modern lives, its truths and messages are something we can always learn from and apply."
How and when was the canon of the Bible put together?,"The Bible's canon, or the list of books considered divinely inspired, came together over time through the guidance of God and the recognition of His followers. For the Old Testament, Jewish scholars identified the inspired texts, with general agreement reached by A.D. 250, though debates about the Apocrypha persisted. The New Testament canon began forming in the early Christian church, with key figures like Paul and Peter recognizing certain writings as Scripture. By the late 4th century, councils like those at Hippo and Carthage affirmed the 27 New Testament books we have today. While humans debated and discussed, it was ultimately believed that God guided this process to reveal the books He had already inspired."
What is the proper way to study the Bible?,"Studying the Bible is a deeply important task for believers. To do it well, start by praying for the Holy Spirit's guidance, as He helps us understand God's Word. Always read verses in their context to grasp their true meaning, keeping in mind the background and purpose of each book. It's also wise to learn from the insights of other Christians who have devoted themselves to understanding Scripture. Remember, God wants us to know His Word and has provided tools and community to support us in this journey."
What does it mean that the Bible is inspired?,"When we say the Bible is inspired, we mean that God guided the human authors so that what they wrote is truly His Word. This idea, known as ""verbal plenary inspiration,"" means every word of the Bible, from Genesis to Revelation, is God-breathed and carries His authority. It's not just about religious teachings—every part is inspired and useful for guiding us in life. Because God is perfect, His Word is also perfect, trustworthy, and powerful enough to change us."
Why should we read the Bible / study the Bible?,"We should read and study the Bible because it's God's message to us, offering answers to life's biggest questions and practical guidance for daily living. It's trustworthy and true, proven through its historical accuracy and fulfilled prophecies. The Bible never goes out of date; while the world changes, human nature remains the same, and the Bible provides timeless wisdom. It equips us to serve God, helps us discern truth from falsehood, and reveals God’s immense love for us, drawing us closer to Him. Reading the Bible is like mining for gold—the deeper we dig, the more treasures we find for a fulfilling life."
Who were the authors of the books of the Bible?,"The Bible, while written by about 40 human authors over 1500 years, is ultimately God's Word, inspired by Him. These authors came from various backgrounds—like Moses the shepherd, David the king, and Paul the tentmaker—but their writings consistently point to one true God and the way of salvation through Jesus Christ. Though each contributed with their own style, they were guided by God to ensure a harmonious and error-free message."
Why is it important to believe in biblical inerrancy?,"Believing in biblical inerrancy is crucial because it reflects the nature of God, who is perfect and truthful. If we start picking and choosing which parts of the Bible to trust, it undermines the whole foundation of our faith. The Bible claims to be a flawless reflection of God's truth, and trusting it as such allows us to have a solid foundation for our beliefs and a guide for our lives. While some passages can be challenging, we are encouraged to study and seek understanding, staying humble before God's perfect Word."
Does the inerrancy of the Bible only apply to the original manuscripts?,"Yes, the inerrancy of the Bible originally applied to the first manuscripts written by apostles and prophets under divine inspiration. While human errors may have crept into copies over time, the manuscripts we have today are remarkably consistent—99% agreement with the originals. Minor differences are mostly scribal or grammatical, and no important theological truths are compromised. So, you can trust that modern translations still faithfully convey God's enduring message to us."
Is it possible that more books could be added to the Bible?,"It's unlikely that more books would be added to the Bible. The Bible, starting with Genesis and ending with Revelation, is considered complete and sufficient for guiding believers. 2 Timothy 3:16-17 reminds us that all Scripture is God-breathed and useful for our growth, and Revelation 22 warns against adding to God's Word. While God could add more, there's no biblical reason to expect or need additional books. We have all we need in the current Bible to navigate life and faith."
What is the canon of Scripture?,"The canon of Scripture refers to the collection of books that are considered authoritative as God’s Word. These books were recognized as Scripture from the moment they were written, guided by the Holy Spirit. The early church determined the canon by using criteria like apostolic authorship and consistency with existing Scripture. Over time, they affirmed which books were truly inspired by God. The canon was essentially closed with the writing of Revelation, meaning no more books will be added. We can trust that the Bible we have today is complete and sufficient for understanding God and living a life of faith."
Have Christians corrupted the Bible?,"Some people claim Christians have corrupted the Bible, often to explain differences between the Bible and the Qur’an. However, there's no credible evidence for this. The Qur’an actually praises the Bible, and scholars confirm its authenticity and consistency over time. The Bible remains true and unchanged, aligning with God's enduring word. So, while debates exist, the Bible is viewed as a reliable guide to truth and salvation."
Old Testament vs. New Testament - What are the differences?,"The Old Testament and the New Testament both reveal God's plan, but they focus on different aspects of it. The Old Testament lays the groundwork, sharing God's laws and promises, including the prophecy of a coming Messiah. The New Testament fulfills those promises by introducing Jesus as the Messiah, showing how He embodies God's grace and fulfills the law. While the Old Testament often highlights God's justice, the New Testament emphasizes His grace and the path to salvation through faith in Jesus. Both parts of the Bible work together to show how God has always been reaching out to save and restore us."
Why did God give us four Gospels?,"God gave us four Gospels to provide a richer, more complete picture of Jesus. Each Gospel writer had a unique perspective and audience: Matthew highlighted Jesus as the promised King for the Jews, Mark portrayed Him as a servant for the Gentiles, Luke emphasized His humanity and historical reliability, and John focused on His divinity. This diversity allows us to see different facets of Jesus' life and ministry, like threads in a tapestry. Having multiple accounts also helps verify the truth of Jesus' story, much like reliable witnesses in a court. Additionally, comparing these Gospels rewards those who diligently seek deeper understanding, revealing more about Jesus' teachings and actions."
Do I have to believe the Bible is inerrant to be saved?,"You don't have to believe the Bible is inerrant to be saved. Salvation comes from believing in Jesus Christ as your Savior, not from understanding every aspect of the Bible. It's through the Bible that we learn about Jesus, but the journey of faith often starts with recognizing our need for Him and grows as we trust Him more. As we walk with the Lord, the Holy Spirit will guide us to understand and trust the truths in the Bible. If you have doubts, ask God for clarity and assurance, and He's faithful to help those who seek Him."
Why is the resurrection of Jesus Christ important?,"The resurrection of Jesus is crucial because it demonstrates God's immense power over life and death, confirming that Jesus is indeed the Son of God and the promised Savior. It validates Jesus' teachings and promises, showing that He truly is the source of eternal life. The resurrection assures us that, just as Jesus was raised, we too will experience resurrection and eternal life if we believe in Him. This hope empowers us to live faithfully, knowing our efforts are not in vain because He conquered the grave and offers us victory over death."
What is saving grace?,"Saving grace is God's unearned kindness that saves us and brings us into a relationship with Him through faith in Jesus. We can't earn it or deserve it through our own efforts or goodness. It's a gift from God, achieved through Jesus' work on the cross. Even our faith to accept this grace is a gift from God. In essence, our salvation is His work from start to finish, and He promises to continue His good work in us."
Why issoli Deo gloriaimportant?,"""Soli Deo gloria"" means ""to the glory of God alone"" and emphasizes that our salvation is entirely God's doing, not ours. This doctrine, important in the Protestant Reformation, teaches that God’s grace, not our works, brings us to salvation. We can't boast about earning our salvation because it is a gift from God, and all credit and glory belong to Him. Much like Johann Sebastian Bach, who dedicated his music to God's glory, we are reminded that everything we are and have is meant to point back to Him alone."
What is the church?,"The church isn't just a building or a specific denomination; it's much more profound. Biblically, the church is the body of Christ, made up of everyone who genuinely believes in Jesus for salvation. This universal church includes all believers across the world, united by faith and the Holy Spirit. Local churches are gatherings within this universal body, where believers come together to encourage, teach, and grow in faith. So, whether you're in a building or a house, if you're gathered in faith, you're part of the church."
Why is church attendance / going to church important?,"Attending church is important because it's a way for us to worship God together, learn from His Word, and support each other in our faith journey. The early Christians showed us that meeting regularly, whether at a temple or in homes, helped them grow spiritually and build community. Church is more than just a place—it's where we can love, encourage, and serve each other using the gifts God has given us. While it’s not a requirement, gathering with other believers strengthens our connection to God and to each other, helping us shine His light in the world."
What is the importance of the Lord’s supper / Christian Communion?,"The Lord’s Supper, or Christian Communion, is a deeply meaningful practice that reminds us of Jesus’ sacrifice and the hope of His return. When Jesus broke bread and shared the cup at the Last Supper, He instituted a new covenant that symbolizes His body broken and His blood shed for our sins. By participating in Communion, we remember His death, reflect on His love, and look forward to His eventual return. It’s important to approach this sacred meal with reverence, acknowledging the immense price Jesus paid for our salvation."
What is the purpose of the church?,"The purpose of the church is to help believers grow in their faith by teaching biblical truths, fostering a supportive community, observing the Lord’s Supper, and creating a prayerful environment. It's a place where we encourage and care for each other through fellowship, and it equips us to share the message of Jesus with others. The church also looks after those in need and helps us live lives that reflect Christ’s love and purity. Essentially, the church acts as the body of Christ on earth, doing the things He would do if He were here with us."
What is biblical separation?,"Biblical separation is about living a life dedicated to God that stands apart from sinful influences, both personally and within our church communities. Personally, it means making choices that align with God's standards, like Daniel did when he chose not to defile himself with the king's food. For a church, it might involve choosing not to affiliate with groups that teach false doctrines. However, it doesn't mean cutting off contact with non-believers; instead, we're called to be in the world, sharing God's love, without compromising our faith. Like Jesus, we're encouraged to befriend sinners without engaging in sin ourselves, shining as lights of hope and goodness."
What does the Bible say about church discipline?,"Church discipline is a loving and difficult process meant to help someone in a church turn away from sinful behavior and restore their relationship with God and the church community. According to Matthew 18, it starts privately, escalating only if needed, and aims to bring about repentance and healing. Sometimes it can lead to separating someone from the church if they remain unrepentant. The goal is always to protect the church, encourage personal growth, and maintain a positive witness to others. Just like a good parent lovingly disciplines their child for their benefit, church discipline seeks the individual's restoration and the well-being of the entire church family."
What does the Bible say about the form of church government?,"In the Bible, Jesus is the head of the church, and it should be organized with local autonomy, free from outside control. Church leadership includes elders (also called bishops or overseers) and deacons, with each church having multiple elders who share responsibilities. While one elder might take on more pastoral duties, all elders and deacons work together to serve the church, and decision-making should involve input from the congregation, not be dominated by a single leader. The role of a pastor is often tied to teaching, but they hold no more authority than any other elder in leadership decisions."
Why are there so many Christian denominations?,"There are so many Christian denominations because people have different interpretations of the Bible and varying preferences in worship style. Many of these groups began with the Protestant Reformation when believers sought to reform practices within the Roman Catholic Church, leading to new traditions like Lutheran, Reformed, and Anglican. While these differences in doctrine and worship can lead to division, they also allow for diversity in how we express our faith. Ultimately, it's important for Christians to focus on the essentials of the faith and love one another despite these differences. Denominations should never divide believers, as we are all part of one body in Christ."
Why are there so many different Christian interpretations?,"There are various Christian interpretations because people approach the Bible differently. Some reasons include not listening to the Holy Spirit, lack of belief, insufficient training, or poor understanding of the whole Bible. Personal biases, immaturity, and a strong focus on tradition can also play a role. While the essentials of the faith are clear, interpretations can differ on less central issues, like worship styles. It's important for churches to focus on the core teachings and maintain unity in love and humility."
Why are so many evangelical Christian leaders caught in scandals?,"It might seem like many evangelical leaders are caught in scandals, but that's often because those stories get a lot of attention. In reality, there are countless leaders who serve faithfully and with integrity. However, when scandals do happen, it can be due to a few reasons: some people may not truly believe what they preach, pride can lead to a fall, and Satan targets leaders to cause greater harm. When leaders fail, we should be careful with accusations, hold them accountable if proven guilty, forgive, and pray for our leaders, remembering that our ultimate faith should always be in God, who never fails."
What is the history of Christianity?,"Christianity's journey began around A.D. 30, shortly after Jesus' resurrection, when the Holy Spirit came at Pentecost, forming the church as a ""called-out assembly."" It started as a Jewish sect in Jerusalem, but quickly spread to non-Jews, thanks to figures like Peter and Paul. Over the centuries, Christianity evolved through significant events like the Roman Empire's adoption under Constantine, the Great Schism dividing the Roman Catholic and Eastern Orthodox churches, and the Protestant Reformation led by Martin Luther, which challenged the church's traditions and emphasized salvation by faith. Today, Christianity is diverse, with various denominations, but it remains united by the core message of the gospel. The key takeaway from its history is the importance of staying true to biblical teachings and preserving the faith as entrusted to us."
What does the Bible say about church growth?,"The Bible doesn't specifically lay out a plan for church growth, but it emphasizes that Jesus is the foundation and head of the church. True growth isn't just about numbers; it's about members growing in their faith and relationship with Jesus. A church can be large and still lack spiritual vitality, or it can be small but thriving spiritually. Growth involves planting seeds of faith, nurturing them, and relying on God to bring the increase. The early church in Acts 2 shows us that devotion to teaching, fellowship, prayer, and service leads to genuine growth, whether in numbers or spiritual depth."
What is the proper mode of baptism?,"Baptism, when we look at its original meaning, involves being submerged in water. This act symbolizes identifying with Jesus' death, burial, and resurrection. While baptism by immersion is seen as the most biblically faithful way, it’s important to remember that it’s not necessary for salvation. Instead, it’s an act of obedience and a public declaration of our faith and new life in Christ."
What is the difference between the universal church and local church?,"The local church is a group of believers who regularly gather in a specific place to worship Jesus. Meanwhile, the universal church includes all believers in Jesus around the world. While local churches are visible and identifiable, the universal church is sometimes referred to as ""invisible"" because it doesn't have a physical location, and only God knows the true membership. Both are essential, with the local church providing a community for worship and support, and the universal church representing the global body of Christ."
What is the meaning of Christian worship?,"Christian worship is about connecting with God from the heart, focusing on Him both spiritually and truthfully. It means sincerely honoring God, not just through specific rituals or postures, but with a heart renewed and centered on Him. Worship happens all the time, individually and in community, when our minds and hearts are aligned with God's truth as revealed in the Bible. The key is to worship God ""in spirit and in truth,"" letting His presence guide our actions and thoughts."
How should conflict in the church be handled?,"Handling conflict in the church calls for love, humility, and a focus on restoration. Whether it's sin among members, disagreements with leaders, or issues between believers, the Bible provides guidance. We should confront issues calmly and directly, with the aim of healing and unity, as outlined in Matthew 18 and Galatians 6. The process involves reflecting on our own hearts, approaching the person involved with love, and seeking mediation if needed. By focusing on reconciliation and cooperation, many conflicts can be resolved, though sometimes outside help may be needed, such as resources from organizations like PeaceMaker Ministries."
What is church planting?,"Church planting is about starting a new church in a place where there isn't one yet. It involves sharing the gospel, helping new believers grow in their faith, and training leaders to run the church. Church planters often move from one community to another, leaving behind churches that are able to continue on their own. This practice follows the example of the Apostle Paul, who started new churches and revisited them to encourage their growth. Essentially, it's about spreading the love of Jesus and building communities of faith."
How much of a priority should worship be in the church?,"Worship should be a top priority for the church because it is our way of expressing gratitude and love for God, who saved us through Jesus. It's not just about following rules but building a personal relationship with God. Worship helps us communicate with Him, celebrate His authority, and grow spiritually. As individuals and as a church, we engage in worship through prayer, reading Scripture, and using our spiritual gifts, all of which deepen our connection with God and strengthen our community."
What does the Bible say about Christian confirmation?,"In some Christian traditions like Catholic and Anglican, confirmation is a special ceremony marking a young person's membership in the Church. However, the Bible doesn't specifically mention this ritual. Instead, scripture teaches that true confirmation of our faith comes from the Holy Spirit within us and is shown by the fruits of our lives. Our actions and the inner assurance from the Spirit confirm our faith, with the promise that Jesus will confirm us until the end."
What are the duties of an elder in the church?,"Elders in the church have a special role with several key responsibilities. They help resolve disputes, pray for the sick, and lead the congregation with humility and integrity, always setting a good example. They're committed to watching over the spiritual well-being of the church and focus on prayer and teaching God's Word. It's a role taken seriously, as elders are seen as shepherds of the church community."
Should Christian women wear head coverings?,"In 1 Corinthians 11, Paul talks about head coverings as a cultural symbol of a woman's submission to her husband's authority in the Corinthian church. In that time, a head covering showed respect for this order, much like women wearing longer hair. However, today's culture doesn't see head coverings the same way. Now, it's more about the attitude of the heart—showing respect and submission to God's order—rather than the physical act of wearing a hat or scarf. Ultimately, it's a personal choice and shouldn't be used to judge one's spirituality."
What is the difference between ordinances and sacraments?,"In simple terms, the difference between ordinances and sacraments comes down to how they are viewed. In traditions like Roman Catholicism, sacraments are seen as channels of God's grace, where participating in these rites involves a supernatural work of God, such as baptism and communion. On the other hand, many Protestant and evangelical churches use the term ordinances, viewing them as symbolic acts commanded by Jesus, like baptism and communion, but not as necessary for salvation. Instead, they serve as reminders of the gospel and testify to our faith in Christ."
Are we supposed to obey our pastors?,"Yes, we are encouraged to obey our pastors because they care for our spiritual well-being and will one day have to account for their leadership to God. They aim to guide us in living the abundant life Jesus promises by teaching God's Word. However, be discerning; not all leaders have pure intentions. True pastors lead with humility and love, and when they do, they're worthy of our respect and prayers. Always seek God's guidance and pray for your pastors, asking Him to strengthen them with wisdom and protection."
Are there prophets in the church today?,"In the early church, prophets played a key role in sharing God's messages because the complete Bible wasn't available yet. Today, while God can still inspire people to deliver His messages, it’s essential to compare any claimed prophecy with the Bible. If a message aligns with Scripture, it may be from God, but if it contradicts the Bible, it's not. Always seek wisdom and discernment when evaluating such claims."
How is Jesus our Sabbath Rest?,"Jesus is our Sabbath rest because He fulfills what the Sabbath symbolizes—rest from our own efforts to earn God's favor. Just as God ceased His work on the seventh day of Creation, we cease from our spiritual labors by resting in the finished work of Jesus, who sacrificed Himself for our sins once and for all. Through Jesus, we no longer need to strive to keep endless laws to be acceptable to God. Instead, He offers us a permanent rest, where we find peace and righteousness in Him, not by our works, but by His grace."
Do women have to remain silent in church?,"The passages in 1 Corinthians and 1 Timothy about women being silent in church have specific contexts. In 1 Corinthians 14, the focus is on maintaining order during worship, especially concerning tongues and prophecy. Women were asked to remain silent in that specific context to avoid exercising authority over men. Similarly, 1 Timothy 2 emphasizes a structure where women are not to teach or have authority over men. These instructions are not blanket rules for all situations but apply to particular roles that involve authority. Women can still participate in many other church activities."
What are the ingredients to a truly biblical worship service?,"A truly biblical worship service is about connecting with God in spirit and truth. This means having a genuine heart for worship and following God's teachings from the Bible. Essential elements include partaking in communion to remember Jesus' sacrifice, praying together to foster unity, singing songs to glorify God, giving offerings as a joyful act of support for the church, and grounding everything in the preaching and teaching of Scripture. Worship should be a heartfelt and lively expression of gratitude for God's blessings, not a dull routine."
Does the Bible teach believer’s baptism/credobaptism?,"The Bible supports the idea of believer's baptism, which means that people should be baptized after they have personally decided to follow Jesus. This is seen in passages like Acts 2, where people first believed in Jesus and then were baptized. The act of baptism is a public declaration of faith and a step of obedience, but it is not what saves you—salvation comes through faith in Jesus alone. Baptism for infants isn't supported by Scripture as they can't make a personal decision to follow Christ."
How is the church the Body of Christ?,"The Church is often called the ""Body of Christ"" because it represents Jesus on earth today. Just as Jesus once walked the earth in a physical body to show God's love, the Church now continues that mission. As believers, we're united with Christ in salvation, follow Him as our leader, and are empowered by the Holy Spirit to demonstrate His love to the world. Each of us has unique gifts and we all share a bond that transcends differences. Together, we reflect Christ's presence, participate in His death and resurrection, and share in His inheritance and righteousness."
What does it mean that the church is the bride of Christ?,"The idea of the church being the bride of Christ is a beautiful picture of the deep, loving relationship between Jesus and those who believe in Him. Just as a bride and groom are committed to each other, believers are called to be faithful to Jesus. While we are spiritually connected to Him now, we eagerly wait for the day when we will be united with Christ forever. Until then, we live in hope and faithfulness, longing for His return."
What is the value of having a church family?,"Having a church family is incredibly valuable because it helps us grow in faith and support one another. Together, we dive into God's Word, worship, find accountability, and uplift each other during tough times. It also gives us opportunities to serve and make disciples, all while encouraging each other to live out our faith. Being part of a church family means having a network of like-minded believers who can walk with us through life's ups and downs, reminding us we're not alone on this journey."
Does a person have to attend church to go to heaven?,"You don't need to attend church to go to heaven; salvation comes from believing in Jesus and accepting His sacrifice. Church attendance doesn't earn you a place in heaven, but it is important for your spiritual growth and connection with other believers. Being part of a church community helps you use your spiritual gifts, grow in faith, and find support and fellowship. While no church is perfect, finding a good church can significantly enrich your spiritual journey."
What should I be looking for in a church?,"When looking for a church, seek one where the Bible is the ultimate authority and Christ is recognized as the head. It's essential that the church preaches the gospel, teaches biblically, and provides opportunities for worship and service. Consider the example of the early church, which focused on teaching, fellowship, breaking of bread, and prayer. While personal preferences like worship style and location are important, they should come after ensuring the church's core beliefs align with biblical teachings. Remember, no church is perfect, so pray for guidance and visit a few churches to feel where you might belong."
Why is church membership important?,"Church membership matters because it's a way to connect with a local family of believers, showing commitment and accountability. While the Bible doesn't explicitly mention formal membership, it does suggest that the early church had some form of structure and community, where people knew who was ""in"" or ""out."" Joining a church allows you to support and serve others, and it provides a framework for spiritual guidance and accountability under a pastor. It's not a requirement for being a Christian, but it's a way to say, ""This is my spiritual home, and I'm part of this community."""
What is a church supposed to do with the offerings it receives?,"A church is entrusted with offerings to fulfill several key responsibilities. Firstly, it should care for its members, ensuring their needs are met, much like the early church did. Secondly, the church should extend its reach to the surrounding community, engaging in outreach and supporting missionaries. Lastly, the church has a duty to God to wisely allocate resources so that the Word is preached and the gospel shared. Every financial decision should aim to glorify God and support the work of His Kingdom."
Is the distinction between clergy and laity biblical?,"The Bible doesn't specifically use the terms ""clergy"" or ""laity,"" but it highlights that all believers are fellow servants of Christ, each with their unique gifts and callings. In the early church, leaders were often chosen from within their own congregations, reflecting a sense of shared ministry rather than a professional hierarchy. Over time, a gap developed between full-time ministers and other believers, but Scripture emphasizes the unity and equality of all Christians as we serve together in humility."
Should communion be open or closed?,"The question of whether communion should be open or closed depends on how a church views the purpose of communion and its authority. Open communion invites all believers to participate, while closed communion restricts it to church members. The Bible, particularly in 1 Corinthians 11, supports open participation for all believers, emphasizing that it's the manner of partaking that matters, not personal worthiness. It's essential for each believer to examine their heart and motives before participating, as communion should be a time of unity and reverence among all who follow Christ."
How can I overcome being hurt by the church?,"It's really tough when you've been hurt by the church, a place you expected to be safe and loving. The key to healing is to shift your focus from the people who hurt you to God and to identify what's really causing your pain. Once you know what you're truly feeling—be it rejection, anger, or sorrow—turn to Scripture, where God offers love and comfort. Remember, there's a community of loving believers out there, and finding them can help restore your faith and joy. As you let God work in your heart, He'll guide you toward forgiveness and healing. Jesus invites you to come to Him for rest and renewal, so lean on Him in this journey."
What should a Christian do if he/she lives in an area where there is no church to attend?,"Living in an area without a church can be challenging, but there are ways to stay connected to your faith. If you have access to a Bible, make daily study and prayer a priority. The internet can also be a valuable tool, providing access to online Bibles and fellowship groups. In areas with severe restrictions, consider forming or joining a small, discreet home group for study and prayer, taking inspiration from the underground church movements in places like China. Remember, nothing can separate you from God's love, and the Holy Spirit is with you, offering comfort and strength in every situation."
How much authority should a pastor have over a church?,"A pastor's authority in a church is meant to be exercised with care and humility. Jesus is the ultimate authority over the church, and pastors, along with the elders, are tasked with overseeing, guiding, teaching, and protecting the church's doctrine. They are to lead not as dictators but as shepherds, setting an example of love and godliness for others to follow. While they play a crucial role in the church's spiritual health, they should avoid overstepping by controlling every aspect or decision, allowing others to use their gifts and contribute. Ultimately, pastors are accountable to God for their leadership."
What are the qualifications of elders and deacons?,"In the Bible, elders (also called bishops or pastors) and deacons have specific qualifications. Elders should be men of good character, faithful to their wives, and good leaders in their family, capable of teaching, and not new to the faith. Deacons, similarly, should be respectable, sincere, and manage their households well, but teaching isn’t a requirement for them. Both roles are about serving the church with integrity and are not to be taken lightly, as they reflect Jesus, the ultimate Shepherd and Overseer of our souls."
What are ways I could serve / be serving in the church?,"Serving in the church is about using your unique spiritual gifts to help and love others, reflecting God's grace. These gifts can be discovered as you actively get involved, whether through teaching, music, maintenance, or other roles like being an usher or helping with social media. It's important to serve not just within the church walls but also in the community, always driven by love and humility. Talk to your church leaders to find out where help is needed, as there are always opportunities to contribute, big or small. Remember, serving is about loving others with a humble heart, just as Jesus taught us."
What is the symbolism of water baptism?,"Water baptism is a beautiful symbol of our faith in Jesus, showing our trust and commitment to Him. It represents our unity with other believers and reflects the spiritual cleansing we receive when we accept Christ. When we are immersed in water, it symbolizes our burial and resurrection with Jesus—an act of obedience and love for Him. While baptism is not what saves us, as salvation comes through faith alone, it is a meaningful step in our spiritual journey."
When did the church begin?,"The church began on the Day of Pentecost, about fifty days after Jesus' resurrection, when the Holy Spirit came upon His followers, empowering them to spread the Gospel. This event marked the start of a community of believers, known as the Body of Christ, who are united by faith in Jesus. Jesus had promised to build His church, and despite challenges, it has grown to include people from all nations and backgrounds. The church will continue until Jesus returns, gathering believers from every corner of the world."
What is complementarianism?,"Complementarianism is the belief that men and women have distinct, God-given roles that complement each other, both in the home and church. This view is based on biblical passages like Genesis 1 and 2, which describe men and women as created in God's image to work together harmoniously. In a family, this often means the husband leads lovingly while the wife supports and nurtures; in the church, men typically hold leadership positions, while women serve in other meaningful ways. This perspective holds that honoring these roles reflects Christ's relationship with the church and promotes spiritual health and unity."
What is excommunication in the Bible?,"Excommunication in the Bible isn't a term you'll find directly, but it refers to a process of church discipline where a member is removed from the local church due to ongoing and unrepentant sin. Jesus outlines this in Matthew 18, where He describes how to handle sinful behavior: first, by addressing it privately, then with witnesses, and finally bringing it before the church. If the person still doesn't repent, they are to be treated as an outsider to the church community. The purpose is not to shame but to guide the person back to repentance and maintain the church's spiritual health. It's important to remember that if the person repents, they should be warmly welcomed back. Excommunication is a careful, loving process aimed at restoration, not punishment."
What is koinonia?,"Koinonia is a beautiful concept from the Bible that means fellowship or sharing life together. It's about coming together in love, faith, and unity, inspired by our shared connection with Jesus. When believers gather, they're called to support, encourage, and care for each other, living out the teachings of Christ in harmony. Think of it as being like a loving family, where everyone works together with kindness and purpose."
Did Jesus fight Satan for the keys to the kingdom?,"No, Jesus didn't fight Satan for the keys to the kingdom. The keys, symbolizing authority over death and the afterlife, were never in Satan's possession. Jesus, through His death and resurrection, triumphed over death and holds this authority. For believers, this means we need not fear death or hell, as Jesus is in control and provides the way to eternal life with God."
Why is there so much disagreement about holy communion?,"Holy Communion, or the Lord's Supper, is a practice that Jesus began at His last meal with His disciples, and it's meant to be a remembrance of His sacrifice. However, there are many disagreements among Christians about how it should be done. Some wonder if the bread and wine are actually Jesus' body and blood or just symbols. Others debate how often communion should be observed and what it actually means for those who partake. Since Jesus didn’t give detailed instructions, different churches have developed their own traditions. What's important is remembering that we're saved by grace and focusing on the new covenant Jesus established through His sacrifice."
What is the origin of baptism?,"Baptism is a powerful way to show outwardly that we've turned our hearts to Jesus. While John the Baptist made it famous in the New Testament, the roots of baptism trace back to Jewish customs of purification and cleansing, as seen in the Old Testament. These rituals, though not called baptism, prepared people for God's holy tasks. John's baptism of repentance was a step toward the ultimate cleansing we find in Christ. Jesus Himself was baptized, showing its importance as a symbol of dying to our old ways and rising to new life in Him."
"Who is the head of the church, biblically speaking?","The head of the church, according to the Bible, is Jesus Christ. In Colossians and Ephesians, we see that Jesus is the head because He holds everything together and is the Savior of the church. This means that church leaders and members should follow Jesus' leadership above all, as He guides and loves the church deeply. The church isn't just a building or institution; it's a community of believers who worship Jesus together and encourage one another. Ultimately, Jesus is the one who leads and cares for His church."
Should pastors be paid a salary?,"Yes, pastors should be paid a salary. The Bible teaches that those who preach the gospel should earn their living from it (1 Corinthians 9:14). Just as we pay for our physical needs, it's important to financially support those who provide for our spiritual nourishment. While some pastors, like the apostle Paul, choose to work without pay, this isn't the norm. Ideally, pastors should be able to focus entirely on their ministry without the burden of outside work, but sometimes financial constraints force them to be bi-vocational. It's important for churches to do their best to support their pastors and allow them to fully dedicate themselves to their calling."
What does the Bible say about selling in church?,"In the Bible, Jesus was upset about buying and selling in the temple because it was distracting people from worship and taking advantage of them financially. The temple was meant to be a place for people to connect with God, but the marketplace turned it into a chaotic scene. Today, while selling in church—like books or craft sales—is different, it’s important to keep the focus on worship and ensure any sales don’t pressure people or take away from God’s message."
What is topical preaching?,"Topical preaching focuses on exploring what the Bible says about specific topics, allowing pastors to address current issues and needs within their congregation. This type of preaching can help people gain a broad understanding of a subject by pulling together various scriptural references. While it can be very effective and memorable, it has its challenges. If relied on too heavily, it might limit the congregation’s understanding of the broader biblical narrative and lead to preaching that reflects the speaker’s interests more than the full counsel of God. Therefore, many pastors mix topical sermons with other types, like expository preaching, to ensure balanced teaching that is both engaging and deeply rooted in Scripture."
Can an unmarried man be a deacon or elder?,"An unmarried man can indeed be a deacon or elder in the church. The key requirement is not marital status but moral and sexual purity. When the Bible talks about being the ""husband of one wife,"" it emphasizes fidelity and integrity if one is married. This means a leader should be devoted and faithful if he has a spouse. Both marriage and singleness are seen as good paths, and a man's devotion to God is paramount, whether married or single."
"Since women preachers can be just as good as men, doesn’t that mean they are called to preach?","It's true that women can be as talented as men in preaching and teaching, but the Bible sets specific roles within the church. According to scriptures like 1 Timothy 2:12, leadership roles such as pastors and elders are reserved for men, while women are encouraged to use their teaching gifts in other areas like instructing other women and children. This isn't about one gender being better than the other; it's about fulfilling different roles that complement each other in God's kingdom. Women are called to many areas of service, and their gifts are valuable when used within the biblical guidelines."
Why do Christians worship on Sunday?,"Christians typically worship on Sunday to honor the resurrection of Jesus, which happened on the first day of the week. Early believers started gathering on Sundays as a way to celebrate this pivotal event. While Sunday gatherings are mentioned in the New Testament, the Bible does not command worship on a specific day, nor does it say Sunday has replaced Saturday as the Sabbath. Ultimately, our worship and rest in the Lord are meant to be part of our daily lives, not confined to just one day."
What is Christian ministry?,"Christian ministry is all about serving others in the name of Jesus. It involves meeting people's needs with love and humility, just as Jesus did. While pastors often dedicate their full-time work to ministry, every believer is called to serve others, whether they're fellow Christians or not. Ministry isn't just about spiritual guidance; it's about helping with practical needs too, like emotional or financial support, while sharing the love and message of Jesus."
"If a person wants to be baptized, but cannot - what should be done?","If someone wants to be baptized but can't be immersed in water, it's important to remember that baptism is a symbol of the salvation already received, not a requirement for it. In such cases, the key is to publicly declare your faith in Jesus and your commitment to Him in front of fellow believers. This public testimony captures the essence of what baptism signifies—our identification with Christ's death, burial, and resurrection."
Should we be baptized in Jesus’ name?,"When it comes to baptism, the Bible gives us two instructions—Jesus tells us to baptize in the name of the Father, Son, and Holy Spirit, while Peter speaks of being baptized in Jesus' name. This difference is about the audience: Peter was speaking to Jews familiar with God and the Spirit but needed to recognize Jesus as Messiah. For a broader audience unfamiliar with God, like in Jesus' Great Commission, the full Trinity is emphasized. Today, baptism in the name of the Father, Son, and Holy Spirit is generally accepted, capturing our faith's complete picture. Remember, what's most important is placing your faith in Jesus, and through baptism, publicly affirming that faith."
How can I know if I am being called to preach?,"Feeling called to preach can be both exciting and daunting. It often starts with a strong, undeniable urge to share God's Word, much like the passion felt by Paul and Jeremiah. Alongside this personal conviction, seek affirmation from others, like church leaders, who can recognize your teaching gift through your initial efforts. Most importantly, keep praying throughout this journey, asking God to open or close doors according to His will. Trust that God will guide you where He wants you to serve, working everything for good."
What is Christian missions?,"Christian missions is about sharing the love and message of Jesus with the world, following His command after His resurrection. It's the calling to make disciples everywhere, spreading the message of reconciliation through Christ. This mission isn't just for those traveling abroad; it's for every believer, sharing God's love with people around us—our family, friends, and community. While we're called to spread this message, we rely on God's strength and wisdom to do it, knowing He works through us to reach others. Ultimately, it's an expression of living out our faith and love for Christ."
What is the biblical pattern of church leadership?,"In the New Testament, church leadership is typically structured with two main roles: elders and deacons. Elders, also referred to as pastors or overseers, are a group of godly men who lead, teach, and care for the spiritual needs of the church. Deacons focus more on serving the practical needs, allowing elders to concentrate on spiritual matters. Together, these roles ensure a balanced leadership approach. While elders lead spiritually, deacons lead in service, and the congregation contributes by choosing deacons and supporting church ministries. This structure helps the church function effectively, protecting it from the risks of having a single leader."
What does the Bible teach about church structure?,"The Bible doesn't give a detailed blueprint for church structure, but it clearly establishes Jesus as the head of the church. In practical terms, church leadership often includes pastors and elders who guide and teach, along with deacons who handle practical needs. Churches are encouraged to support and help each other, reflecting their unity as the body of Christ. While various forms of church government exist, the heart of church structure is about loving leadership and mutual support, with Christ at the center."
Complementarianism vs. egalitarianism—which view is biblically correct?,"Complementarianism and egalitarianism are two different views on the roles of men and women in the church and home. Complementarians believe men and women are equal in value but have distinct roles, often pointing to biblical passages like 1 Timothy 2:12 to support their view that some leadership roles in the church are reserved for men. Egalitarians argue that there are no gender-based restrictions in ministry, citing Galatians 3:28, which speaks to equality in Christ. While both sides claim biblical support, it’s important to explore these Scriptures thoughtfully. Ultimately, both views agree that men and women are equally valued by God, even if they differ on how roles are assigned."
"How can a church achieve a true, biblical unity?","True biblical unity in a church comes from viewing ourselves and others through the lens of humility and love, as taught in Philippians 2:3. We should prioritize others' needs and approach each other with gentleness and patience, recognizing our own faults while extending grace and compassion. By seeing fellow Christians as those for whom Christ died, we can build a community that reflects His love and grace. A church that embraces these principles will naturally experience peace, harmony, and unity, living out the faith with humility and togetherness."
Is it acceptable to have communion outside of the church?,"Absolutely, it is acceptable to have communion outside of the traditional church setting. In the early church, believers often gathered in homes to share communion, indicating that the sacredness of the act doesn't rely on location. The most important aspect is remembering Jesus and His sacrifice. Whether it's in a home, a hospital, or a mission field, what matters is the heart and intent behind the observance."
What is the definition ofekklesia?,"The term *ekklesia* is a Greek word that means ""a called-out assembly or congregation,"" and it's often used in the New Testament to refer to the church. It's about being a group of believers whom God has called out of the world into His marvelous light. Although *ekklesia* can also mean any gathering of people, most of the time in the Bible, it refers to the church. As believers, we're reminded that we're called to be different from the world, to live holy lives, and to shine as a light in the darkness."
Why is corporate worship important?,"Corporate worship is crucial because Jesus died for the church, which means we are part of His body together. The Bible encourages us not to stop meeting, even if it's challenging, because gathering strengthens our faith, prevents us from drifting away, and provides support and encouragement from fellow believers. Worshiping together also publicly demonstrates our love for God and strengthens our connection to Him in ways that private worship cannot. Ultimately, it's about being there for each other as a community, showing our love for Christ and each other."
What is expositional preaching?,"Expositional preaching is all about explaining the Bible in a way that helps us understand its original meaning and how it applies to our lives today. It's like taking a deep dive into Scripture, verse by verse, to uncover God's intended message and share it with the congregation. This kind of preaching helps us see the Bible in its historical and cultural context, making it a powerful and transformative guide for our lives. While there’s value in topical preaching, expositional preaching ensures we hear the full counsel of God, addressing even the hard topics we might prefer to skip."
Is the observance of First Communion biblical?,"First Communion, as practiced in the Roman Catholic Church, isn't directly found in the Bible. It's part of their tradition and involves several steps, like confession and catechism. Biblically, the key is that communion is a way for believers to remember Jesus' sacrifice for our sins. The Bible emphasizes that forgiveness and grace come through Jesus, not rituals. Celebrating a child's first participation in communion, when they have faith in Christ, is a beautiful moment and worth recognizing, as it marks their personal commitment to remember His love and sacrifice."
How can I recognize a healthy church?,"A healthy church is one that centers its teachings on the Bible, ensuring that sound doctrine guides the community. Look for a church where leaders are humble, serve like Jesus, and are committed to training others. It's important that the church focuses on discipleship, helping members grow in faith and build genuine relationships. Also, a healthy church should be active in sharing the gospel, both locally and globally, and foster a loving, supportive environment where members care for one another."
What does the Bible say about liturgy?,"The Bible doesn't prescribe a specific liturgy or formal order of worship. Instead, it emphasizes key elements for church life, like fellowship, the observance of sacraments, teaching, prayer, and evangelism. While some churches follow a set format, what's most crucial is being open to the Holy Spirit's leading and ensuring practices align with Scripture. Both liturgical and non-liturgical churches face the risk of routine worship, but the heart's sincerity matters most. Ultimately, a church's sound doctrine is far more important than its style of worship."
What is the institutional church?,"The institutional church is an organized group of Christians that gather in buildings for worship, teaching, and fellowship, typically following set patterns and schedules. While some feel these churches lack the personal connection seen in early New Testament gatherings, many still offer genuine and heartfelt worship. Regardless of the setting, whether it's an institutional church or a house church, the key is maintaining true biblical practices like leadership, corporate worship, and good stewardship. What's crucial is that we remain engaged in the Body of Christ and contribute to the ministry and outreach of the church community."
What should be the mission of the church?,"The mission of the church is to make disciples, glorify Christ, and build up its members. This means sharing the love and teachings of Jesus, helping people grow in faith, and reflecting God's glory to the world. Like a family, the church supports and cares for one another, showing the world what it means to live out Christ's love and values. Ultimately, the church's mission is all about presenting Jesus to the world and continuing His work of love and healing."
How can a church survive/recover when a pastor leaves?,"When a pastor leaves, it can be a challenging time for a church, but it's important to remember that the church ultimately belongs to Christ. The leadership should first agree on this truth and unite under Christ's headship, recognizing God's sovereignty in the situation. It's also a good opportunity to reassess the church's mission and ensure the next pastor aligns with that vision. Lastly, if there were any unresolved issues leading to the pastor's departure, these should be addressed to prevent future problems and create a healthier environment for the next leader."
What does the Bible say about the role of senior pastor?,"The Bible uses terms like ""elder,"" ""bishop,"" and ""teacher"" to describe the role of a pastor, focusing on teaching, leading, and caring for the congregation (1 Timothy 3:1-13). While the Bible doesn't specifically mention ""senior pastor,"" this role has developed as churches grew, typically involving leading the church, preaching, and overseeing its administration. In larger churches, a senior pastor may also guide a pastoral team. Regardless of church size, a pastor's role is to shepherd the congregation towards spiritual growth, and they should meet the biblical standards set in 1 Timothy and Titus."
Which church is the true church?,"The ""true church"" isn't confined to any single denomination or building. It's a spiritual entity made up of people who have a genuine relationship with Jesus, regardless of where they gather. The Bible describes the true church as the bride of Christ, united by faith and love for Him. When finding a church to attend, look for one that genuinely honors God's Word and fosters true Christian unity, centered around Jesus, not just agreement for the sake of it."
What is the difference between the visible and invisible church?,"The idea of the ""visible"" and ""invisible"" church helps us understand that while we see people gathering in church buildings and participating in religious activities (the visible church), the true church (the invisible church) is made up of all believers who have genuinely accepted Christ. Not everyone who attends church is necessarily part of the invisible church, as it includes only those who are spiritually reborn. The visible church involves earthly things like buildings and ceremonies, which will fade away, but the invisible church is eternal, made up of those who worship God in spirit and truth."
What does the Bible say about world missions?,"The Bible doesn’t specifically mention ""world missions,"" but it’s clear that God’s heart is for everyone to know Him. He created and loves all people equally, wanting all to be saved and come to the truth about Jesus (1 Timothy 2:4). Jesus commanded His followers to share the Good News everywhere, making disciples of all nations (Matthew 28:19). From Paul’s journeys to the early church’s fervor, Scripture shows that spreading God’s love and salvation is crucial. The message is for all, and we are called to share it, remembering that God’s grace extends to every nation and people."
Is baptism the New Covenant equivalent of circumcision?,"While both circumcision and baptism serve as signs of their respective covenants, they represent different spiritual meanings and requirements. Circumcision was a physical sign for those born into the Jewish community, regardless of their personal faith. On the other hand, baptism in the New Covenant is a spiritual sign that follows a personal faith in Jesus, symbolizing an inward change and rebirth in Christ. It's about the heart, where true transformation occurs through the Holy Spirit. Therefore, baptism should follow a personal decision to follow Christ, which is why it's not typically practiced with infants who cannot yet express faith."
Who is permitted to baptize / perform baptisms?,"In the Bible, there's no specific rule about who can perform baptisms. However, it seems that any sincere follower of Jesus has the authority to baptize. This idea comes from the ""Great Commission"" in Matthew 28:18-20, where Jesus tells all His followers to make disciples, which includes baptizing them. So, if someone is a true believer, they can baptize others as part of sharing and spreading their faith."
How can I become a pastor?,"To become a pastor, it's important to start by serving where you are—whether at home, work, or church. Engage deeply with your local church and seek out volunteer roles to gain practical ministry experience. Becoming a pastor requires a deep love for God's Word, so study the Bible diligently, and consider formal education in Bible college or seminary if possible. Ensure that you meet the biblical qualifications for eldership as found in 1 Timothy 3 and Titus 1, focusing on spiritual maturity and wisdom. Ultimately, pastoring is about glorifying God and serving others, and if God is leading you, He will open doors for you."
What is the cause of church splits?,"Church splits often stem from pride, selfish desires, and unresolved conflicts among believers. When people focus on their own wants rather than on Jesus and His teachings, divisions can occur. Issues like differing opinions on non-essential doctrines, worship styles, or personal ambitions can all contribute to discord. To prevent and heal these splits, it's vital for members to practice forgiveness, humility, and love, keeping Christ at the center of their lives. Unity can be restored through repentance and seeking reconciliation with one another."
What is going to happen according to end times prophecy?,"The Bible talks about ""end times"" prophecy, which includes several key events. Believers will be taken up in an event called the rapture. Then, a period known as the tribulation will occur, marked by turmoil and led by the Antichrist, who will break a peace deal with Israel halfway through. After seven years, Jesus will return, defeat the Antichrist, bind Satan, and reign for a thousand years. Finally, Satan will be thrown into the lake of fire forever, and a new heaven and earth will be created where believers will dwell in peace with no more suffering or death."
What is the rapture of the church?,"The rapture is a moment described in the Bible when God will take all believers, both those who have died and those still living, from the earth. This event is mentioned in 1 Thessalonians 4:13-18 and 1 Corinthians 15:50-54, where believers are given new, glorified bodies and meet the Lord in the air. While it's debated whether the rapture is separate from Jesus' second coming, it's meant to be a hopeful and comforting doctrine, reminding us of a future free from sin and in God's presence forever."
What is the end times tribulation?,"The end times tribulation is a future event where, over seven years, God will complete His judgment on the unbelieving world and discipline Israel. During this time, Christians believe they'll be taken up to heaven in an event called the rapture, so they won't experience the tribulation. The period is characterized by great distress, including natural disasters and celestial disturbances, with the Antichrist playing a central role in the latter half. Ultimately, it leads to the Jewish people accepting Jesus as their Messiah, marking the beginning of a period of blessing and restoration."
What is the Second Coming of Jesus Christ?,"The Second Coming of Jesus Christ is the hope that Jesus will return as a glorious King to fulfill the promises and prophecies that remain from the Bible. During His first coming, He was the humble, suffering Servant, but in His return, He will come with power and majesty, bringing justice and ruling as King of Kings. This event is anticipated by believers as a time when Jesus will set things right and fulfill His role as the Messiah in full."
Who will occupy the Millennial Kingdom?,"In the millennial kingdom, Jesus will rule on earth, and only those who are redeemed and righteous will be there. This includes believers with glorified bodies, like the church and Old Testament saints, as well as those who survived the tribulation with earthly bodies, such as believing Jews and Gentiles. The world will be filled with the knowledge of the Lord, and people will frequently travel to Jerusalem to worship Him. During this time, Israel will reach its full glory, and peace and righteousness will reign. However, children born in this period will still need to choose faith in Christ, and some may choose not to believe."
"Who are the 144,000?","In Revelation, the 144,000 are described as a group of Jews, 12,000 from each tribe of Israel, who are sealed and specially protected by God during the end-times tribulation. Their mission seems to be to share the gospel and lead many to Christ during this difficult period. Some confusion arises from differing interpretations, like those of Jehovah's Witnesses, who believe this number represents those who will reign with Christ in heaven. However, the Bible does not limit the number of people who will be with Christ, emphasizing instead a broader inclusion of believers from all backgrounds."
What is the Battle of Armageddon?,"The Battle of Armageddon is a future event mentioned in the Bible, specifically in the book of Revelation. It's described as a climactic battle between God and the forces of evil. This battle will occur in the region around the plain of Megiddo, a place with a rich history of battles. According to biblical prophecy, near the end of a period called the tribulation, evil forces led by the Antichrist will gather to attack Jerusalem. Jesus will return, defeat these forces, and establish His kingdom on earth. It's a powerful reminder of God's ultimate victory and justice."
What is the abomination of desolation?,"The ""abomination of desolation"" is something Jesus mentioned in the Olivet Discourse, referring to a prophecy in the book of Daniel. It signifies a future event where something detestable will desecrate the holy temple. In history, a partial fulfillment of this prophecy is seen in the actions of Antiochus IV, who defiled the temple. While some believe this prophecy was fulfilled with the Roman occupation in AD 70, others see it as a future event linked to the Antichrist, where he breaks a covenant with Israel and desecrates the temple. For those living in such times, vigilance and prayer are crucial, as this marks a period of significant tribulation."
What is the Apocalypse?,"The term ""apocalypse"" means a revealing or unveiling, and it's often used to describe the book of Revelation, where God shows the end times to John. Apocalyptic literature in the Bible, like parts of Daniel and Ezekiel, uses symbols and imagery to convey messages during tough times. These symbols were meant to encourage and instruct believers, not confuse them. Beyond the Bible, ""apocalypse"" often refers to end-time events like Christ's return. Ultimately, Jesus is the greatest revelation of God, showing us His love and justice."
What is the difference between the Rapture and the Second Coming?,"The rapture and the second coming are two separate events involving Jesus’ return. The rapture is when Jesus comes to take all believers up to meet Him in the air, happening suddenly and before the tribulation. It's an event of deliverance for believers. On the other hand, the second coming happens after the tribulation, where Jesus returns to earth visibly to defeat evil and establish His kingdom. While both are part of end-times prophecy, the rapture is imminent and secretive, while the second coming is visible and follows significant end-times events."
Who are the Four Horsemen of the Apocalypse?,"The Four Horsemen of the Apocalypse, described in Revelation 6, are symbolic figures representing events that will happen in the end times. The first horseman on the white horse symbolizes conquest, often associated with the Antichrist. The second on the red horse signifies war, bringing widespread conflict. The third on the black horse represents famine, with food scarcity and inflated prices. Lastly, the pale horse's rider is Death, accompanied by Hades, bringing widespread devastation through war, famine, plagues, and wild beasts. These horsemen are just the beginning of more intense judgments to come, according to the Bible's prophecy."
"What are the seven seals, seven trumpets, and seven bowls in the Book of Revelation?","In the Book of Revelation, the seven seals, trumpets, and bowls are a series of escalating judgments from God marking the end times. The seals unleash events like the rise of the Antichrist, war, famine, and natural disasters. As the seventh seal is opened, the trumpet judgments begin, leading to more devastation such as destruction of nature and a demonic plague. Finally, the trumpets give way to the bowl judgments, which involve even harsher calamities like painful sores and catastrophic earthquakes. These events symbolize the judgment on a world of wickedness and highlight God's just nature."
Summary of the Book of Revelation,"The Book of Revelation, written by the apostle John, is a vivid and symbolic vision of the end times, revealing what will come before Christ’s return. Starting with letters to seven churches, it describes events like the great tribulation, the mark of the beast, and the final battle of Armageddon. The book assures us of Christ’s ultimate victory and the promise of a new heaven and earth. It calls us to live faithfully, confident that God’s judgment is coming, but we can find hope and assurance in Jesus Christ."
Who are the twenty-four (24) elders in Revelation?,"In the book of Revelation, the twenty-four elders are likely a representation of the Church. Unlike angels, these elders sit on thrones, wear crowns, and are dressed in white, symbolizing victory and righteousness through Christ. They hold bowls of incense, which are the prayers of God’s people, further suggesting their connection to the Church. While some think they might be Israel or tribulation saints, the timing and context of John’s vision most strongly point to them representing the raptured Church, singing praises of redemption."
What was the year 2012 Mayan prophecy?,"The 2012 Mayan prophecy stemmed from their calendar ending on December 21, 2012, leading some to think it meant an apocalyptic event or the start of a new cycle. The Mayans were skilled in astronomy and mathematics, but they weren't prophets. They believed in celestial alignments and had their own religious interpretations, but there's no biblical basis for such predictions. The Bible teaches that only God knows the timing of the end, and Jesus Himself said that no one can predict it. So, while the Mayans had an impressive understanding of the stars, their ideas about 2012 don't align with biblical teachings."
What does the Bible say about the end of the world (eschaton)?,"The Bible describes the end of the world as a dramatic event where the current heavens and earth will be destroyed by fire, as mentioned in 2 Peter 3:10. This marks the end of a 1000-year reign of Christ on earth, after which Satan will be defeated once more. God will then create a new heaven and a new earth, a perfect place where believers will dwell with Him forever. Knowing this, we're encouraged to live holy and godly lives, focusing on what is to come and sharing the hope of salvation with others."
Who is the false prophet of the end times?,"The false prophet of the end times, as described in Revelation, is a figure who works alongside the Antichrist and is empowered by Satan. He is depicted as having a gentle appearance like a lamb but speaks with the deceptive power of a dragon. His role is to lead people to worship the Antichrist through persuasive words and miraculous signs, creating a great deception. Those who resist worshiping the Antichrist face death, while those who do will face God's wrath. In today's world, we must remain vigilant against false teachers and hold fast to the truths of the gospel of Jesus Christ."
What happens at the final judgment?,"At the final judgment, everyone will stand before God, and there will be no escaping this event. The Bible tells us that God, who is perfectly just and knows everything, will judge everyone based on their actions and the condition of their soul. Jesus will judge the unbelievers, while believers will be judged separately for rewards. Our eternal destiny—either heaven or hell—depends on whether we accept or reject Jesus' sacrifice. So, it's important to make this choice during our lifetime, as we won’t get another chance after we die."
What is the Great Tribulation?,"The Great Tribulation is a future period described in the Bible as a time of intense difficulty and God's judgment on the earth. It lasts for three and a half years and takes place during the second half of a seven-year period known as the Tribulation. This time is marked by the revealing of the Antichrist and an increase in God's wrath. Jesus Himself spoke of this in Matthew 24, and various scriptures indicate it will be a time of unprecedented distress, particularly for Israel. However, it concludes with the hopeful promise of Christ's return."
What is the time of Jacob’s trouble?,"The ""time of Jacob's trouble"" comes from Jeremiah 30:7 and refers to a unique period of distress for Israel, often associated with the seven-year tribulation in the end times. This time will be marked by great suffering and turmoil, similar to the pains of childbirth, but God's promise of deliverance for Israel remains steadfast. The purpose of this tribulation is to bring Israel back to the Lord, demonstrating God's faithfulness and justice. Ultimately, those who trust in God will find salvation, and following this time of trouble, there will be a period of peace when God establishes His kingdom on earth."
How can I be sure I won’t be left behind in the rapture?,"To be sure you won’t be left behind in the rapture, it's important to put your faith in Jesus Christ as your Savior. The rapture is an event where Jesus will take believers to be with Him forever. If you've placed your trust in Him, you're secure and won’t be left behind. The Bible assures us that God knows His own and will not leave any believer behind. So, make sure to trust and follow Jesus today – it’s never too early to make that decision."
What is the marriage supper of the Lamb?,"The marriage supper of the Lamb is a beautiful celebration described in Revelation 19, symbolizing the union of Jesus (the Lamb) with His bride, the Church. Drawing from ancient wedding customs, the first phase is like our engagement, marked by our faith in Jesus and His sacrifice for us. The second phase is the rapture, where Jesus comes to take His Church to be with Him. The final phase is this heavenly banquet, taking place before Jesus’ second coming, including all believers and Old Testament saints. It's a time of great joy and blessing, celebrating the love and salvation found in Christ!"
What are the strengths and weaknesses of the midtribulational view of the rapture (midtribulationism)?,"The midtribulational view suggests that the rapture happens halfway through the tribulation, sparing believers from the worst part of it. Supporters point to certain scriptures that they believe outline this sequence of events, such as 2 Thessalonians 2:1–3 and Matthew 24:15. However, a challenge to this view is that the timing of trumpets mentioned in 1 Corinthians and Revelation seems different, with one being a call of grace and another a call of judgment. Additionally, some argue that the Bible doesn't clearly specify the timeline of the end times, which is why there are differing opinions on when the rapture will occur."
What are the strengths and weaknesses of the posttribulational view of the rapture (posttribulationism)?,"The posttribulational view of the rapture believes that the Rapture happens at the end of the Tribulation, where the church meets Christ and returns to earth with Him. This idea is supported by Jesus’ teachings that He will return after a great tribulation and the book of Revelation, which describes only one coming after the Tribulation. A strength of this view is its alignment with the historical experiences of God's people facing persecution. However, a weakness is that believers are not supposed to endure God’s wrath, and during the Tribulation, many judgments affect everyone, conflicting with Romans 8:1 which says believers are not under condemnation. Additionally, the absence of the word ""church"" in tribulation passages poses a challenge, as posttribulationists must interpret ""saints"" as the church. Lastly, like other views, there’s no explicit biblical timeline, leading to diverse opinions."
What does Revelation chapter 12 mean?,"Revelation chapter 12 presents a vision of a woman symbolizing Israel, clothed with the sun, moon, and a crown of twelve stars, representing the twelve tribes. The woman gives birth to a child, representing Jesus, who will rule the nations. The chapter also describes the woman's flight into the wilderness during the Great Tribulation, a period of intense trouble. This symbolizes Israel seeking refuge as the Antichrist breaks a peace agreement. Despite Satan's attempts to destroy Israel, God promises protection during this challenging time."
Surviving the end times - what do I need to know?,"Thinking about the end times can be a bit overwhelming, but there's comfort in knowing that God is in control. The Bible assures us that God has a plan, and all events will unfold according to His will. To prepare, it’s important to interpret biblical prophecy with a literal and futurist view, understanding that the Bible's predictions about the future will come true, just as past prophecies have. This includes events like the Rapture and the Tribulation.

As we consider these prophecies, they should inspire us to live with obedience, worship, proclamation, and service today, knowing that Christ's return could happen at any time. Ultimately, the key to surviving the end times is to have faith in Jesus Christ, trusting in His salvation and living in a way that honors Him. This belief offers hope and certainty, even in uncertain times."
What does it mean that Jesus will return like a thief in the night?,"When the Bible says Jesus will return ""like a thief in the night,"" it means His coming will be sudden and unexpected for those who are not prepared. Just like a thief surprises a homeowner, Jesus will surprise the unbelieving world with His return and judgment. However, believers in Christ should not fear this moment because we live in the light and are encouraged to be ready. For those who don't know Jesus, now is the time to welcome Him into your life and be ready for His return, trusting in His salvation and promise of eternal life."
"What did Jesus mean when He said, “this generation will not pass”?","When Jesus talked about ""this generation not passing away until all these things take place,"" He was speaking about future events that will happen quickly once they begin. It's not about the generation living during His time, but rather those who will be alive when the events of the end times unfold. Jesus used the example of a fig tree to illustrate that when these signs start appearing, the end is near. Some believe there's a ""double fulfillment,"" meaning some events happened during the disciples' time, like the destruction of Jerusalem, but the full prophecy will happen in the future."
Who or what is Abaddon/Apollyon?,"In the book of Revelation, Abaddon (Hebrew) or Apollyon (Greek) is described as the angel of the Abyss and a leader of demonic forces during the end times. The name means ""The Destroyer,"" and this figure commands a horde of tormenting locusts unleashed upon those not sealed by God. While sometimes linked with Satan, Scripture distinguishes between the two, suggesting Abaddon/Apollyon is a powerful yet subordinate force. This figure serves as a reminder of the real spiritual battles and God's ultimate judgment described in Revelation."
How can we trust that biblical prophecy can indeed predict the future?,"We can trust biblical prophecy because it's inspired directly by God, who is perfect and truthful. Prophecies in the Bible have historically been precise and reliable, like the flood in Genesis or the coming of Jesus as predicted in Isaiah and Acts. These prophecies are not general but specific, offering guidance and encouragement. Just like we trust the promise of eternal life through faith in Jesus (John 3:16), we can trust God's prophecies, which guide and reassure us about the future."
Why must Elijah return before the end times (Malachi 4:5-6)?,"In Malachi 4:5-6, it's prophesied that Elijah will return before the ""great and dreadful day of the Lord"" to bring reconciliation between fathers and children. Jesus explained that John the Baptist fulfilled this prophecy, acting as the metaphorical Elijah who prepared the way for Him by calling people to repentance. John didn't see himself as Elijah, but Jesus recognized him as the fulfillment of Malachi's words. John’s role was essential in getting people ready for Jesus, who came to save and reconcile us to God."
Will there be an end times temple in Jerusalem?,"According to the Bible, certain events in the end times are expected to happen in a temple in Jerusalem, involving the Antichrist proclaiming himself as God there. Right now, the presence of the Islamic Dome of the Rock makes rebuilding a Jewish temple challenging. However, during the tribulation, it's believed that the temple will be built with the Antichrist's protection. When this construction begins, it’s a sign that the end times are truly underway."
How can I overcome my fear of the end of days?,"Overcoming a fear of the end of days starts with having a personal relationship with Jesus, which brings the promise of eternal life and peace with God. Living a life that reflects Jesus' teachings and being aware of His promises for the future can also help ease fears. The Bible reassures us that we have nothing to fear because, in Christ, we are secure and loved. Even if we face suffering, it is seen as a blessing, and we can look forward to being with Jesus forever. Remember, perfect love casts out fear, so trust in His love and care for you."
Will the generation that saw Israel re-formed as a nation still be alive for the Second Coming?,"No, the generation that witnessed Israel's re-formation in 1948 is not necessarily the one that will see Jesus' second coming. Some thought this due to a particular interpretation of Matthew 24:34, but it doesn’t hold up over time. Instead, Jesus was likely saying that once end-time signs begin, they will unfold quickly within a single generation. So, the generation that sees all these signs will be the one that witnesses His return."
What are Gog and Magog?,"Gog and Magog are mentioned in the Bible as part of two different prophetic events. In Ezekiel 38-39, Gog is a leader from Magog leading an attack against Israel, which God will ultimately thwart to show His power. This battle may occur before or during the early tribulation period. In Revelation 20:7-8, the names Gog and Magog symbolize the final rebellion against God after the millennium, involving all nations. These events are distinct, separated by at least 1,000 years, with different circumstances and outcomes."
Does the Bible prophesy a one-world government and a one-world currency in the end times?,"The Bible doesn't specifically mention a ""one-world government"" or ""one-world currency,"" but it does give hints. According to Revelation and Daniel, the Antichrist will lead a global system where he holds power over all nations. This leader will demand worship and control of commerce, requiring people to take a ""mark"" to buy or sell. While there's speculation about what this means, the essence is that in the end times, this system will test people's faith deeply, as they may have to choose between survival and staying true to Christ."
"What will be the end times, one-world religion?","In the end times, a one-world religion, often described as ""the great harlot"" in Revelation, will be led by a false prophet under the Antichrist's authority. This religion will influence global leaders and unite various beliefs, but it will ultimately persecute true believers who remain faithful to Jesus. Eventually, the Antichrist will turn against this religion, claiming worship for himself. The deception will be profound, testing the faith of many."
Is partial preterism biblical?,"Partial preterism is a belief that most end-times prophecies in the Bible have already been fulfilled, particularly by the events surrounding the destruction of Jerusalem in AD 70. While partial preterists do believe in a future return of Christ, they interpret many biblical prophecies allegorically rather than literally, which can lead to inconsistencies. Critics argue that this approach doesn't align with a straightforward reading of certain passages like Matthew 24 and Revelation. Although it's considered within the bounds of Christian orthodoxy, it is not the predominant view among Christians today."
Will there be a partial rapture?,"The concept of a partial rapture, where only faithful Christians are taken, isn't supported by the Bible. Scripture indicates that all Christians, whether strong or struggling in their faith, will be taken in the rapture. The parable of the ten virgins in Matthew 25 is often misinterpreted to suggest a partial rapture, but it actually differentiates between true believers (those with the Holy Spirit) and unbelievers. The key point is to be ready, as Jesus will return unexpectedly, and only those with the Holy Spirit will be taken. Now is the time to make sure your faith is genuine."
"Why is God going to release Satan after the 1,000 years?","God's decision to release Satan after the 1,000 years can be puzzling, but it serves several purposes. One key reason is to reveal the persistent sin nature in humanity, even after enjoying a peaceful reign under Christ. When Satan is released, he gathers a large group for rebellion, showing that despite God's goodness, some still fall away. This event underscores God's ultimate justice and the finality of His judgment. It also reminds believers that Satan is a defeated foe, and while he may deceive, God’s power and love are far greater."
What are the seventy weeks of Daniel?,"The ""seventy weeks"" in Daniel 9 is a prophecy that outlines a 490-year period concerning Israel's future, revealed to Daniel by the angel Gabriel. These weeks are divided into segments, marking significant events leading up to the coming of the Messiah and beyond. The first 483 years tell of Jerusalem's rebuilding and Jesus' crucifixion, while the final ""week"" is seen as a future period of tribulation involving the Antichrist. Though interpretations vary, the prophecy emphasizes that God's plan is unfolding according to His perfect timeline."
What are tribulation saints?,"Tribulation saints are believers who come to faith in Jesus during the tribulation period, a time of intense difficulty and persecution. While many believe the church will be taken up before this time, these saints will endure trials, face persecution from the Antichrist, and many will even be martyred. Despite the challenges, they remain faithful, spreading the gospel with the help of the Bible, two prophetic witnesses, and 144,000 Jewish missionaries. God promises to reward their faithfulness, ensuring they find comfort and joy with Him. While God extends grace even during the tribulation, it's always better to accept Jesus now."
What is the unholy trinity in the end times?,"In the end times, what's often called the ""unholy trinity"" consists of Satan, the Antichrist, and the False Prophet, as described in Revelation 12 and 13. This trio imitates the Holy Trinity by working together to deceive and oppose God's plans. Satan acts as the anti-God, the Antichrist opposes Christ, and the False Prophet acts as the anti-Spirit. Their goal is to lead people away from the truth through deception and persecution, but ultimately, God's kingdom triumphs. While these figures will cause much turmoil, believers can hold onto the hope that God will ultimately prevail."
Is the war in heaven in Revelation 12 describing Satan’s original fall or an end times angelic battle?,"The ""war in heaven"" in Revelation 12 is about an end-times battle, not Satan’s original fall. This passage describes a future cosmic clash where Michael and God’s angels defeat Satan and his demons, casting them out of heaven for good. While Satan was not barred from heaven or earth after his initial rebellion, this future battle will mark his final expulsion. Once expelled, there will be celebration in heaven, but great suffering on earth as Satan, knowing his time is short, unleashes chaos during the Great Tribulation."
Does Bible prophecy predict that there will be a World War 3 before the end times?,"The Bible does suggest that war will continue and escalate before Jesus returns, but it doesn’t specifically predict a third world war. In Matthew 24 and Revelation, Jesus and John describe a future marked by conflict and global struggles, culminating in Christ’s victorious return. While a significant war will happen, the end result is clear: Jesus will triumph over all opposition and establish His righteous rule. There may also be a final rebellion after His 1,000-year reign, but Christ will quickly and decisively end it."
What is the Illuminati conspiracy?,"The Illuminati conspiracy theory suggests there's a secretive elite group trying to control the world, with ties to historical secret societies and influences on global governance and economy. While some connect this idea to biblical prophecies about one-world governments in end times, it's essential to remember that God is ultimately in control of everything. Christians are encouraged not to fear these theories because, as Jesus said, He has overcome the world. We can trust that nothing can thwart God's sovereign plan."
What is inaugurated eschatology?,"Inaugurated eschatology is the belief that the kingdom of God began with Jesus' first coming and is present now, but it won't be fully realized until Jesus returns again. It’s often described as the ""already but not yet"" idea, meaning we experience some of God's kingdom blessings now, but the complete fulfillment is still to come. This view suggests that miracles and kingdom promises can happen today through faith because Jesus is reigning in heaven. However, it’s important to remember that Jesus said His kingdom is not of this world, so while we can see glimpses of it now, the full reality awaits His return."
What does it mean that Jesus will come in the clouds (Revelation 1:7)?,"When Revelation 1:7 says Jesus will come ""with the clouds,"" it simply means that Jesus will return visibly from the heavens, just as He ascended. When He comes, everyone will see Him, and for some, this will be a moment of realization and mourning. The imagery of Jesus coming with clouds connects with other biblical passages, reminding us of His glorious and certain return to earth."
What is Judgment Day?,"Judgment Day is the time when God will finally judge everyone who has ever lived based on their actions. This will determine their eternal destiny—either entrance into heaven or being cast into the lake of fire. The Bible assures us that our names written in the Lamb’s Book of Life, through faith in Jesus Christ, shield us from condemnation. When we trust in Jesus, His sacrifice on the cross means our judgment has already been taken care of, offering us peace and hope as we await God's final salvation."
Who is the man of lawlessness in 2 Thessalonians 2:1–12?,"In 2 Thessalonians 2:1–12, the ""man of lawlessness"" is understood to be the Antichrist, a figure who opposes God and leads people away from Him. According to biblical prophecy, he will emerge during the end times, after the rapture, offering a false peace and uniting nations under his rule. He will eventually betray Israel and set himself up as a god, leading to a final confrontation at the battle of Armageddon where Jesus will defeat him. This should remind us to stay vigilant and rooted in our faith in Jesus Christ, the true Prince of Peace."
What is the New World Order?,"The idea of a New World Order is a conspiracy theory suggesting a single global government promising to end wars and solve major world issues. While it might sound appealing, the Bible teaches that true hope and peace come from heaven, not human governments. History shows that earthly powers often fail due to corruption and greed. As Christians, our ultimate hope should be in the eternal peace promised in heaven, not in the temporary promises of a worldly system."
Will there be animal sacrifices during the millennial kingdom?,"During the millennial kingdom, many believe animal sacrifices will be reintroduced not to take away sins but as a memorial, similar to how Christians use the Lord's Supper to remember Jesus' sacrifice. Passages like Ezekiel describe these sacrifices as object lessons about the seriousness of sin and its consequences. While Christ's sacrifice is perfect and complete, these future sacrifices can serve as a way to teach those living in the millennial kingdom about the gravity of sin in the presence of a holy and righteous God."
Was Jesus’ statement that “some who are standing here will not taste death” in Luke 9:27 (also Matthew 16:28; Mark 9:1) incorrect?,"Jesus' statement that ""some who are standing here will not taste death before they see the kingdom of God"" can best be understood in light of the transfiguration. This event, which followed soon after Jesus’ prediction, showed Peter, James, and John a glimpse of Jesus in His divine glory, alongside Moses and Elijah. Rather than predicting the establishment of His kingdom on earth at that time, Jesus was likely referring to this moment of revelation on the mountain, allowing the disciples to see Him in His majestic, kingly splendor."
What are the seven seals of Revelation?,"The seven seals in the Book of Revelation are a series of judgments that unfold during John’s vision of the end times. Each seal, when opened by Jesus, reveals a different aspect of God’s judgment on the earth. The first four seals release the Four Horsemen of the Apocalypse, bringing conquest, war, famine, and death. The fifth seal reveals the souls of martyrs, while the sixth brings a great earthquake and cosmic disturbances. The seventh seal introduces a silence in heaven and ushers in the next series of judgments, the trumpet judgments. Throughout these events, the worthy Lamb, Jesus, is glorified as He executes divine justice."
What is the significance of a red heifer in the Bible?,"In the Bible, the red heifer is significant for its role in ancient purification rituals, where its ashes were used to cleanse people from ceremonial impurity (Numbers 19). Some people today see the birth of a red heifer as a sign related to the end times, believing it could herald the construction of a third temple in Jerusalem, which is significant in some prophetic timelines. However, it's important to remember that animal sacrifices are no longer necessary due to Jesus' ultimate sacrifice, which fulfills the law and offers true cleansing and eternal life (Hebrews 9:13-14). The presence of a red heifer doesn't need to occur before events like the rapture or Jesus' return as predicted in end-time prophecies."
What are the seven bowls/vials of Revelation?,"In the Book of Revelation, the seven bowls, or vials, are the last and most intense judgments during the tribulation period. Each bowl represents a specific act of God's wrath against sin, affecting those who follow the Antichrist. The first bowl brings painful sores, while the second and third bowls turn the sea and rivers to blood. The fourth bowl scorches people with intense heat, and the fifth brings darkness and agony. The sixth bowl dries up the Euphrates for the final battle at Armageddon, and the seventh results in a great earthquake and hailstones. Despite these severe judgments, people still refuse to repent. Eventually, Jesus returns to defeat the forces of evil and establish His kingdom."
What are the seven trumpets of Revelation?,"In the Book of Revelation, the seven trumpets are a series of judgments during the end times, each bringing a different calamity. The first four trumpets bring destruction to the earth, sea, fresh waters, and celestial bodies. The fifth and sixth trumpets unleash terrifying plagues of demonic creatures, with the sixth resulting in massive loss of life. The seventh trumpet declares the coming of God's kingdom and signals the final set of judgments. These events remind us of the seriousness of God's justice but also the hope of His ultimate reign."
What does it mean that there will be wars and rumors of wars before the end times?,"When Jesus mentioned ""wars and rumors of wars"" in Matthew 24:6, He was actually urging us not to be alarmed by them; these things happen, but they don't signal the immediate end times. Instead, He highlighted that such events are just part of the ongoing struggles in our world and are not specific signs of the end. The key sign of the end times, as Jesus pointed out, is the gospel being preached to the whole world. So, rather than being worried about conflicts, we should focus on sharing His love and message with others."
What is the purpose of the thousand-year reign of Christ?,"The thousand-year reign of Christ, also known as the Millennium, is a time when Jesus will rule as king over the earth, fulfilling God's promises to Israel, Jesus, the nations, and all of creation. During this period, the world will experience peace, Satan will be bound, and God's covenants, like the ones with Abraham, David, and the New Covenant, will be fully realized. It’s a time when God’s promises of restoration and blessing will come to fruition, ensuring that the earth and its people live in harmony and worship freely."
Will all Israel be saved in the end times (Romans 11:26)?,"Romans 11:26 talks about ""all Israel"" being saved, which means that a future remnant of Jewish people will turn to Jesus as their Messiah in the end times. While some believe this refers to ethnic Israel literally, others think it symbolizes the Church. However, the view described here holds that it's about the physical descendants of Abraham being restored to faith and fulfilling God's promises, including inheriting the land promised to them. This involves a spiritual revival and a return to their homeland, as prophesied in passages like Zechariah and Ezekiel. In the end, Israel's deliverance is both a spiritual and geographical restoration, highlighting God's unchanging promises."
What is the Antichrist?,"The Antichrist, as mentioned in the Bible, signifies someone who is ""against Christ."" In the letters of John, an antichrist is anyone who denies Jesus and His teachings. However, the Bible also speaks of a specific figure known as *the* Antichrist, who is expected to rise in the end times, opposing Christ and His followers more fiercely than anyone before. This individual will likely claim to be a messiah, seek global power, and attempt to destroy God's people, but will ultimately be defeated and face eternal punishment."
What is the blessed hope (Titus 2:13)?,"The ""blessed hope"" in Titus 2:13 refers to the joyful anticipation of Jesus Christ's return, which will be a glorious and life-changing event for believers. It's not a hope filled with uncertainty but a confident assurance that Jesus will come back, bringing joy, completion, and an end to earthly trials. This hope encourages believers to live godly lives, staying pure and prepared, as we look forward to meeting the Lord and experiencing the fullness of His glory."
What is the end times timeline?,"In a pretribulational view of the end times, the timeline begins with the rapture, where believers are taken to heaven. Next, the Antichrist rises to power during a seven-year tribulation period on Earth, while the Church is in heaven. During this time, there will be battles, including the Battle of Gog and Magog and the Battle of Armageddon. Jesus returns to defeat the armies of the Antichrist, and the judgment of nations follows. Satan is bound for 1,000 years, during which Jesus rules over a peaceful Millennial Kingdom. After a final rebellion led by a released Satan, he is defeated and judged. Finally, God creates a new heaven and earth, where believers will dwell with Him eternally. Remember, different theological views exist, and they may offer varied timelines."
How should a Christian react to all the doomsday predictions out there?,"When faced with doomsday predictions, it's important for Christians to stay calm and remember that God is in control. The Bible tells us that no one knows when the end will come, and many of these predictions are based on speculation and misunderstandings. Instead of getting caught up in fear or trying to predict the future, we should focus on sharing the love of Jesus and living out our faith every day. Trust in God's timing and be prepared spiritually, rather than panicked by worldly rumors."
What is Christian Eschatology?,"Christian eschatology is all about understanding what the Bible says concerning the end times and how it affects our lives now. It covers topics like the Rapture, the Second Coming of Jesus, and the nature of the Millennial Kingdom. While these can be complex and sometimes controversial, studying eschatology helps believers find peace in God’s sovereign plan for the future, knowing He will accomplish His work in His perfect timing. It's not about predicting dates but about trusting God's promises and living with hope in His ultimate redemption."
Will there be a great apostasy during the end times?,"Yes, the Bible talks about a great apostasy, or a significant falling away from the faith, during the end times. In 2 Thessalonians 2:3, Paul explains that before the ""day of the Lord"" arrives—an era of global judgment—a great rebellion against God's truth will occur. Alongside this apostasy, the ""man of lawlessness,"" often identified as the Antichrist, will emerge, claiming to be God. This hasn't happened yet, and until it does, Paul assures that the end times have not fully come. Jesus also warned of these times, noting that many would turn from the faith, and love would grow cold due to increased wickedness."
What is the significance of Ezekiel’s temple?,"Ezekiel’s vision of a grand temple, found in Ezekiel 40–48, represents God’s promise to restore and dwell with His people. This vision, full of detailed descriptions, has sparked debates over whether it should be taken literally or symbolically. Some believe the temple will be built during Christ's future 1,000-year reign, while others see it as a symbol of the perfect relationship God will have with His people, possibly fulfilled through Jesus and the Holy Spirit. Regardless, the vision assures us that God has not abandoned His people and will elevate His relationship with them to a new level of glory and intimacy."
What does it mean that heaven and earth will pass away?,"When Jesus said that heaven and earth will pass away, He was highlighting the temporary nature of our current world and emphasizing the eternal truth of His words. This world, with all its physical elements, will eventually be replaced by a new creation where righteousness thrives. While the universe will ultimately be destroyed by fire, God's promise of salvation remains secure and everlasting. Knowing this helps us focus on storing up treasures in heaven, rather than getting too attached to earthly things."
What is the image of the beast?,"In the book of Revelation, the image of the beast is a mysterious, powerful icon tied to the end-times prophecy. It appears after two symbolic beasts arise: the first representing the Antichrist and the second, the false prophet. The second beast encourages worship of the first beast, creating an image that seems to come to life and demands worship. While its exact nature isn't clear, this image becomes a central figure in Satan's kingdom, leading many astray. Those who refuse to worship the image may face persecution now but are promised victory and reward in heaven. Eventually, God's judgment will come, destroying the image and establishing His eternal kingdom."
What does it mean that there will be false christs in the end times?,"In the end times, Jesus warned that there would be false christs—people who claim to be the Messiah but aren't. These pretenders can lead people astray by twisting the truth or creating their own versions of Jesus that stray from the Bible. This can happen even within churches, where teachings might present a more comfortable or self-centered version of Christ. It's important to stay grounded in the true teachings of the Bible to recognize and avoid these false teachings. As believers, we're encouraged to seek the real Jesus and the true light of His Gospel, especially as we approach the times of His return."
What does it mean that the love of many will grow cold (Matthew 24:12)?,"Jesus warned that in the end times, many people's love for God and others will grow cold due to increased lawlessness and challenges like false teachings and persecution. This cooling of love often happens to those who are not truly grounded in their faith, whose love is more about self-interest. However, true Christians, sustained by the Holy Spirit, will persevere with a love that doesn't fade. To ensure our love remains warm, we should examine our faith and strive to grow in love and understanding, relying on the Spirit's guidance."
Is it possible for a person to get the mark of the beast today?,"No, it's not possible to get the mark of the beast today. The Bible describes this mark as something that will happen in the future when the Antichrist is in power during a period known as the tribulation. Until those events unfold, the mark doesn't exist. Believers in Jesus should not fear accidentally receiving it, as the timing and conditions described in scripture have not yet occurred."
What is realized eschatology?,"Realized eschatology is the idea that the prophecies in the New Testament, especially those about the kingdom of God, were fulfilled during Jesus' life and that the kingdom is a present reality, not a future event. While Jesus' ministry did fulfill some prophecies, not all have come to pass; He pointed to a future age when more would be realized. This understanding is different from the belief held by many Christians that some prophecies about Jesus’ return and ultimate reign are still awaiting fulfillment."
Is it possible for a person to be saved/forgiven after taking the mark of the beast?,"The mark of the beast, as described in Revelation, is tied to worshiping the Antichrist during the end times. Accepting this mark represents a decisive act of rejecting God and choosing to follow evil instead. According to Revelation 14:10-11, those who take this mark face eternal separation from God, as it symbolizes a willful and blasphemous defiance against Him. It's a conscious choice to turn away from God's salvation, and as such, forgiveness does not seem possible for those who take it."
What does it mean that there will be scoffers in the last days?,"In the last days, the Bible warns that scoffers—people who mock God and deny His truths—will become more prevalent. They challenge the belief in Jesus’ return and often promote false teachings that lead others astray. Today's world, with its focus on self, technology, and skepticism towards God, provides a breeding ground for scoffing. This increase in scoffers serves as a sign of the times, urging Christians to deepen their understanding of Scripture to stand firm against misleading ideas and stay faithful to God."
What is the spirit of the antichrist?,"The ""spirit of the antichrist,"" mentioned in 1 John 4:2-3, refers to any teaching or belief system that denies Jesus Christ is God in the flesh. In John's time, many false teachings emerged, much like today, leading to confusion about Jesus. John encourages believers to test these teachings; true messages about Jesus come from God, while those denying His true nature come from the antichrist spirit. While the world may eventually see a powerful leader embodying this spirit, believers have no reason to fear, as the Spirit of God within them is greater and guides them to the truth. Always be discerning, listening carefully to what is taught about Jesus, and measure it against the truth of the gospel."
Does the Old Testament truly predict a second advent of the Messiah?,"The Old Testament does indeed point to a second coming of the Messiah, although it might not be immediately obvious. Many prophecies were initially seen as describing a single event. However, when viewed through the lens of Jesus' life and teachings, it's clearer that some prophecies, like those in Zechariah and Isaiah, refer to a Messiah who would first suffer and later return in triumph. While the first advent has taken place with Jesus' birth and ministry, the second advent is anticipated as His ultimate return in glory. The New Testament echoes these promises, showing continuity between both testaments about the Messiah's return."
Why is God going to send a strong delusion in the end times?,"In the end times, God sends a strong delusion to those who have persistently rejected the truth of Jesus and chosen wickedness instead. This isn't an act of cruelty but a result of people's willful disbelief and resistance to God's love. While God desires everyone to come to repentance and know Him, there comes a point where He allows those who reject Him to follow their own chosen path, even if it leads to their own deception and condemnation. Ultimately, it's about the choices people make regarding the truth they're given."
What are the three woes of Revelation?,"In the Book of Revelation, the three woes are part of God's final judgments on those who have sided with evil during the end times, urging them to repent. The first woe involves a torment by demonic locusts that sting like scorpions, affecting only those without God's seal. The second woe sees four bound angels released to lead a massive army, resulting in a third of mankind perishing. The third woe, following the seventh trumpet, signifies the completion of God's judgment, leading to the final establishment of Christ's Kingdom on earth. These events illustrate a period of profound distress but also the promise of eventual restoration and righteousness."
What are the times of the Gentiles?,"""The times of the Gentiles"" refers to a period starting from when Jerusalem was first conquered by Nebuchadnezzar in 588 BC. During this time, which continues to this day, Gentile nations have significant influence and power. The Bible suggests this era allows for the spread of the gospel globally, with God’s plan being that eventually, when the time is right, Israel will be restored spiritually. This period will conclude with Christ’s return and the establishment of His kingdom."
What is the meaning of wormwood in Revelation?,"In Revelation, ""Wormwood"" refers to a star that falls from the sky, turning a third of the earth's fresh water bitter and undrinkable, which causes many deaths. This is part of the trumpet judgments, a series of events described as partial judgments from God, leading to chaos and paving the way for the rise of the Antichrist. The bitterness of the waters symbolizes the destruction and affliction that will come upon the earth, echoing the herb's use in the Bible to signify bitterness and poison."
Who is the beast of Revelation?,"In Revelation, the ""beast"" is often seen as a symbol for a future godless ruler, known as the Antichrist, who will lead an evil empire during the end times. This ruler will receive power from Satan and control a coalition of nations, demanding worship and waging war against God's people. Although he will have authority for a limited time, three and a half years, the Bible assures us that Jesus will ultimately defeat him. The beast is depicted as a terrifying creature, highlighting how God views human empires that oppose Him."
What does it mean that the Antichrist will cause all to receive the mark of the beast (Revelation 13:16)?,"In Revelation 13, the Antichrist will have a brief rule where he enforces a mark on the right hand or forehead, which is a sign of worshiping him, not just a tool for economic transactions. This act is a way of rejecting Jesus and those who accept the mark will face judgment. The Antichrist and his rule will eventually end when Christ returns to establish His kingdom. While we, as the church, won't be present during this time, the message of Revelation encourages us to stay faithful to Jesus and be vigilant, as He will return suddenly."
What role does Iran play in the end times?,"In the Bible, Iran, referred to as Persia, is mentioned as having a role in the end times. Specifically, the prophecy in Ezekiel 38 talks about Persia (modern-day Iran) allying with Russia and other nations to come against Israel. The prophecy foretells that while this coalition plans to invade Israel, God will intervene and protect His people, showing His power and holiness to the world. This emphasizes that God's plans are ultimately for the protection and fulfillment of His promise to Israel."
What is the Shemitah?,"The Shemitah is a concept from the Old Testament where every seventh year, Israelites were to forgive debts and let the land rest to help the poor and prevent perpetual debt. Although historically neglected, some modern interpretations and workarounds have emerged, like transferring debts to religious courts. Rabbi Jonathan Cahn popularized the idea in his book, suggesting that nations ignoring Shemitah principles, like America, may face divine judgment, although this is debated. Ultimately, Cahn calls for repentance and seeking salvation in Christ, which aligns with biblical teachings."
Is Barack Obama the antichrist?,"No, Barack Obama is not the Antichrist. This idea often stems from political disagreements, but the Bible’s description of the Antichrist doesn't match Obama. The Antichrist is a future world leader with specific traits and actions, such as a covenant with Israel and a role in end-times events, none of which are associated with Obama. Instead of focusing on conjecture, we should rely on Biblical teachings to be discerning about what’s to come."
What does it mean that humanity is made in the image of God (imago dei)?,"Being made in God's image, or ""imago dei,"" means that we are uniquely designed to reflect God in some key ways. It’s not about looking like God physically since God is spirit, but rather capturing aspects of His intellect, morality, and capacity for relationships. We have the ability to think, choose, create, and love, reflecting God's nature. Although sin has marred this image, through Jesus, God works to restore us, making us more like Him, filled with His righteousness and holiness."
What is the difference between the soul and spirit of humanity?,"In simple terms, the soul and spirit are two parts of our being that are often mentioned in Scripture. The soul is the essence of who we are, encompassing both our physical and non-physical traits, and it's what makes us uniquely ourselves. It can be thought of as our life force. The spirit, on the other hand, is the immaterial part of us that connects us with God. It’s the part that allows us to build a relationship with Him. While both are interconnected, they have distinct roles, with the spirit focusing on our divine connection and the soul reflecting our individual identity."
What does the Bible say about racism?,"The Bible teaches that all humans are part of one race—the human race, created equally in God's image. God loves everyone and shows no favoritism, and we are called to love each other in the same way. Racism, prejudice, and discrimination go against the teachings of Jesus, who died for all people. We should strive to see others as God does and love them as He loves us. While racism has been a part of history, we are encouraged to forgive and seek reconciliation, knowing that in Christ, we are all one."
"Are we all God’s children, or only Christians?","While God created everyone and loves the entire world, the Bible teaches that only those who have accepted Jesus and are spiritually reborn are considered God's children. Before accepting Christ, we are separated from God by sin. But through faith in Jesus, we are adopted into God’s family and become His children. It’s a beautiful gift of grace that transforms our relationship with Him."
What is the Christian view of human cloning?,"In Christianity, the concept of human cloning raises significant concerns because it involves the destruction of human embryos, which the Bible views as human life from conception (Psalm 139:13-16). Since humans are uniquely created in God's image, the process of cloning, which treats human life as a commodity, undermines this belief and God's sovereign role in creation (Genesis 1:26-27). While some argue cloning could aid medical advancements, this approach conflicts with the idea that humans are not merely biological machines but valued individuals with a God-given purpose. Ultimately, the ethics of cloning should be viewed through the lens of God's authority over human life, rather than human desire to control life."
What does the Bible say about euthanasia / assisted suicide?,"Euthanasia and assisted suicide are complex and sensitive topics. The Bible emphasizes that life is a sacred gift from God, and He alone should determine when it ends. While we shouldn't go to extreme lengths to keep someone alive, actively hastening death or ending a life prematurely goes against biblical teachings. Instead, it's important to seek God's wisdom in these situations, trusting in His perfect timing and purpose, even amid suffering."
What does it mean that we are fearfully and wonderfully made (Psalm 139:14)?,"When Psalm 139:14 says we are ""fearfully and wonderfully made,"" it's highlighting the amazing complexity and uniqueness of the human body. From our intricate DNA to our remarkable brain and immune system, every part of us speaks to the genius of our Creator. Our bodies can do incredible things, from healing themselves to performing complex tasks with ease. This intricacy not only shows God's marvelous work but also His deep love for us. Truly, in knowing our bodies, we glimpse a bit of His greatness and care."
Do human beings truly have a free will?,"Yes, humans do have free will in the sense that God allows us to make choices that impact our lives and destinies. While we can't do anything beyond our natural limits, like defying our sinful nature on our own, we are still accountable for our choices. The Bible repeatedly emphasizes our responsibility to choose wisely and to repent and believe. Ultimately, it is through God's grace and the work of the Holy Spirit that we can truly choose salvation and righteousness. Our actions are voluntary, and we're rightly held accountable for them."
"Does everyone have a ""God-shaped hole""?","The idea of a ""God-shaped hole"" suggests that each of us has an inner emptiness that only God can fill. This longing for something greater is placed in our hearts by God, and many people try to satisfy it with things like success, family, or hobbies. However, these things can never truly fulfill us because they aren't eternal. Only a relationship with God through Jesus can satisfy this deep yearning and fill that ""hole"" in our hearts."
Can man live without God?,"No, man can't truly live without God. While we might physically exist without recognizing Him, everything comes from God. He's our Creator and Sustainer, providing life and holding everything together. Even those who reject Him benefit from His grace. Without God, life lacks true fulfillment and peace. True life and lasting joy come from knowing Christ, as He offers us not just a temporary existence but eternal life. Ultimately, living without God leads to spiritual emptiness and separation from Him after this life."
How are human souls created?,"There are two main views about how human souls are created. The first, Traducianism, suggests that the soul is passed down from parents along with the body. This view finds some support in the Bible, though it struggles with explaining how an immaterial soul comes from a physical process. The second, Creationism, holds that God creates each new soul at conception, which aligns with some scripture but raises questions about how sin affects a newly created soul. Both views agree that the soul doesn't exist before conception, and ultimately, God is responsible for creating every soul."
Is the human soul mortal or immortal?,"The human soul is considered immortal, meaning it doesn't die but lives on forever. While our bodies are mortal and will eventually perish, our souls continue to exist after death. This belief is backed by Scripture, like when Jesus tells the thief on the cross they'll be together in Paradise, or when Paul mentions being present with the Lord after death. Our souls' immortality reflects God's eternal nature, and although God is immortal by His very essence, our immortality is given by Him. Ultimately, our souls will live eternally, either with God or apart from Him, and will be reunited with our bodies in the resurrection."
Why did God create us?,"God created us for His pleasure, not because He needed us or was lonely, but because He delights in creating and having a relationship with us. As His creations, we're made in His image, which means we have the ability to know, love, and worship Him. Although He is completely self-sufficient, it pleased Him to share His love with us and to enjoy the beauty of a genuine relationship with His creation. We can find joy in knowing Him and experiencing His love in return."
What is the cause of all the anti-Semitism in the world?,"Anti-Semitism is a tragic reality and has deep roots in history, often explained by misguided theories such as racial inferiority or economic power, among others. These theories, however, do not hold up under scrutiny. Ultimately, as a Christian perspective suggests, the world's hatred towards Jews is rooted in a spiritual battle. They are God's chosen people, and through them, God brought His Word and Jesus to the world. Satan's influence has fueled hatred against them throughout history, but God's promises to Israel stand firm, and His plans for them will ultimately prevail."
What is the breath of life?,"The ""breath of life"" is God's life-giving power that He breathed into man when He created us. In Genesis 2:7, God formed the first man, Adam, from the dust and then breathed His own breath into him, making him a living being. This breath symbolizes the spiritual and eternal life that sets humans apart as unique creations with a spirit, making us more than just physical bodies. It's a powerful reminder that God is our life source and His spirit within us gives us life and purpose."
What is the conscience?,"The conscience is like an inner compass that helps us discern right from wrong, based on our moral values. In the New Testament, it acts as a self-check, helping us assess our actions against God's standards. It's sensitive to our understanding of truth—mature believers have a stronger, clearer conscience, while those less informed might struggle more. Importantly, we're called to be considerate of others whose consciences might be weaker and prioritize love and compassion. Keeping our conscience clear involves staying close to God, continually learning from His Word, and softening our hearts to His guidance."
How did the Fall affect humanity?,"The Fall, when Adam and Eve sinned, had a profound impact on humanity. It caused separation from God, bringing sin and death into the world. This broken state means our natural tendency is to turn away from God, focusing on ourselves instead. But through Jesus, we can be reconciled to God, restored to a right relationship, and find eternal life. In essence, what was lost through Adam is reclaimed through Christ."
What is human nature?,"Human nature is what makes us uniquely human. Unlike animals, we have the ability to think and reason, which is a special gift from God. The Bible tells us that we are made in God's image, meaning we can reflect His attributes like love, compassion, and truthfulness. However, our nature is also flawed by sin, which distorts these qualities. Thankfully, when we trust in Christ, we receive a new nature, and through a process called sanctification, God works in us to help us grow more holy. This journey is ongoing and full of ups and downs, but ultimately, our new nature will be perfected in heaven."
What is the human soul?,"In simple terms, the human soul is the eternal part of us that isn't tied to our physical bodies. It’s what makes us truly human and continues to exist after we die. The Bible sees every person as an eternal soul, with a significant emphasis on the value and wholeness of life. Jesus is referred to as the shepherd of our souls, offering rest and salvation. While the soul seems closely linked to the spirit, they might have subtle differences, yet both capture the essence of our being. Ultimately, our souls are meant for eternity, and the choices we make determine whether we spend it in God’s love or apart from Him."
What is the human spirit?,"The human spirit is the part of us that God breathed into being, giving us life and a unique consciousness that sets us apart from animals. It encompasses our intellect, emotions, and creativity, and it's what allows us to connect with God. However, our spirit was damaged by sin, causing a separation from God. But through Jesus, our spirit can be renewed and brought back to life. When we accept Christ, the Holy Spirit joins with our spirit, guiding us and confirming that we are God's children."
Who are the people of God?,"The ""people of God"" refers to those who have a special relationship with Him. Originally, this was the nation of Israel, whom God chose to be His own. However, through Jesus, this invitation extends to everyone, regardless of background. Anyone who accepts Jesus as their Savior becomes part of God's family. It's not about nationality or good deeds, but a personal decision to follow Him. When we choose God, He welcomes us as His own."
What does it mean to be spiritually dead?,"Being spiritually dead means being separated from God, much like when Adam and Eve first disobeyed Him. This separation is not just about their sin but extends to all of us, as we inherit this disconnection from God and add to it through our own sins. Before finding salvation, we're unable to truly trust or understand God on our own. However, through Jesus and the work of the Holy Spirit, God offers us new life, regenerating us so that we can have a relationship with Him and experience eternal life. Faith in Jesus is the key to escaping spiritual death and entering into eternal life with God."
What is the heart?,"In the Bible, the heart isn't just about our feelings or desires; it's the spiritual center of who we are. While the heart can be deceitful and tainted by sin, God knows our hearts fully and desires to transform them. Through faith, God can create a new heart in us, filling us with His wisdom and desires. It's vital to guard our hearts because they are the source of our lives and shape who we become."
What does the Bible say about aging/growing old?,"The Bible views aging as a natural and honorable part of life, often associating it with wisdom and experience. Verses like Proverbs 16:31 highlight that ""gray hair is a crown of splendor,"" suggesting that a righteous life leads to honor in old age. As we age, life's brevity becomes more apparent, encouraging us to use our time and talents wisely, leaving a legacy of faithfulness. Even in the face of challenges like dementia, Ecclesiastes offers comfort by reminding us that our true purpose and hope are found in God, who fairly judges our lives based on how we've used the gifts He's given us."
What is Christian Anthropology?,"Christian Anthropology is about understanding what it means to be human from a biblical perspective. It explores questions like how we're made in God's image, the relationship between our body, soul, and spirit, and our purpose and identity in the world. It emphasizes that we're wonderfully made in God's eyes (Psalm 139:14) and sheds light on our fallen nature and the transformative power of Jesus' love and redemption. Essentially, it's about seeing ourselves as God sees us, as His beloved children, and understanding how we relate to Him and each other."
Does God need us?,"God doesn’t need us because He is completely self-sufficient, but we definitely need Him. Even though He has no need for anything, God loves us deeply and desires a relationship with us. His immense love was shown when He came to Earth as Jesus, willingly suffering and giving His life to reconcile us to Him. Through Jesus’ sacrifice, we are offered the gift of eternal life, and once we accept this gift, nothing can separate us from His love. It’s a beautiful and undeserved love that is always available to anyone who seeks it."
What does it mean that God gave humanity dominion over the animals?,"When God gave us dominion over the animals, He entrusted us with the responsibility to care for them wisely and compassionately. This doesn't mean we have free reign to mistreat or exploit them but rather to manage and steward them in a way that honors God and reflects His kindness. Just as God cares for all His creation, we are to use our authority over animals to nurture and protect them, treating them with respect and dignity. Our role is to act as caretakers, ensuring that all of creation is used for the good of both God and humanity."
What does it mean to be a part of the family of God?,"Being part of God's family means that when we hear the gospel and put our faith in Jesus, we become His children, adopted into His family through grace. As God's children, we inherit His kingdom and receive spiritual blessings, including peace with God and the Holy Spirit to guide us. This incredible gift of love and mercy is beyond what we could earn or deserve, and it invites us to respond in faith and gratitude."
"If God knew that Adam and Eve would sin, why did He create them?","God knew Adam and Eve would choose to sin, but He created them with free will to bring about His ultimate plan of redemption and to display His glory. Even in their disobedience, God's mercy, grace, and justice were revealed. Through the fall, we come to understand and experience God's love and forgiveness, especially as shown through Jesus on the cross. Essentially, their choice set the stage for God's grace to shine and for His love to be known fully in a world that would be redeemed and restored."
Individualism vs. collectivism—what does the Bible say?,"The Bible showcases a balance between individualism and collectivism, valuing both individuals and the community. It doesn't strictly side with one over the other. Instead, it emphasizes living for God's glory, which benefits both individuals and the group. For example, early Christians voluntarily shared their resources out of love, not obligation, highlighting a spirit of unity and generosity. Similarly, Jesus' parables show God's deep care for each individual. The Bible's true message is about being part of the Body of Christ, where each person has a unique role that complements the whole. So, rather than choosing sides, we should focus on honoring God, which bridges individual and collective needs."
What is the inner man?,"The ""inner man"" refers to our spiritual self, the part of us where God connects with us. While our outer self is our physical body that interacts with the world, the inner man is where the Holy Spirit works in us, helping us grow closer to God and make decisions that align with His will. This internal transformation is about renewing our minds and letting God's Spirit guide us, even though our physical desires might resist. Through Jesus, we can find victory in this struggle, as He empowers us to live fully in the Spirit, leading to a life that reflects God's love and truth."
Is abortion murder?,"Abortion is a deeply sensitive topic, and many grapple with whether it's considered murder. The Bible makes it clear that murder, the unlawful killing of a human, is wrong. Based on Scripture, life begins at conception, meaning a fetus is seen as a human being from that point. Thus, ending that life is viewed by many as taking an innocent life, aligning with the biblical definition of murder, regardless of its legal status in society. This perspective emphasizes God's law over human laws."
What is a mercy killing?,"A ""mercy killing,"" or euthanasia, is when someone chooses to end a life to avoid suffering from an incurable disease. While it may feel compassionate, it's a complex issue. The Bible acknowledges deep suffering but emphasizes that God is the one who gives and sustains life. Our faith calls us to trust God's plan, even when it's difficult to understand. Life and its end are in God's hands, and we honor that by seeking His guidance and wisdom."
What does the Bible say about population control / depopulation?,"The Bible doesn't specifically address population control, but it encourages us to ""be fruitful and multiply"" (Genesis 1:22, 28). It sees children as a blessing from God (Psalm 127:3–5). The real issue isn't the number of people, but rather how resources are managed and distributed. Unfortunately, some population control methods conflict with the Bible's teachings on the sanctity of life. The root problem is sin, as selfishness and greed lead to mismanagement of resources. Instead of reducing the population, we should focus on caring for each other and being good stewards of God's creation (Mark 12:31)."
"What is the purpose of man, according to the Bible?","The purpose of man, according to the Bible, is to glorify God. This means recognizing God as our Creator, worshiping Him, and living faithfully in relationship with Him. Because we are made in God's image, our lives find true meaning when we honor and obey Him. Though sin once separated us from God, Jesus' sacrifice allows us to restore our relationship and fulfill this purpose. Ultimately, each person has unique plans from God, but they all lead to His glory."
What does it mean to believe in the sanctity of life?,"Believing in the sanctity of life means recognizing that every human life is sacred because we are created in God’s image. This belief calls us to respect and protect human life in all its forms, standing against injustices like abortion, euthanasia, and human trafficking. It's about more than just acknowledging sacredness; our actions should be motivated by love for God and others, as Jesus taught. By loving our neighbor, we not only honor the sanctity of life but also see the value in caring for and protecting each other."
Why do people die?,"People die because of sin, starting with Adam and Eve's disobedience in the Garden of Eden. When they sinned, death entered the world, affecting all of humanity both physically and spiritually. This brokenness and separation from God have been part of human life ever since. But in His love, God sent Jesus to overcome death and offer us new life through Him."
Why is sleep/sleeping necessary?,"Sleep is a gift from God, reminding us of our human limitations and our dependence on Him. Just as God included rest in creation, He designed us to need sleep for our physical and mental well-being. It's a time for our bodies and minds to recharge, much like a computer rebooting. Sleep also allows us to start each day refreshed, ready to receive God's new mercies. While sleep is essential, the Bible warns against laziness, highlighting that balance is key. In every need, including sleep, we can be thankful to God for providing and sustaining us."
What does it mean to be human?,"Being human means reflecting God's image—having intellect, emotions, and a will, much like God does. We are created with a purpose: to care for the Earth and, most importantly, to know and glorify God. As humans, we have physical, emotional, and spiritual needs, and we hold moral responsibilities, discerning right from wrong. Sadly, we all fall short due to sin, but through Jesus Christ's sacrifice, we can be forgiven and restored to a relationship with God. Ultimately, being human is about being loved by God and having the opportunity to become His children through faith in Jesus."
What is anthropological hylomorphism?,"Anthropological hylomorphism is a way of understanding the relationship between body and soul, particularly associated with Aristotle and Thomas Aquinas. It suggests that, just as a brick is made of both clay (matter) and its shape (form), a human is made of both body (matter) and soul (form), which are deeply intertwined. While Aristotle believed that body and soul can't exist separately, Aquinas, influenced by Christian teachings, acknowledged that the soul can exist apart from the body but is incomplete without it. He believed that the soul awaits resurrection to be fully whole again, reflecting Christian beliefs about life after death."
What does the Bible say about the pre-existence of souls?,"The Bible doesn't support the idea that souls existed before birth. Each person is uniquely created by God at conception. The Bible clearly portrays our souls as beginning with our earthly bodies and continuing eternally after death. Jesus is the only one who existed before being born as a human. We are all unique creations meant to live one earthly life and then face judgment, with no pre-existing lives or bodies."
Can a person be born with the wrong gender?,"In our fallen world, many struggle with feelings of being born the wrong gender, but the Bible teaches that God created each of us intentionally as male or female (Genesis 1:27). While society may suggest various solutions, God's word reminds us to turn to Jesus for transformation and truth. Each of us has our own battles, and Jesus is sufficient to help us through them and bring us healing. Rather than altering our bodies, we can seek Christ's redeeming work to guide us toward peace and fulfillment."
Is it wrong for men to be effeminate or for women to be masculine?,"It's not about rigid definitions of what it means to be 'masculine' or 'feminine'—people vary greatly in how they express themselves. However, when someone intentionally rejects their God-given gender and takes on roles or characteristics of the opposite gender, it goes against God's design and intent. The Bible speaks against such actions, emphasizing that our true identity is found in God's plan for us, not in altering our identities. It's important to embrace the uniqueness God has given to each gender, reflecting His image in a way that honors Him."
What does the Bible say about ethnocentrism?,"The Bible teaches that ethnocentrism, or the belief that one's own ethnic group is superior, is sinful. We are all created in God's image, and He shows no favoritism. Jesus died for people from every tribe and nation, breaking down barriers of race and ethnicity. As Christians, we are called to love one another just as Christ loves us, leaving no room for discrimination based on race, ethnicity, or culture."
Does the Bible support eugenics?,"Eugenics, the attempt to improve humanity through selective breeding and other means, goes against biblical teachings. The Bible doesn't specifically mention eugenics, but its underlying ideas, such as the notion of ridding the world of ""undesirable"" people, contradict God's command for humanity to ""be fruitful and multiply"" without exception or racial modification. God values all people equally, as seen in Scripture, where He shows no favoritism and accepts those who do right from every nation. Instead of manipulating life, the Bible calls us to protect and care for the weak and disadvantaged, reflecting God's love and justice."
What is the guff?,"The term ""guff"" comes from Jewish tradition and refers to a place where all unborn souls are kept until they are born, and it's said the Messiah won't come until every soul has been born. However, this idea isn't found in the Bible. Instead, the Bible suggests that God creates each soul at the moment of conception, or that the soul is formed as part of conception's union. While the Bible isn't specific about the mechanics of soul creation, the guff concept doesn't align with biblical teachings."
Who was the oldest man in the Bible?,"Methuselah is the oldest man mentioned in the Bible, living 969 years according to Genesis 5:27. There's a fascinating tradition that suggests Methuselah's name means ""his death shall bring,"" hinting that the Flood came the year he died. He was the grandfather of Noah, and while we don't have many details about his life, it's likely he was a godly man. Methuselah's remarkable lifespan is part of the Bible's ""righteous line"" from Adam to Noah."
How should a Christian view misandry?,"As Christians, we should view misandry, or the dislike and prejudice against men, as a form of sin, just like misogyny, because it stems from hatred and prejudice. The Bible calls us to reject all forms of hatred and conflict between the sexes, as these are acts of our sinful nature. Instead, we should be guided by the Holy Spirit, embracing love, joy, peace, patience, and kindness in our relationships. It's important to resist the influence of a culture that promotes division and instead focus on living according to the Spirit, aligning our minds with the truths of Scripture."
Are we all related?,"Yes, we are all related. The Bible tells us that humanity started with Adam and Eve, and later, after the flood, with Noah and his family. This means we're all part of one big human family, connected not just by our shared ancestry but also by our shared nature. Spiritually, this reminds us that we all share in humanity's brokenness but are equally capable of reflecting God's image. Understanding this can help us treat each other with love and respect, as we are all unique creations of God."
What is the meaning of the saying “Christ is King”?,"The phrase ""Christ is King"" celebrates Jesus' ultimate authority over all, but sadly, it's been misused by some to promote anti-Semitism. This is a sinful distortion since racism contradicts the Bible's message that all people are made in God's image and are equally valued. Jesus' kingship means we should honor Him with full devotion and stand firm against any misuse of His name or teachings. The Bible clearly portrays Jesus as the King of all, and we should proclaim this truth with love and integrity, while also condemning any form of hatred or racism."
What is cultural appropriation?,"Cultural appropriation involves taking elements from another culture—like clothing, music, or symbols—in a way that’s disrespectful or insensitive, often by a more dominant culture from a minority one. It's like when someone uses these elements to mock or trivialize the culture they come from. As Christians, we're called to love and respect others, appreciating their cultures without misusing or misrepresenting them. It's about showing respect for what others value and living out God's love in our interactions."
"What is intersectionality, and is it biblical?","Intersectionality is about how different types of discrimination overlap, like a black lesbian woman facing biases for being a woman, black, and gay. While the Bible doesn't use the term, it recognizes overlapping discriminations, as seen with the Samaritan woman in John 4 facing gender, racial, and social stigma. Ultimately, the root issue is sin, which Jesus came to redeem us from. As Christians, we're called to acknowledge discrimination and work against it by sharing Christ's transformative love, focusing on unity rather than division."
What were the Jim Crow laws?,"Jim Crow laws were state and local laws that enforced racial segregation in the United States, particularly in the South, from about 1877 to the 1950s. They mandated separate facilities for black and white people in schools, restaurants, and more, and even banned interracial marriage in many states. Despite constitutional amendments meant to protect rights for all, these laws persisted until key court cases and civil rights legislation in the 1960s began to dismantle them. As Christians, we believe that God created all people equally, and showing favoritism or treating others as second-class is against His teachings."
What does the Bible say about reproductive rights?,"The Bible emphasizes God's authority over reproduction, beginning with His command to Adam and Eve to ""be fruitful and multiply."" This indicates that reproduction is both a command and a divine involvement. Throughout scripture, God is portrayed as the giver of life, valuing it from the womb. While ""reproductive rights"" today often refer to the right to abortion, the Bible suggests that no human has the right to end an innocent life, as life is sacred and known by God even before birth. While couples can decide on family size using appropriate methods, the right of an unborn child to live surpasses individual rights."
Is the inner child a biblical concept?,"The idea of an ""inner child"" isn't directly biblical, though some aspects, like valuing joy and childlike wonder, align with Scripture. The Bible encourages simple joy and childlike faith (Matthew 18:2-3) but doesn’t support the idea of a ""real you"" hidden by life's challenges. Instead, it teaches that our sin nature, not a neglected ""inner child,"" influences our negative actions. True transformation comes through a relationship with Christ, not through self-focused healing. So, when we talk about the ""inner child"" in terms of joy and delight, it's compatible with a biblical view, but it shouldn't replace core biblical teachings on sin and redemption."
What is the enemy within?,"The ""enemy within"" refers to the internal struggle we all face between our desires and living according to God's Spirit. Paul talks about this battle in Romans, acknowledging that even when we want to do good, we often find ourselves tempted by our own sinful nature. Similarly, Jesus mentioned that while our spirit may be willing, our flesh is weak. Overcoming this internal struggle requires us to deny the selfish parts of ourselves, rely on the power of Christ's sacrifice, and walk with the Holy Spirit. With God's help, we can resist these temptations and strive to live righteous lives."
Who is man in the sight of God?,"In God's eyes, humans are incredibly special and deeply loved. Despite being small in comparison to the vast universe, God created us in His image, giving us the responsibility to care for His creation. We often forget our dependence on God, thinking we can get by on our own. However, God sees us clearly and desires for us to rely on Him entirely. His love is so immense that He sent Jesus to take on our nature and offer us eternal life. Through faith in Christ, we are welcomed as His beloved children, forgiven and set free."
What was the average life expectancy in the Bible?,"In the Bible, people lived incredibly long lives, with figures like Adam reaching 930 years and Methuselah 969 years. These lengthy lifespans have prompted much discussion, with some seeing them as symbolic. After Noah's flood, life expectancy began to decline, with later figures like Moses living 120 years and David around 70. These long lives remind us that death wasn't part of God's perfect creation, pointing instead to His design for eternal life. Through Jesus, we are offered the gift of eternal life, defeating the curse of death brought by sin."
Are there any true differences between millennials and people from other generations?,"Millennials have grown up with rapid technological changes, which naturally influences how they connect and communicate, often through social media. While some may see them as self-centered or lazy, this isn't a new generational critique; older generations have often been misunderstood by those before them. The Bible reminds us that differences in outward behavior don't change our shared spiritual need for salvation through Jesus. Rather than criticize, it's more fruitful to mentor and encourage younger generations in faith. Ultimately, no age group is exempt from the universal challenge of sin, and everyone needs the grace offered by God."
What does the Bible say about women’s rights?,"The Bible recognizes that women are cherished creations of God and deserve to be treated with respect and dignity. Historically, God set laws for the Israelites that aimed to protect and elevate the status of women compared to the surrounding cultures of the time. While some people argue that the Bible has been used to justify mistreatment, it actually encourages a view where women are valued as equals, reflecting the image of God. Women have the right to be treated fairly, to live safely, and to flourish in their God-given roles, respected for the unique qualities God gave them. However, any rights claimed should align with biblical principles rather than contradict them."
How should Christians view the Black Lives Matter movement?,"Christians should approach the Black Lives Matter movement with discernment. While the concept that black lives matter is deeply biblical—affirming that every person is made in God's image—some beliefs and actions of the BLM movement don't align with Christian teachings. It's essential to support the fight against racism and promote equality, but it's also crucial to be cautious about ideologies within the movement that contradict biblical values, like Marxism or disrupting the family structure. Ultimately, our focus should be on Christ as the true solution to racism and division, promoting peace and reconciliation through Him."
"If the Bible teaches gender equality, why has gender inequality always been the norm?","The Bible teaches that men and women are equally valued, as both are made in God's image. However, the presence of sin has led to inequality and mistreatment throughout history. While the Bible sometimes reflects the cultural norms of its time, which may seem to depict inequality, its core message emphasizes the equal worth of all people in the eyes of God. Sin is what has caused the disparity, not God's design, which calls for mutual respect and complementary roles."
What is the meaning of the Hebrew wordadamah?,"The Hebrew word *adamah* means ""ground"" or ""soil,"" and it's closely related to the name Adam, highlighting the connection between humanity and the earth. In Genesis, God forms Adam from the *adamah*, and after sinning, Adam is told he will return to it—representing the cycle of life and death. Our earthly nature links us to Adam's curse, but through Jesus, the ""Last Adam,"" we find redemption and hope beyond this earthly connection."
What is the meaning ofman’s inhumanity to man?,"""Man's inhumanity to man"" refers to the cruelty we can show each other, treating others as less than human. This sorrowful phrase highlights the immense suffering caused by our actions throughout history. The Bible explains that this inhumanity stems from sin that affects us all, but it doesn't leave us without hope. Through Jesus' sacrifice, we can find forgiveness and become new creations, seeing others through God's eyes, with love and compassion. Even in tragedy, God can bring about good and give us hope amidst the suffering."
Is it wrong for a Christian girl/woman to be a tomboy?,"It's not wrong for a Christian woman or girl to be a tomboy. God created us with unique personalities and interests, and being a tomboy can simply mean enjoying activities or careers that are traditionally seen as masculine. However, it's important for a Christian tomboy to remember her identity in Christ and embrace her femininity as God designed. This doesn't mean she can't be involved in ""tomboyish"" things, but she should be mindful of how she represents herself and her faith. Ultimately, keeping Christ at the center of her identity will guide her in fulfilling her God-given purpose."
What is the biblical view of white privilege?,"The Bible doesn't mention ""white privilege"" directly, as it's a modern term, but it does address privilege and how it should be handled. Biblically, God values all people equally, regardless of race or wealth (Galatians 3:26-29). Christians are encouraged to avoid favoritism and to generously share with and serve others, especially those in need (James 2:1-4, 1 Timothy 6:17-19). If we find ourselves in a position of privilege, our response should be one of gratitude and stewardship, using our blessings to help others (Luke 12:48)."
Are men and women equal in God’s eyes?,"In God's eyes, men and women are equal because both are created in His image, share in the need for grace, and are equally loved and redeemed. While the Bible does speak of different roles for men and women, especially in the home and church, these roles don't reflect a difference in value or worth. Just as a hammer and screwdriver have different purposes but are equally important, men and women complement each other in a way that glorifies God. Spiritually, they stand equal before God, each with unique roles designed to work together harmoniously."
What does it mean to have spiritual life?,"Having spiritual life means being connected with God through faith in Jesus Christ. Before knowing Christ, we're spiritually dead and separated from God. But when we trust in Jesus for forgiveness, the Holy Spirit enters us, giving us new spiritual life. This life is about growing in our relationship with God and letting the Holy Spirit guide us, helping us to live more like Jesus each day. It's not about our efforts but about allowing God to work in and through us, bringing out the characteristics of love, joy, and peace in our lives."
How many genders are there?,"The Bible teaches that God created two genders: male and female, as described in Genesis 1:27. Although society's understanding of gender has evolved, with many identifying various gender identities beyond male and female, the biblical view holds steady. It's essential to approach this topic with love and compassion, acknowledging that everyone is made in God's image and deserving of dignity and respect. While we uphold the truth of scripture, we should always strive to ""speak the truth in love"" (Ephesians 4:15) and ensure that everyone feels valued and heard."
What is anti-natalism?,"Anti-natalism is the belief that bringing children into the world is morally wrong. This philosophy can be seen in different forms: some think humans are harmful to the world, others believe life is too full of suffering, and some are concerned about environmental impacts. However, the Bible teaches that human life is a gift from God, and each person is created with purpose and value. God delights in creation and desires us to reflect His glory, encouraging us to embrace and cherish life, despite life's challenges."
Why did God put us on earth instead of taking us immediately to heaven?,"God put us on earth to reveal His glory and for us to know Him through Jesus. We are uniquely designed to live here and to share His love with others by being ""salt and light"" in the world. Our earthly journey is about growing to be more like Christ and doing good works that glorify Him. While earth is not our final destination, it's where we fulfill God's purpose until we meet Him face-to-face."
What truly happened at the fall of man?,"The fall of man, as described in Genesis, happened when Adam and Eve disobeyed God by eating from the tree of the knowledge of good and evil, influenced by Satan in the form of a serpent. This act of disobedience introduced sin into the world, breaking the perfect relationship they had with God and bringing a curse upon creation. Despite the consequences of sin, God promised redemption through Jesus, the ""Seed of the woman,"" who would ultimately restore humanity and creation. Our hope lies in trusting Jesus' sacrifice, knowing that one day God will make all things new and restore what was lost."
"What is the mind, biblically speaking?","In the Bible, the ""mind"" often refers to the inner being, which includes our thoughts, emotions, and will, all combined. In both the Old and New Testaments, terms like ""heart"" and ""mind"" are used interchangeably to express this whole-person perspective. When Jesus talks about loving God with all our heart, soul, and mind, He's emphasizing a complete, all-encompassing love rather than separating intellect from emotion. It's less about making modern distinctions and more about the fullness of our devotion and being directed towards God."
Why did God give us free will?,"God gave us free will because genuine love requires the ability to choose, even if that means choosing against God. While our free will is limited by our own desires and physical constraints, it allows us to make real, uncoerced choices. God desires all to come to Him, but He won't force anyone; instead, He offers the chance for us to respond to His love. Ultimately, our free will exists to bring glory to God, even though we may not fully understand all His reasons."
Why am I held accountable for my sin when I didn’t ask to be born?,"I understand that questioning why we're held accountable for our sins when we didn't ask to be born is a tough one. It boils down to the fact that once we exist, we have the responsibility of how we live our lives. Just like a potter has the right to shape clay, God, as our Creator, has the authority to hold us accountable. Though we didn't choose to be born, we do have the choice to accept God's offer of eternal joy through salvation. Life might be challenging, but it's also a unique chance to connect with God and seek eternal happiness."
Why am I here?,"You're here to glorify God and to know Him. God created each of us with purpose, to reflect His image and to live in relationship with Him. Through Jesus, we can be reconciled to God, freeing us from sin and filling our lives with meaning. Our lives should be a testament to His love and goodness, preparing us for eternity with Him. So, in everything you do, from the simplest task to the greatest endeavor, aim to honor God and share His love with others."
What does Paul mean when he writes of the natural man?,"When Paul talks about the ""natural man"" in 1 Corinthians 2, he's referring to someone who hasn't yet accepted God's Spirit and is still living in their original, worldly way. This person can't grasp the deep things of God because they seem foolish without the Holy Spirit's insight. Essentially, the natural man is guided by worldly desires rather than spiritual truths. However, through faith in Christ, God transforms us from our natural state into a spiritual one, allowing us to live in tune with His Spirit."
What is the human consciousness?,"Human consciousness is essentially our awareness of ourselves and our surroundings. While the Bible doesn't directly define it, it offers insights that suggest consciousness is part of being made in God's image, showing our ability for self-awareness and thought. It's influenced by the body but isn't just a physical process, and it's distinct from our ""self"" and ""conscience."" Only God and the individual truly perceive it, and it forms an integrated part of our being, meant to align with God's will. Though complex and mysterious, our consciousness is a fundamental part of what it means to be human."
What is the definition of a man in the Bible?,"In the Bible, a man is understood as a male person created in God's image, just like a woman. Men and women were designed to complement each other, forming the fullness of humanity together. Men have specific roles, often outlined as spiritual leaders and loving servants within families and communities. Ultimately, being a man means living out God's design with love, integrity, and humility, reflecting His glory in how they treat others and serve Him."
What is kingdom race theology?,"Kingdom race theology, introduced by Dr. Tony Evans, is a biblical approach that focuses on the unity and diversity of God’s people, advocating for racial reconciliation and justice. It teaches that every person is made in the image of God and that the kingdom of God surpasses all racial and cultural boundaries. Inspired by Jesus' teachings and the early church, kingdom race theology celebrates our differences while calling Christians to actively pursue justice, repentance, and unity, as these are key aspects of living out the gospel and reflecting God's love."
What is man?,"In the Bible, ""man"" often refers to all of humanity, both male and female, made in God's image. This means we're unique among creation, given the role of representing God and having dominion over the earth. While sin has affected our nature, God, in His love, offers redemption and a path to know Him through faith in Jesus Christ. Through this relationship, we can fulfill our purpose and reflect God's image, ultimately enjoying a restored eternal life with Him."
Why did God make man out of the dust of the earth (Genesis 2:7)?,"In Genesis 2:7, God created man from the dust to highlight our unique place in creation and our deep dependence on Him. Unlike the rest of creation, which God spoke into being, humans were formed with care and given life through God's own breath. This shows both the humble origins and the divine breath that make us special. Our lives are precious and fragile, reminding us of our need for God and calling us to worship and serve Him wholeheartedly."
Why do some cultures practice female genital mutilation (FGM)?,"Female genital mutilation (FGM) is a harmful cultural practice found in parts of Africa, the Middle East, and Asia, where it is wrongly associated with ideas of purity and marriageability. Despite its deep roots in some societies, FGM has no health benefits and often leads to severe health and psychological problems. It is not supported by any major religion. The practice stems from societal pressures rather than any divine command. The hope for change lies in spreading the gospel and teaching God’s love and respect for all people, which can transform harmful cultural norms and promote the dignity and well-being of every individual."
Why is Adam blamed for the fall of humanity when Eve sinned first?,"Even though Eve sinned first by eating the forbidden fruit, Adam is held responsible for the fall of humanity. The Bible emphasizes Adam's role because he was created first, received God's command directly, and was the leader of his family. In Romans 5, Paul explains that sin entered the world through Adam, not Eve. Adam's choice to disobey was made knowingly, without being deceived, which is why he's seen as the representative of humankind in bringing sin into the world. Thankfully, just as sin came through Adam, grace and salvation come through Jesus, the ""last Adam."""
What is the definition of a woman in the Bible?,"In the Bible, a woman is made in God's image, just like a man, and both genders are equal in His eyes. Women were created to be a companion and complement to men, each with distinct roles that reflect God's nature. Biblically, women have been seen as supportive partners, mothers, and active contributors to the community and church. While women are encouraged to support their husbands, this support is mirrored by the husband's love and sacrifice, showcasing a partnership that reflects Christ's relationship with the church. When women embrace their God-given roles, they honor God and His glory."
What is the Christian Identity Movement?,"The Christian Identity Movement is a troubling group that mixes Christianity with racist and anti-Semitic beliefs. They wrongly claim that white people, especially those from Britain and America, are the true descendants of Israel, twisting Scripture to support their views. They also believe in a violent end-times scenario, which goes against the Bible's teachings. The Bible clearly states that God's love and salvation are for all people, regardless of race, and that Jesus will return without human intervention. True favor with God depends on faith in Christ, not ethnicity."
When does a life in the womb become a human being?,"In the Bible, life is seen as beginning at conception. Passages like Psalm 139 describe how God forms and knows us even before birth, suggesting personhood starts in the womb. Other scriptures, like those about John the Baptist and Samson, refer to unborn children as living beings with a God-given purpose. So, according to these biblical teachings, human life is precious and begins from the moment of conception."
What is the creation mandate / cultural mandate?,"The creation mandate, found in Genesis 1:28, is God's direction for humanity to responsibly care for the earth and multiply according to His design for relationships and families. It gives humans authority over the earth's resources but also calls us to steward them wisely and with respect. The cultural mandate builds on this by encouraging us to live in ways that reflect God's will in all aspects of our lives, including how we influence culture, politics, and society. It's important, however, not to confuse this with forcing Christian beliefs through government, which goes against Christ's teaching that His kingdom is not of this world. Instead, our role is to lovingly influence the world around us, acting as the ""salt of the earth"" to promote goodness and godly values."
Why did God give some people a higher IQ than He gave others?,"God designed each of us uniquely, with different gifts and abilities, for His purposes. A high IQ doesn't determine our worth or our ability to know God. In fact, God often uses what the world sees as weak or foolish to show His strength and wisdom. Everyone, regardless of intellect, can serve and glorify God by using the gifts He has given them. Ultimately, knowing and walking with God is what truly matters, and this isn’t dependent on intelligence."
What is the origin of man?,"The origin of man, according to the Bible, comes from God's direct creation, as described in Genesis. God made humans in His own image, breathing life into them and giving them a unique role in creation. While some scientific theories suggest evolution, as Christians, we believe that God created Adam and Eve as the first humans, from whom all humanity descends. This biblical account emphasizes our special place in creation and our relationship with God, as well as the unity of the human race in both sin and the salvation offered through Jesus Christ."
What is systematic theology?,"Systematic theology is like organizing a big puzzle. It takes teachings from the entire Bible and arranges them into categories to help us understand things more clearly, like who God is, what salvation means, or what happens in the end times. It's about making sense of the Bible in an organized way, covering topics like the study of God (Theology Proper), Jesus (Christology), the Holy Spirit (Pneumatology), and many others. There are also other approaches, like biblical theology, which focuses on specific books of the Bible, and historical theology, which looks at how beliefs have developed over time. The key is to study theology, no matter how it's divided, to deepen our understanding of faith."
What is a Christian worldview?,"A Christian worldview is like looking at life through a lens shaped by the teachings of the Bible. It answers life's big questions by recognizing that we are God's creation, meant to live in relationship with Him, that sin has caused problems in the world, and that Jesus' sacrifice offers redemption and hope for restoration. This perspective influences every part of our lives, helping us see the world in terms of moral absolutes and the possibility of miracles and redemption. Christianity isn’t just for Sundays; it's a comprehensive way of living and understanding the world."
What is dispensationalism and is it biblical?,"Dispensationalism is a way of understanding the Bible that sees history divided into different periods or ""dispensations"" where God interacts with humanity in specific ways. It emphasizes a literal interpretation of Scripture, especially concerning prophecies, and views Israel and the Church as distinct in God's plans. Dispensationalists believe that God's promises to Israel in the Old Testament will be fulfilled in the future, and they typically hold a premillennial view of Christ's return. It's a perspective that seeks to honor the specific ways God communicates and fulfills His promises throughout the Bible."
What is predestination?,"Predestination is a biblical concept where God, in His sovereignty, determines certain things to happen ahead of time. According to Scripture, He decides that certain people will be conformed to Christ, called, justified, and glorified. It's important to remember that this doesn't mean people can't choose to believe in Jesus; both God's choice and our responsibility to believe work together in a mysterious way. While some feel this seems unfair, it's a truth rooted in God's justice and grace, as none of us deserve salvation. God’s desire is for everyone to come to repentance, and His choices are always personal and relational, never random."
What is premillennialism?,"Premillennialism is the belief that Jesus will return to earth before a literal 1,000-year reign, known as the Millennium. In this view, the Bible's promises to Israel and the church are seen as distinct, and a literal interpretation of Scripture is key. This means understanding the context and audience of biblical passages, and recognizing the unconditional promises God made to Abraham and David. Those promises, including land for Israel and a throne for a descendant of David, are expected to be fulfilled in Jesus' future reign, as described in Revelation 20."
What is amillennialism?,"Amillennialism is a way of understanding the end times that sees the ""1,000-year reign"" mentioned in Revelation not as a literal period, but as symbolic of the current church age. It's believed that Christ's first coming began His kingdom and that His return will complete it. In this view, the 1,000 years are happening now in a spiritual sense, with Satan's influence limited so the gospel can spread. Jesus' return will be sudden and visible, marking the end and the arrival of a new creation. While some Christians hold different beliefs about this, amillennialism has deep roots in church history."
What is postmillennialism?,"Postmillennialism is the belief that Jesus will return after a ""millennium"" or a long period of Christian influence and prosperity, rather than a literal 1,000-year reign. People who hold this view think that the world will gradually become more Christianized before Christ's return. However, this perspective is challenged by other interpretations of Scripture, which suggest that the end times will be difficult, as seen in Revelation and 2 Timothy. Unlike postmillennialism, these interpretations tend to take biblical prophecies more literally, based on the idea that past prophecies were fulfilled in a straightforward manner."
What are the various theories on the atonement?,"The atonement of Christ is a profound and multifaceted topic with various theories throughout church history. Some of these include the Ransom to Satan theory, which mistakenly suggests Christ's death was a payment to Satan, and the Recapitulation theory, which sees Christ reversing Adam's disobedience. The Moral Influence and Example theories focus on Christ's life and death as an example of love and obedience, but these often overlook the necessity of a true sacrifice for sin. The Governmental theory views Christ's death as a demonstration of God's justice and law, while the Penal Substitution theory believes Christ paid the penalty for sin on our behalf, which aligns closely with Scripture's teaching on atonement. Understanding these theories helps us grasp the depth of Christ’s sacrifice and its significance for our faith."
What is Christian ethics?,"Christian ethics is about understanding how to live a life that pleases God by applying the principles found in the Bible. While the Bible doesn't give specific instructions for every situation, it provides guidance through its teachings, like the call to honor our bodies and respect authority. When we're unsure, prayer and the Holy Spirit help us discern the right course of action. Ultimately, it's about aligning our actions with Biblical principles, even when faced with modern dilemmas."
What is Christian apologetics?,"Christian apologetics is about defending the Christian faith by explaining why we believe what we believe. It involves giving thoughtful and respectful answers to questions about Christianity, as mentioned in 1 Peter 3:15, which encourages us to share our hope with gentleness. There are different ways to do this, like using evidence to support our beliefs or addressing assumptions that oppose Christianity. But no matter the approach, it's important to be kind and Christlike in our discussions. Ultimately, every Christian should be prepared to share and defend their faith with love and respect."
What is Covenant Theology?,"Covenant Theology is a way of understanding the Bible through the idea of covenants, which are like agreements between God and humanity. It highlights two main covenants: the covenant of works, where Adam was promised life for obedience, and the covenant of grace, where God offers salvation through faith in Jesus. This approach sees God's promises, like those to Abraham and David, as finding their ultimate fulfillment in Jesus Christ. Unlike Dispensationalism, which interprets the Bible as unfolding in different eras or ""dispensations,"" Covenant Theology views the Church as the continuation of God's people, encompassing the promises made to Israel. Ultimately, it's a Christ-centered way to read Scripture, focusing on God's consistent grace throughout history."
What is divine providence?,"Divine providence is the way God wisely and lovingly guides everything in the universe. It means that God is in control of all things, working through both natural events and human choices to fulfill His good purposes. Even when things seem chaotic or sinful, like in the stories of Joseph and Judas, God allows certain actions but uses them to bring about a greater good. This doesn't mean our free will is destroyed; rather, God incorporates our choices into His plan. Ultimately, God's providence assures us that He is sovereign and always working for the good of those who love Him."
What is general revelation and special revelation?,"General revelation is how God shows Himself to everyone through nature and creation. It's like the beauty of a sunset or the vastness of the stars that speak of His power and creativity. Special revelation, on the other hand, is when God reveals Himself in more direct ways, like through the Bible, dreams, or most importantly, through Jesus Christ. Jesus is the clearest picture of who God is and what He has done for us, offering us salvation and a way to truly know Him."
What is Reformed Theology?,"Reformed Theology is a way of understanding Christian faith that dates back to the Protestant Reformation in the 16th century. It emphasizes the authority of the Bible, God's complete control over creation, salvation through God's grace alone, and the importance of sharing the gospel. Key beliefs include the ""five points of Calvinism"" (TULIP), which describe human sinfulness, God's selection of people for salvation, Christ's specific work for those chosen, the irresistible nature of God's grace, and the eternal security of believers. Reformed Theology also values evangelism, holy living, and the teachings of early Reformers like John Calvin. You can find this tradition in churches like Presbyterian and some Baptist congregations."
What is replacement theology / supersessionism / fulfillment theology?,"Replacement theology, or supersessionism, is the belief that the church has taken the place of Israel in God's plan, meaning the promises to Israel in the Bible are now for the church. However, many argue against this, highlighting Israel's survival and the reformation of the Jewish state as evidence that God still has plans for Israel. Dispensationalism, a different view, teaches that after the rapture, God will refocus on Israel, leading to its restoration and pivotal role during Christ's thousand-year reign on earth, as described in Revelation 20. This perspective sees the church and Israel as distinct, with God ultimately fulfilling His promises to both."
What is antinomianism?,"Antinomianism is the belief that Christians aren't bound by any moral laws. While it's true that Jesus fulfilled the Old Testament laws, antinomianism misunderstands this and wrongly suggests that Christians don't need to follow any moral guidelines. However, the Bible teaches us that we are to follow the ""law of Christ,"" which is centered on love—loving God fully and loving our neighbors as ourselves. Though we're not under the old legal codes, God's grace calls us to live with integrity and obedience out of gratitude for His love and salvation, striving to live like Jesus."
"What is Arminianism, and is it biblical?","Arminianism is a belief system that tries to balance God's control with human free will, especially regarding salvation. Named after Jacobus Arminius, it emphasizes human responsibility and includes ideas like partial depravity, conditional election, unlimited atonement, resistible grace, and conditional salvation. Some Calvinists agree with the idea of unlimited atonement, meaning Jesus died for everyone. While Arminianism has its supporters, others see some of its tenets as less biblically grounded compared to Calvinism. Both systems attempt to understand the complex relationship between God's sovereignty and our free will, a mystery only fully known to God."
What are the covenants in the Bible?,"In the Bible, there are several key covenants, with four made specifically with Israel (Abrahamic, Palestinian, Mosaic, Davidic) and three with humanity as a whole (Adamic, Noahic, New). The Abrahamic, Palestinian, and Davidic covenants are unconditional, meaning God will fulfill them regardless of Israel's actions, while the Mosaic Covenant depends on Israel's obedience. The Adamic and Noahic covenants address all humanity, with God promising never to flood the earth again. The New Covenant, established through Jesus, offers forgiveness and salvation to all people. Christians differ on how these covenants apply today, especially concerning Israel and the church."
What is black liberation theology?,"Black liberation theology is a movement that seeks to apply Christian theology to the struggles of African and African-American communities, focusing on liberation from social injustices. While it highlights important issues of racism and inequality, the concern is that it focuses more on earthly liberation than on the spiritual message of the gospel, which centers on salvation through Jesus. The true transformation, according to the gospel, comes from addressing the root issue of sin, leading to a change in heart and unity among believers. Jesus calls us to love one another and be united in faith, transcending racial and social divides."
What is Calvinism and is it biblical?,"Calvinism is a theological framework that can be remembered by the acronym TULIP, which stands for Total Depravity, Unconditional Election, Limited Atonement, Irresistible Grace, and Perseverance of the Saints. These doctrines suggest that humans are wholly sinful and unable to choose God on their own, so God elects certain people to salvation. Jesus' sacrifice is seen as specifically for those elected, and those chosen by God will inevitably come to faith and remain in it. While Calvinists find biblical support for these ideas, others, like four-point Calvinists, argue that Jesus died for everyone, not just the elect. This debate centers around interpretations of Scripture and the nature of salvation."
What is compatibilism?,"Compatibilism is the belief that God's sovereign plan and human free will can coexist. Despite our actions seeming freely chosen, they align with God's purpose. For example, in the Bible, Joseph's brothers and the Assyrians acted with their own intentions, yet their deeds fulfilled God's plan. Similarly, Jesus' crucifixion was ordained by God but carried out by human hands. Essentially, while we act freely according to our nature, God’s will is ultimately accomplished, and we are accountable for our choices. It's a mystery that reminds us to trust in God's wisdom beyond our understanding."
What are the cosmological arguments for the existence of God?,"The cosmological argument for God's existence is based on observing that everything in the universe has a cause. Picture this: just like a tree comes from a seed, which in turn comes from another tree, everything has a beginning and a cause. This can't go on forever, so there must be a first cause that itself wasn't caused by anything else. This ultimate cause, outside of time and existence as we know it, is what we believe to be God. The argument has two forms: one suggesting the universe needed a starting point (horizontal) and the other proposing God sustains existence right now (vertical). Both point to God as the necessary first cause."
Who are the elect of God?,"The ""elect of God"" refers to those whom God has chosen for salvation. There are two main views on how God makes this choice. One view suggests that God foresees who will choose Him through their free will and elects them based on that knowledge. The other view, often called the Augustinian view, believes that God chooses entirely by His sovereign will, not based on anything we do. This belief holds that God's choice is both free and gracious. Both God's sovereignty and our responsibility in choosing faith are truths that the Bible upholds, even if they seem complex to us. Ultimately, we can trust that God’s love and plan are perfect, and His desire is for all to come to salvation."
What is fatalism? What is determinism?,"Determinism is the belief that every event in the universe has a cause and is governed by set laws, often seen as incompatible with free will. Fatalism, on the other hand, suggests that everything is predetermined by a higher power, leaving no room for human choice. In Christianity, while God knows what will happen, this foreknowledge doesn't eliminate our free will to make choices; God simply knows the choices we will freely make. Unlike fatalism, the Bible teaches that God has a purpose for everything, guiding events according to His sovereign will, but allowing us to choose freely."
What is Fundamentalism?,"Fundamentalism in Christianity is a movement that emphasizes sticking to the core beliefs of the faith, like the Bible being literally true, the virgin birth, Jesus' atonement through the cross, His resurrection, and His return. It started in response to modern ideas that seemed to challenge traditional Christian beliefs. While some folks might see Fundamentalists as extreme, they aim to uphold and protect biblical truth. Over the years, Fundamentalism has influenced politics and culture, but at its heart, it's about standing firm in faith."
What is hyper-Calvinism and is it biblical?,"Hyper-Calvinism is the belief that God saves people solely through His will, without much emphasis on evangelism, preaching, or prayer. This view overly stresses God's sovereignty and neglects the role of human responsibility in salvation. It often leads to a lack of desire to share the gospel and can result in a cold and fatalistic faith. The Bible, however, teaches that while God is sovereign, His love motivates salvation, and He calls believers to actively share His message of reconciliation with others."
Are Israel and the church the same thing?,"Israel and the Church are not the same; they represent different parts of God's plan. Israel is God's chosen people, and through them, Jesus came to bless all nations. The Church, made up of believers in Christ, is grafted into God's family, sharing in His promises. While the Church benefits from these blessings, God's promises to Israel remain valid and distinct. Both Israel and the Church play unique roles in God's redemptive plan, and one does not replace the other."
What is the difference between the Kingdom of God and the Kingdom of Heaven?,"The terms ""Kingdom of God"" and ""Kingdom of Heaven"" actually refer to the same thing. While ""Kingdom of Heaven"" is used exclusively in the Gospel of Matthew, ""Kingdom of God"" appears in other Gospels like Mark and Luke. Jesus himself uses both terms interchangeably, showing that there is no real difference between them. Essentially, they both describe God's rule and reign."
What is liberation theology?,"Liberation theology is a movement that looks at Scripture through the lens of the poor, emphasizing the need for Christians to work towards justice and change, much like Jesus did. It originated in Latin America as a reaction to poverty and oppression. While it highlights the Bible's calls to care for the oppressed, some critics argue it risks equating social activism with the core gospel message. Critics also caution against its potential alignment with Marxist ideas, warning that the gospel is meant for everyone, not preferring any socio-economic group. Ultimately, while liberation theology brings attention to the plight of the marginalized, it’s important to remember that our primary mission as Christians is spiritual, reaching out to all people with the love and truth of Jesus."
Monergism vs. synergism—which view is correct?,"Monergism and synergism are two views about how salvation works. Monergism teaches that God alone saves us, and even our faith is a gift from Him, aligning with the beliefs of Calvinism and some Arminians. Synergism suggests that while God does most of the work, we must also contribute through actions like faith or good works, which is considered unbiblical by many because it implies adding to God's grace. The Bible supports monergism, emphasizing that God is the one who initiates, completes, and secures our salvation, highlighting His sufficiency and grace."
What is moral theology?,"Moral theology in the Roman Catholic Church is all about understanding how we should live to be close to God. It focuses on making everyday decisions that align with Church teachings and explores concepts like freedom, conscience, love, and responsibility. Think of it as a guide to living a good and virtuous life, much like what Protestants call Christian Ethics. It helps define right from wrong and how to navigate life as a faithful Catholic."
What are the beliefs of Jesus only / oneness Pentecostals?,"Oneness Pentecostals, also known as the ""Jesus Only"" movement, believe in one God who is not recognized as three distinct persons (Father, Son, and Holy Spirit) but rather manifests in different modes at different times. This view, known as modalism, suggests that Jesus is both the Father and the Spirit. Historically, the early church viewed this belief as heretical and emphasized the distinct yet unified nature of the Trinity. Although it might be hard to fully grasp the mystery of the Trinity, Christians trust God's revelation of Himself, even when it surpasses human understanding."
What is progressive revelation as it relates to salvation?,"Progressive revelation refers to how God has gradually revealed His plan for salvation over time. While the essence of salvation—faith in God and the sacrifice of Jesus—has always been the same, the specifics of what people understood about God’s plan have changed. In the Old Testament, people were saved by faith, even if they didn't fully understand Jesus' future sacrifice. This was because God revealed enough for them to trust Him, looking forward to Christ’s coming, just as we now look back on it. As time went on, God made His plan clearer, culminating in the life, death, and resurrection of Jesus, which fully reveals the path to salvation."
What are the seven dispensations?,"Dispensationalism refers to how God's plans and interactions with humanity are divided into different periods, with each having unique characteristics. Often, people recognize seven key dispensations in the Bible:

1. **Innocence** - Adam and Eve in the Garden before they sinned.
2. **Conscience** - From their expulsion to the flood, showing human nature’s struggle without direct divine commands.
3. **Human Government** - Starting with Noah's family after the flood, introducing laws and society.
4. **Promise** - The era of Abraham and his descendants, focusing on God's promises to them.
5. **Law** - From the Exodus to Christ, emphasizing the Mosaic Law given to Israel.
6. **Grace** - The current period of the Church, where faith in Jesus and the work of the Holy Spirit are central.
7. **Millennial Kingdom** - A future 1,000-year reign of Christ on earth, fulfilling promises to Israel.

Each dispensation reveals different aspects of God's character and His plans for humanity."
Does the Bible teach situational ethics?,"The Bible does not teach situational ethics. Instead, it emphasizes that right and wrong are determined by God's unchanging nature and His Word, which is always true. God, as our creator and sustainer, defines morality, not the circumstances we find ourselves in. True love, as described in the Bible, is selfless and seeks the good of others, unlike situational ethics, which can be driven by personal or majority desires. We are encouraged to trust in God’s sovereignty and seek His guidance through the Holy Spirit to understand what is right, knowing that He works all things for the good of those who love Him."
What is the teleological argument for the existence of God?,"The teleological argument suggests that the intricate design and purpose we see in nature imply the existence of a designer, often understood to be God. Just as a highly unlikely poker hand might suggest cheating, the complexity and order in the universe are seen as more than mere chance. These arguments rely on our natural intuition to distinguish between random and intentional actions. While not foolproof, they resonate with those who view the world’s complexity as evidence of a purposeful creator, rather than a series of fortunate accidents."
What is a theophany? What is a Christophany?,"A theophany is when God makes a visible appearance to people in the Bible, often in the Old Testament. Sometimes God appears in human form, like when He visited Abraham or wrestled with Jacob. A Christophany is a specific type of theophany that may involve a pre-incarnate appearance of Christ, such as ""the angel of the Lord"" appearances. These events foreshadow Jesus coming to Earth as Emmanuel, ""God with us."""
What is utilitarianism?,"Utilitarianism is a philosophy that sees actions as good if they increase pleasure and reduce pain. However, there are some problems with this view. It focuses too much on outcomes rather than the intentions behind actions; God cares about our hearts and intentions, not just the results. Also, measuring goodness by pleasure is subjective and fleeting, while true goodness, defined by God, is constant and enduring. Although pain isn't pleasant, it can lead to growth and holiness, which God values more than our immediate happiness. The Bible reminds us to focus not only on our earthly life but on the eternal joy and glory awaiting us in heaven."
What is the Abrahamic Covenant?,"The Abrahamic Covenant is a promise God made to Abraham in Genesis 12, where He assured Abraham that He would make him into a great nation, bless him, and through him, bless the whole world. This covenant is unconditional, meaning it's solely God’s commitment, underscored in Genesis 15 when God alone passed between the animal pieces, symbolizing His promise. It includes promises of land, descendants, and blessing, all of which are fulfilled literally and ultimately through Jesus Christ, a descendant of Abraham. This covenant is a foundational part of God's plan, highlighting His faithfulness and desire to bless all nations through Abraham's lineage."
When can a doctrine be considered truly biblical?,"A doctrine is truly biblical if it's explicitly taught in the Bible. If something contradicts the Bible, like saying Jesus sinned, it's unbiblical. Extra-biblical doctrines aren't mentioned directly in scripture, like voting, and can be fine or neutral. Some practices, like avoiding smoking, aren't directly mentioned but are based on biblical principles. True biblical doctrines are clear teachings like creation, Jesus' resurrection, or salvation by grace. We should be clear on these essentials and avoid turning personal preferences into biblical commands. In essentials, we seek unity; in non-essentials, diversity; and in all things, love."
Why is Christian doctrine so divisive?,"Christian doctrine can sometimes seem divisive, but it's important to understand why. Core doctrines—like the deity of Christ, His sacrifice, resurrection, and salvation by grace—are essential truths of the faith, and they must be upheld, even if they cause division. However, not all disputes are about these crucial doctrines. Issues like the timing of the rapture or creation views are important but shouldn't cause believers to question each other's faith. Sometimes, for the sake of unity within a church, it's necessary for believers to part ways on non-essential matters. Ultimately, it's not the doctrine itself that divides; rather, our imperfect understanding and sinfulness lead to disagreements. True unity in the church comes from a shared commitment to foundational biblical truths."
Christian Theology,"Christian theology is all about understanding God and what the Bible teaches us. It's not just for scholars—it's for anyone who wants to know God better and live a life centered around His love. While there are disagreements on some details, the core of Christian theology unites us in our faith and mission. Studying theology helps us grow spiritually, feel closer to God, and live out our faith in every part of our lives. There are different areas within theology, like studying God the Father, Jesus Christ, the Holy Spirit, and even the end times, all aiming to deepen our relationship with God."
What is the Davidic covenant?,"The Davidic Covenant is a promise from God to King David, found in the Bible, where God assures David that his lineage will lead to the Messiah, Jesus, and that Jesus' kingdom will last forever. This covenant is unconditional, relying solely on God's faithfulness, not on the actions of David or Israel. It highlights that the Messiah will come from David's family line and establish an eternal kingdom, fulfilling God’s promise of a lasting throne and kingdom centered around Jesus."
What is dogmatic theology?,"Dogmatic theology is like the official rulebook of beliefs for a specific church or denomination, such as the Roman Catholic Church. It's based on the formal doctrines or ""dogmas"" that have been authoritatively affirmed by a church, often through councils that sought to clarify important aspects of faith and combat heresies. While it shares similarities with systematic theology, dogmatic theology is specifically tied to a church's official stance, ensuring that these core beliefs are clearly communicated and upheld."
What is double predestination?,"Double predestination is the idea that God chooses some people for heaven and others for hell. However, the Bible doesn't support this notion. In Romans, we learn that God's righteousness is revealed through the gospel, and people are declared righteous by faith in Jesus. Those who face God's wrath do so because they reject Him, not because God predestined them to destruction. Instead, God has chosen some for His glory, highlighting His grace and mercy."
What is Evangelicalism?,"Evangelicalism is a movement within Protestant Christianity that emphasizes a personal relationship with Jesus Christ, beginning with receiving His forgiveness and being spiritually reborn. The term comes from the Greek word for ""good news,"" referring to the Gospel message that Christ died for our sins and was resurrected. Historically rooted in the Protestant Reformation, Evangelicalism gained momentum during the 18th and 19th-century revivals. While its meaning has broadened over time, at its core, Evangelicalism is about living out and sharing the Gospel message through both words and actions."
What is historic premillennialism?,"Historic premillennialism is a belief about the end times, where Christians expect Jesus to return and reign for a thousand years on earth after a time of tribulation. This view differs from dispensational premillennialism mainly in how they interpret Old Testament prophecies and the timing of the rapture. Historic premillennialism was popular among early Christians and teaches that the Antichrist appears before Jesus' return, leading to a period of peace under Christ's rule. Notable advocates of this belief in recent history include scholars like George Eldon Ladd."
What is historical theology?,"Historical theology is about exploring how key Christian beliefs have developed over time. It's like a journey through history, seeing how different periods understood doctrines like the nature of God and salvation. By studying events like church councils and the formation of creeds, we gain insight into how Christians have defended their faith against false teachings. This study helps us today, as it shows us the richness of our faith's history and teaches us to be cautious of ""new"" ideas that stray from biblical truth. Remember, Scripture remains the ultimate authority, with historical theology as a tool to better understand how it has been interpreted over the centuries."
What is Israelology?,"Israelology is the study of what the Bible says about Israel, focusing on the country's land and people. A key figure in this area is Arnold Fruchtenbaum, who emphasizes the distinction between Israel and the Church, rejecting the idea that the Church has replaced Israel. This study can deepen our respect for Jewish people and informs how we view biblical laws and the Church's mission to spread the gospel. Understanding Israelology helps us appreciate God's ongoing relationship with Israel and encourages us to pray for them, acknowledging their significance in His plan."
What is the kingdom of God?,"The kingdom of God is about God's rule over the universe and, more personally, in our hearts. It's experienced spiritually by those who follow Jesus and submit to His authority, marking a life of faith and new birth. While it's a present spiritual reality, the Bible also promises a future physical reign of Christ on earth. So, the kingdom of God is both now, living within believers, and also something we're promised to fully see in the future."
What is the Mosaic Covenant?,"The Mosaic Covenant was a special agreement God made with Israel at Mount Sinai through Moses. Unlike some other covenants that God made, this one was conditional—meaning Israel had to obey God’s laws to receive His blessings. It highlighted Israel's role as a light to the nations, reflecting God's holiness. Although the Law showed people's need for a Savior, it couldn't save them; salvation has always been through faith. This covenant was eventually fulfilled and replaced by the New Covenant through Jesus, offering a more complete promise of redemption."
What is narrative theology?,"Narrative theology focuses on understanding the Bible as a story of God's relationship with His people, rather than just a set of rules or doctrines. It emphasizes learning from the stories in Scripture to see how we can be part of God's ongoing story today. While it encourages community and a deeper connection with the Bible's narratives, it can sometimes lead to misunderstandings if not grounded in the original meanings of the text. It's important to balance the story with systematic theology to avoid misinterpretations or overly subjective applications."
What is natural theology?,"Natural theology is about understanding God by observing the natural world, like seeing God's power and wisdom in a beautiful flower. While this can show us glimpses of God’s greatness, it’s not enough to truly know His love or to find salvation, which comes through Jesus and the Bible. Natural theology can open our eyes to God’s presence, but it can't replace the deeper truths revealed by Scripture. We need both nature and God's special revelation to fully understand Him."
What is neo-orthodoxy?,"Neo-orthodoxy is a movement that emerged after World War I, mainly through theologians like Karl Barth, as a reaction against liberal Protestantism. It views Jesus as the Word of God and sees the Bible as man's interpretation of His actions, rather than a divinely inspired text. This perspective emphasizes personal encounters with Jesus and ethical living, but it risks making truth subjective and potentially undermines the authority of Scripture. While it encourages seeing Jesus as central, it’s important to balance personal experience with the truths of the Bible to ensure a solid foundation in faith."
What is the New Covenant?,"The New Covenant is God's promise to forgive sins and restore a close relationship with those who turn their hearts to Him. Unlike the Old Covenant, which required following strict laws and making sacrifices, the New Covenant is about a personal transformation through faith in Jesus Christ. Jesus' death on the cross is the foundation of this promise, bringing a change of heart and spirit, allowing us to live in harmony with God's will. This covenant, originally promised to Israel, now extends to all who believe, offering a permanent, grace-filled relationship with God through the Holy Spirit."
What is New Testament theology?,"New Testament theology is all about understanding what God reveals about Himself through the New Testament. It highlights the arrival of Jesus, the Messiah, the formation of the church, and how Jesus' teachings guide believers. This theology takes us through the story of redemption, showing how Jesus fulfilled and surpassed the Old Covenant with His new promise of salvation. It helps us explore key areas like the study of Christ, the church, salvation, and other important doctrines, making sense of how they all fit together in God's grand plan."
What is Old Testament theology?,"Old Testament theology is all about understanding what God has shown us about Himself through the Old Testament. It reveals God's character and His deep relationship with humanity, especially with the Jewish people, starting with Abraham. This connection was meant to share His message with the whole world and to bring about the Messiah. The Old Testament lays the groundwork for key beliefs like salvation and forgiveness, showing us who God is and His plans for our lives. It's like a beautiful tapestry of God's ongoing story with His people."
What is philosophical theology?,"Philosophical theology is about using philosophical methods to better understand divine truths. While some people think philosophy and theology should be kept separate, others find that philosophy can help deepen our understanding of God. It's important, though, to remember that philosophy is just a tool and should never take the place of God's Word, which remains our ultimate source of truth. If approached with the right heart, philosophy can help us explore the mysteries of faith while always being guided by Scripture."
What is practical theology?,"Practical theology is all about applying what we learn from Scripture to our everyday lives. It's not just about understanding theological concepts but living them out in real-world situations. This kind of theology prepares future Christian leaders to effectively minister to others by combining theological knowledge with practical skills like preaching, teaching, and counseling. Essentially, practical theology helps us live out our faith in a way that aligns with God's intentions for the world."
Why is sound doctrine so important?,"Sound doctrine is crucial because it forms the foundation of our Christian faith, centered on the life, death, and resurrection of Jesus. Altering this message shifts our faith from Christ to something else, risking our eternal salvation. It helps us distinguish truth from falsehood in a world filled with misleading teachings and influences how we live and act. Sound doctrine also brings encouragement and peace to believers, guiding us toward righteousness and helping us support and uplift one another in faith."
What is contemporary theology?,"Contemporary theology is about exploring and understanding how theology has evolved from the post-World War I era to today. It covers various movements like evangelicalism, Pentecostalism, and feminist theology, among others. It also includes interfaith dialogue, comparing Christianity with other religions to find common ground. While it often deals with how faith interacts with modern challenges and may diverge from traditional beliefs, it offers insight into how different ideas about faith have developed. However, for Christians, the Bible remains the unchanging standard of truth amidst these discussions."
What is the Edenic covenant?,"The Edenic Covenant, sometimes called the ""Covenant of Works,"" was an agreement between God and Adam in the Garden of Eden. It was a conditional covenant, meaning Adam had to obey God's command not to eat from the tree of knowledge of good and evil to enjoy blessing and life. Unfortunately, Adam failed, bringing sin and hardship into the world. This covenant shows our inability to stay in right relationship with God on our own. But, even in this failure, God hinted at redemption through a promise of a future Redeemer, foreshadowing Jesus' ultimate victory over sin."
What is free grace?,"Free Grace Theology is a belief that emphasizes salvation through faith in Jesus alone, without requiring additional works or changes for assurance of eternal life. It teaches that simply believing in Jesus is enough for salvation, while following Him as a disciple is a separate call that leads to spiritual growth and rewards in heaven. This view contrasts with Lordship Salvation, which holds that true faith naturally results in good works. Despite differing perspectives, both views fall within Christian orthodoxy and influence how believers understand their relationship with God and their assurance of salvation."
What is new covenant theology?,"New covenant theology is a way of understanding the Bible that stands between dispensational and covenant theology, borrowing elements from both. It sees the Bible not through a series of covenants like covenant theology, but more as a story of promises and their fulfillment. A key difference is how it views the Mosaic Law: unlike covenant theology, which sees the moral law as still applicable for Christians, new covenant theology believes that Christ fulfilled the entire Mosaic Law, and Christians now live under the ""law of Christ"" as taught by Jesus, rather than the old Mosaic laws. It emphasizes a fresh start with the new covenant brought by Jesus, setting aside the old ways in favor of His teachings."
What is the Noahic Covenant?,"The Noahic Covenant is a promise from God to Noah, his descendants, and all living creatures, found in Genesis 9. God pledged never to flood the entire earth again, and He sealed this promise with the rainbow as a sign. This covenant is unconditional, meaning it doesn't depend on human actions but solely on God's faithfulness. While God won't flood the world again, the Bible does talk about a future time when the earth will face judgment by fire. The rainbow reminds us of God's faithfulness and grace, and just as Noah and his family found salvation through the ark, we find salvation through Jesus Christ."
What is natural revelation?,"Natural revelation refers to the way we can learn about God just by observing the world around us and understanding our own hearts and minds. It's the kind of knowledge that anyone can access simply by noticing the beauty and order of creation, which points to a powerful and divine Creator. According to the Bible, everyone has this chance to see God's fingerprints in the world, and we're all accountable for how we respond to that revelation. Though recognizing God's existence through creation and conscience might guide us towards Him, ultimately, salvation comes through faith in Jesus Christ."
What is a theist?,"A theist is someone who believes in at least one god. This can take different forms, like monotheism (believing in one God, as in Christianity, Judaism, and Islam), polytheism (believing in many gods), deism (believing in a god who doesn't interact with the universe), and pantheism (believing god is everything). Christians are monotheists who believe in one God who exists as the Trinity: Father, Son, and Holy Spirit. The Bible teaches there's one true God, as seen in verses like Deuteronomy 6:4 and Matthew 28:19."
What is doctrine?,"Doctrine is simply the teachings or instructions that guide our lives, especially those based on Scripture. It's about understanding God's will, His nature, the path of salvation, and how we should live. True doctrine aligns with the Bible and helps us walk in the path God set for us. However, it's crucial to study the Bible ourselves to avoid being misled by false teachings, which can sometimes be more appealing but stray from God's truth. Remember, God's Word is the foundation upon which we should build our lives, and it helps us truly understand His heart."
What is a biblical theology of work?,"In the Bible, work is seen as a good and purposeful part of life, designed by God even before sin entered the world. God gave Adam the task of tending the Garden of Eden, showing that work was meant to be fulfilling and joyful. It's not just a job; it's about finding purpose and providing for ourselves and others. Scripture encourages us to work with gratitude and diligence, as if we're working for God, and Jesus Himself worked as a carpenter. In essence, work allows us to participate in God's creation and one day, in heaven, it will be perfectly fulfilling again."
What is the Adamic covenant?,"The Adamic Covenant, found in Genesis, is about two parts: the Edenic Covenant of innocence and the Adamic Covenant of grace. Initially, God created humans in His image, gave them dominion over animals, and instructed them to fill the earth and eat plants. Humans were forbidden to eat from the tree of knowledge—with death as the consequence. After Adam's sin, several curses followed: struggle for survival, painful childbirth, and ultimately death. Yet, even amidst these challenges, God promised hope and grace in Genesis 3:15, foretelling Jesus' victory over Satan. This promise shows God's love and the salvation He offers through Christ."
What does the motto “faith seeking understanding” mean?,"The phrase ""faith seeking understanding,"" originally from Anselm of Canterbury, means that our belief in God encourages us to seek deeper understanding. It's about wanting to know more about God and what we believe, driven by love and joy. Anselm believed that faith and reason work together; faith invites us to explore, while understanding brings joy. This pursuit is supported by biblical teachings, like when Jesus emphasized loving God with all our mind. It's not about replacing faith with understanding, but about letting faith lead us to a greater knowledge of God."
What are the main arguments against limited atonement?,"The main arguments against limited atonement focus on the belief that Christ's sacrifice was intended for all people, not just the elect. Many Bible verses suggest a universal atonement, such as John 3:16, which speaks of God's love for the whole world. Critics also argue that church tradition supports a broader view, with theologians like Athanasius advocating for atonement for all humanity. Additionally, if atonement was truly limited, it would be impossible to genuinely offer salvation to everyone, contradicting the universal invitation to faith found in scripture. Ultimately, while only those who believe will be saved, Jesus’ sacrifice is sufficient for everyone, and we should offer the invitation to salvation to all."
What is the Church Age?,"The Church Age is the period from Pentecost, when the Holy Spirit first filled believers, until the rapture, when believers are taken to be with the Lord. This era is marked by the presence of the Church, which is not about buildings or denominations, but about people who have faith in Jesus. During this time, God's grace is fully at work, and the Holy Spirit lives permanently in believers, marking a significant change from earlier times. The Church Age will end with the rapture, followed by the Church receiving its heavenly reward. Until then, believers are encouraged to faithfully serve and stand strong in their faith."
What are articles of faith?,"Articles of faith are statements that summarize the core beliefs of a church or ministry. They help clarify essential truths that guide religious practice and are often used to strengthen unity among believers. Historically, as challenges to correct beliefs arose, these articles or creeds, like the Apostles’ Creed and Nicene Creed, were developed to reinforce orthodox teachings. While varying in detail, they cover key doctrines such as God, salvation, and the church, and are meant to be known and followed by believers to prevent false teachings and maintain sound doctrine."
What is common grace?,"Common grace is God's kindness to all people, not just Christians. It means that God shows goodness, like providing sunshine and rain for everyone, and He also restrains evil in the world, preventing it from becoming as bad as it could be. Even those who don't follow God can do good things, thanks to His influence. This grace reflects God's love and patience toward humanity, allowing life to flourish and His plans to unfold."
What is conditional election?,"Conditional election is the belief that God chooses people for salvation based on His foreknowledge of who will have faith in Christ. In other words, God looks ahead and elects those who He knows will choose Him. This idea is a key part of Arminian theology, which emphasizes human free will. It stands in contrast to unconditional election, where God’s choice is solely based on His will, not on human action. The discussion around these ideas is really about whether it's our decision or God's sovereign choice that leads to salvation."
What is contextual theology?,"Contextual theology is about adapting biblical teachings to fit the culture in which they're being practiced, while keeping God's core principles intact. For example, in 1 Corinthians, Paul discusses head coverings for women as a cultural expression of submission to God and their husbands. The key is to express biblical principles in ways that make sense within different cultural contexts, but we must be careful not to lose the gospel message in the process. It's about understanding that following Jesus might look different around the world, but His truth remains the same."
What are the doctrines of grace?,"The ""doctrines of grace"" is a term often used instead of ""Calvinism"" to emphasize the Biblical foundation of these beliefs. They are summarized with the acronym TULIP, representing Total Depravity, Unconditional Election, Limited Atonement, Irresistible Grace, and Perseverance of the Saints. Essentially, they teach that salvation is entirely the work of God's grace, independent of human effort. Each point describes different aspects of how God saves people, ensuring that those He chooses and calls to Himself will be saved and remain in His care. It's all about God's amazing grace, transforming hearts and securing salvation."
What is cross theology / theology of the cross?,"The theology of the cross, introduced by Martin Luther, emphasizes that true understanding of God and salvation comes through the cross of Jesus Christ. It teaches that we cannot earn righteousness on our own; it is a gift from God, given through Christ's sacrifice. In contrast, the theology of glory believes that humans have some ability to contribute to their salvation through good works. While Jesus indeed understands our suffering, the theology of the cross focuses on His unique suffering and sacrifice as the sole source of our righteousness and not our own efforts or suffering."
What is neonomianism?,"Neonomianism is the idea that God set a new, easier law for us to follow because His original moral laws are too hard for humans to keep. It suggests that instead of obeying God's moral standards, we just need to have faith and good intentions. However, this view has issues because it implies that God changed His moral expectations, which is not supported by Scripture. The Bible teaches that God’s moral law remains, and we receive forgiveness through Christ’s righteousness, not by lowering God’s standards or by our own efforts. Neonomianism can lead to a misunderstanding that undermines the true gospel message by suggesting that our actions earn salvation, rather than God’s grace."
What is the meaning ofChristotokos?,"""Christotokos"" means ""Christ-bearer"" and refers to Mary as the one who carried Jesus. While it's accurate to say Mary bore Christ, the term ""Theotokos,"" meaning ""God-bearer,"" emphasizes that Jesus was fully divine as well as human. This was affirmed by the Council of Ephesus to counter the idea that Mary only bore Jesus' human nature. Both terms are accurate, but ""Theotokos"" can sometimes be used in ways that elevate Mary beyond her role. So, it's important to use these terms thoughtfully, focusing on Jesus' nature rather than elevating Mary."
What is the definition ofmercy?,"At its heart, mercy is God's loving and compassionate kindness, even when we don't deserve it. It's shown in God's actions to relieve suffering, forgive sins, and remain faithful to His promises despite our failings. Jesus is the perfect example of mercy through His love and sacrifice for us. We're also encouraged to show mercy to others, just as God shows it to us."
What is the definition of grace?,"Grace is God's unearned favor towards us, showing us love and mercy even when we don't deserve it. It's like receiving a gift that's completely free to us, though it came at a great cost to Jesus, who gave His life for us. Once given, this gift is ours forever; it justifies us, draws us closer to God, and continually works in our lives to strengthen and help us. As recipients of such amazing grace, we're encouraged to share it with others, reflecting God's love in our interactions."
What is nontrinitarianism?,"Nontrinitarianism is a belief that denies the traditional Christian doctrine of the Trinity, which teaches that God is one being in three distinct, co-equal persons: Father, Son, and Holy Spirit. Groups with nontrinitarian views often see God the Father as supreme, with Jesus and the Holy Spirit as lesser or different in nature. This view is seen as problematic because it conflicts with biblical teachings, which affirm the divinity of Jesus and the Holy Spirit alongside the Father. Understanding the Trinity can be challenging, but it's a central belief in Christianity as it shows the unique, mysterious nature of God."
What is the biblical definition oflife?,"The biblical understanding of life encompasses physical, spiritual, and eternal aspects. Physical life is the breath in us, given and sustained by God, who is sovereign over our existence and life's duration. Spiritually, we were created to connect with God, but sin separated us. Through Jesus, spiritual life is restored, allowing us to live in right relationship with God. Eternal life, the ultimate fulfillment of life, is experienced through knowing Jesus. This means living forever in God's presence, which is the essence of true life."
Is feminist theology biblical?,"Feminist theology, which often seeks to reinterpret the Bible to fit a feminist agenda, can present challenges to traditional biblical interpretations. While some feminist ideas align with biblical principles, issues arise when the Bible is stretched or ignored to fit a specific ideology. For example, using gender-neutral language for God, rejecting marital submission, and advocating for women's ordination and reproductive rights often conflict with biblical teachings. The Bible supports and values women, but altering its core messages to align with political agendas is problematic. Ultimately, the Bible emphasizes unique roles for men and women, while promoting equality and love."
What is Provisionism?,"Provisionism is a relatively new term in Christian theology that holds an Arminian perspective on free will and salvation, emphasizing the sufficiency of the gospel, empowered by the Holy Spirit, to enable anyone to respond to God's call. Unlike traditional Reformed beliefs, Provisionists reject the idea of total depravity and limited atonement, arguing that Christ died for all people, not just a preselected few, and that God desires everyone to be saved. Originated by theologian Leighton Flowers, it resonates with many Southern and Independent Baptists, offering a view of salvation where everyone is responsible for their response to God’s invitation."
Total depravity - is it biblical?,"Total depravity is a concept that helps describe what the Bible says about our spiritual condition after the fall of man. It means that sin has affected every part of us—our minds, will, emotions, and actions. While it doesn't mean we are as bad as we could possibly be, it does mean that even our best actions are tainted by sin because they're not done out of faith or for God's glory. The Bible teaches that we are naturally inclined toward sin and not toward seeking God (Romans 3:10-11). However, the good news is that God, in His grace, can open our eyes and hearts to recognize our need for Him, allowing us to respond to His love and salvation through Jesus Christ. Though this idea might be challenging, it reminds us of our need for God's grace and the wonderful truth that ""with God, all things are possible"" (Matthew 19:26)."
What is the meaning ofatonement?,"Atonement is all about being made right with God. It means being reconciled with Him despite our sins. In the Old Testament, it often involved sacrifices that symbolically ""covered"" or paid for sins, allowing people to become clean and acceptable before God. In the New Testament, Jesus’ sacrifice on the cross is our ultimate atonement, as His death paid for our sins, bringing us forgiveness and restoring our relationship with God."
What is the doctrine of penal substitution?,"The doctrine of penal substitution is about Jesus taking the punishment for our sins through His sacrifice on the cross. Because of this, God's justice is satisfied, allowing us to be forgiven and reconciled with Him. Essentially, Jesus steps in as our substitute, bearing the penalty that we deserve. This concept is deeply rooted in the Bible, with references throughout both the Old and New Testaments showing how Jesus' sacrifice fulfills God's requirement for justice and mercy."
What is ultra-dispensationalism?,"Ultra-dispensationalism is a belief that takes the ideas of dispensationalism to an extreme, suggesting the church didn't start until much later in the book of Acts, specifically with Paul's teachings. This view separates Paul's message from that of the other apostles and sees a distinction between a ""Hebrew"" church and the ""mystery"" church, which is problematic as it often leads to further errors in understanding Scripture. Critics argue that it creates division among Christians and has led to many misunderstandings and heresies within the faith."
What is dialectical theology?,"Dialectical theology, introduced by Karl Barth, emphasizes that we can't fully understand God through human reasoning alone; instead, we rely on God's grace and revelation. It highlights the difference between ""religion,"" which is shaped by human intellect and rituals, and ""faith,"" which results from unexpected encounters with God. Barth's approach, also known as ""crisis theology,"" stressed the holiness of God and humanity's sinful nature. This view contrasts with natural theology, which believes we can know God through nature and reasoning, an idea Barth rejected."
What is co-inherence?,"Co-inherence is about deep, interconnected relationships, like how ingredients in a cake come together to form something whole. In Christianity, it describes the unity within the Trinity—the Father, Son, and Holy Spirit—living in perfect harmony and unity. This concept extends to the union of Jesus with humanity and the church, where believers are deeply connected with Christ. It's a powerful reminder of how our relationships, inspired by the divine example, should be full of unity, purpose, and support for one another."
Unconditional election - is it biblical?,"Unconditional election is a concept from the Bible that speaks of God's choice to save certain individuals based solely on His sovereign will, not because of anything they have done or will do. It emphasizes that God's selection is not arbitrary but is rooted in His perfect will and good pleasure. While some may see this as unfair, it's important to remember that it highlights God's mercy, as He chooses to save some out of His grace. This belief doesn't hinder evangelism; instead, it empowers it by assuring that sharing the gospel is part of God's plan to reach those He has chosen. Ultimately, unconditional election showcases God's love and sovereignty in salvation, underscoring that those who are saved come to Him because He first called them."
What is middle knowledge?,"Middle knowledge is a fascinating theological idea about how God knows everything that ""would"" happen under any possible circumstances. It sits between God's natural knowledge (what could happen) and His free knowledge (what will happen). This concept is central to Molinism, which tries to balance God's sovereignty with human free will, suggesting that God knows our potential choices in all scenarios and achieves His purposes without compromising our freedom. While some theologians debate this idea, it's still considered within orthodox Christianity. How one views middle knowledge might influence their theological perspectives, but it shouldn't divide believers."
What is Pauline theology?,"Pauline theology is all about understanding what the Apostle Paul believed and taught, as seen in his letters in the New Testament and his story in Acts. It's a way of approaching life's issues, like poverty, with the same mindset Paul had. Scholars try to piece together Paul's thoughts from his writings, aiming to uncover the framework of his beliefs. It's a meaningful endeavor to comprehend the themes in his teachings, always pointing us back to the God Paul loved deeply. As he encouraged us, ""Follow my example, as I follow the example of Christ"" (1 Corinthians 11:1)."
What is Progressive Dispensationalism?,"Progressive Dispensationalism is a newer approach to biblical interpretation that builds on traditional dispensationalism but adds a twist. While traditional dispensationalists believe the Church and Israel are distinct and that Jesus will fulfill certain promises to Israel during a future millennium, progressive dispensationalists say that Jesus is already partially fulfilling these promises by reigning on David's throne right now, even if not fully realized. This ""already but not yet"" perspective suggests Jesus is currently ruling, although the full promise will be completed when he returns. This creates some debate among scholars, specifically around whether Christ is currently on David’s throne or if that awaits His return."
What is the doctrine of preterition?,"The doctrine of preterition is about God's choice in whom He saves. It teaches that while God actively chooses some for salvation, He allows others to remain in their sin, but not by actively sending anyone to hell. This idea emphasizes God's sovereignty and justice, showing that everyone is already deserving of condemnation because of sin. Yet, in His mercy, God chooses some for salvation. It can be difficult to fully grasp how God’s sovereignty and human responsibility fit together, but we're called to trust in God's wisdom and mercy."
What is Reformed Arminianism?,"Reformed Arminianism is a blend of Reformed theology and Arminianism, aimed at finding a middle ground between the two. It originated with the General Baptist movement in the 17th century and is promoted by Free Will Baptists today. Unlike some traditional Arminian views, Reformed Arminians do not believe in perfectionism but agree with the Reformed views on original sin and total depravity, emphasizing the necessity of God's grace through the Holy Spirit. They hold to unlimited atonement and believe Christ's righteousness is imputed to believers. While they accept the perseverance of the saints, they also believe that a person can lose salvation by renouncing their faith, but not simply by falling into sin. Essentially, it's a moderate form of Arminianism for those seeking a compromise with Calvinism."
What is thesensus divinitatis?,"The *sensus divinitatis* is a natural ability within humans to perceive or sense God's existence, much like our senses of sight or hearing help us perceive the world. This concept, discussed by thinkers like John Calvin and Alvin Plantinga, suggests that belief in God is as fundamental and rational as believing in what we see or hear. While it might not solely prove a specific religious truth, it indicates that spiritual experiences are a legitimate part of human understanding. Ultimately, whether or not one fully embraces this idea, the Bible affirms that we all have an inherent duty to recognize and seek God."
What is perichoresis?,"Perichoresis is a beautiful concept that really shows the deep, loving relationship within the Trinity—the Father, Son, and Holy Spirit. It's like a divine dance where each one honors and lifts the other up in perfect harmony, as seen in passages like John 17:1 and John 16:14. Though it's hard for us to fully grasp, this unity and mutual love within God's nature blesses us and reflects how interconnected and intimate their relationship is, much like intersecting circles that perfectly overlap."
What is a covenant?,"A covenant is essentially a promise or agreement between two parties, which is a key theme throughout the Bible. In the Old Testament, God made several important covenants with figures like Noah, Abraham, Israel, and David, each with unique promises and conditions. For example, God promised Noah never to flood the earth again, and He assured Abraham that his descendants would be a great nation. Despite human failure, God remained faithful to these covenants. The New Covenant, introduced by Jesus, offers a transformed relationship with God, where believers are empowered by the Holy Spirit to live in faithfulness. Unlike human promises, which often falter, God's covenants are steadfast and unbreakable."
Is Arminianism heresy?,"Arminianism isn't considered heresy, but it has sparked some debate, especially when compared to Calvinism. It's a theological viewpoint that emphasizes human free will, conditional election based on God's foreknowledge, and the potential for believers to fall from grace. While some critics argue it undermines God's sovereignty, many theologians, including John Wesley and various Baptist and Pentecostal traditions, see it as a legitimate and biblical interpretation of Christianity. Essentially, Arminianism focuses on God's love and the universal offer of salvation while maintaining core Christian beliefs."
What is the difference between a covenant and a contract?,"A contract and a covenant might seem similar, but there are important differences. A contract is more like a business deal, with terms that can be broken if you're willing to pay the penalties. A covenant, on the other hand, is a deep promise, like the commitment in marriage, and breaking it is considered a moral failing. In Christianity, covenants are sacred, reflecting God's faithful promises to us and encouraging us to be faithful in our promises to each other."
What is dispensational premillennialism?,"Dispensational premillennialism is a belief held by some Christians that Jesus will return before a literal thousand-year reign, known as the millennium. This view emphasizes that Israel will have a special and prominent role during this period, unlike the Church. Before this millennium begins, it is believed there will be a seven-year Tribulation involving the Antichrist and God's judgment on humanity. This perspective also suggests that God's promises to Israel will be fulfilled during this time, with Israel restored to a central role on earth. Meanwhile, Christians will reign with Christ in a spiritual sense."
What is consubstantiation?,"Consubstantiation is the belief that during Communion, the bread and wine remain physically bread and wine, but also spiritually become the body and blood of Jesus. This differs from transubstantiation, where the elements are believed to actually change into Jesus' body and blood. It's a perspective that emerged during the Protestant Reformation, seeking to align with Scripture while differing from the Roman Catholic view. Some Christian denominations, like certain Lutheran and Episcopal groups, hold to this understanding, even though it’s not universally accepted among all."
What are the Five Articles of Remonstrance?,"The Five Articles of Remonstrance were written in 1610 by followers of Jacobus Arminius, expressing their disagreement with Calvinist teachings. These points suggest that God's election is based on His foreknowledge of faith, that Jesus died for everyone but only those who believe are saved, and that humans can't achieve salvation without God's grace. They also state that God's grace can be resisted and that there's a possibility of falling away from faith. Though controversial and initially condemned, these views eventually gained some recognition."
What is orthopraxy/orthopraxis?,"Orthopraxy, or orthopraxis, means ""correct practice"" or ""correct behavior."" It focuses on living out one's beliefs through actions. While some Christian traditions emphasize either correct doctrine (orthodoxy) or correct actions (orthopraxy) alone, the Bible teaches that both are important and interconnected. True faith, according to Scripture, leads to right actions: we believe the right things, and from that foundation flow good deeds. In essence, beliefs should naturally lead to actions that reflect them, showing a living and active faith."
Irresistible Grace - is it biblical?,"Irresistible grace is a concept from the Bible that explains how the Holy Spirit works in guiding those chosen by God to faith in Jesus. It's called ""irresistible"" because when God calls someone to salvation, He ensures that person will come to Him. This doesn't mean people are dragged into faith against their will; rather, the Holy Spirit transforms hearts, making them open to and accepting of the Gospel. Simply put, it's about God’s power to overcome our spiritual resistance and lead us to a life in Christ."
What is the dispensation of Promise?,"The dispensation of Promise is a special period in the Bible where God made significant promises to Abraham and his descendants. This began with God's call to Abraham and included the promise that he would be the father of a great nation and that all nations would be blessed through him. Unfortunately, there were failures along the way, such as Abraham and his descendants not fully trusting God's promise, which led to their eventual bondage in Egypt. Despite these shortcomings, God showed His grace by sending Moses to deliver them. This period ended when God gave the Law at Mt. Sinai, marking a new way for His people to follow Him."
What is the recapitulation theory of the atonement?,"The recapitulation theory of atonement, originally emphasized by Irenaeus, suggests that Christ acted as the ""second Adam."" By living a life of perfect obedience where Adam failed, Jesus reversed humanity's course from disobedience to obedience. This doesn't mean His life alone saved us; His sacrificial death also paid the penalty for our sins. Recapitulation highlights one aspect of salvation, but it's important to remember the full picture where Jesus' life and death together bring us reconciliation and new life."
What is a Calvinist?,"A Calvinist is someone who follows the teachings of John Calvin, focusing on God's absolute control and how He chooses to save individuals. Calvinism is often summarized by the acronym TULIP, which stands for Total Depravity, Unconditional Election, Limited Atonement, Irresistible Grace, and Perseverance of the Saints. However, not everyone agrees on all points; for example, some reject Limited Atonement, believing Jesus' sacrifice was sufficient for everyone, not just the elect. Calvinism is closely tied to Reformed Theology, which includes a broader set of beliefs, but all Calvinists emphasize that salvation is entirely a gift from God."
How can we recognize the voice of God?,"Recognizing God's voice comes from knowing Him and being familiar with His Word. Just like bank tellers learn to spot counterfeit money by studying the real thing, we can better discern God's voice by spending time in the Bible and prayer. While God might communicate through various means, like the Holy Spirit or circumstances, He primarily speaks to us through Scripture. By aligning what we hear with His Word, we can confidently recognize His guidance. Remember, Jesus said His sheep know His voice, so as we grow in faith, His voice becomes clearer."
How can I evangelize my friends and family without pushing them away?,"Evangelizing to friends and family can be tricky, but it starts with prayer—asking God to soften their hearts and give you the wisdom to share the gospel lovingly. Speak about your faith with gentleness and respect, always being ready to share the hope you have in Jesus. Live out your faith authentically so they can see the difference God has made in your life. Remember, it's God’s power that brings about change, so trust Him with your loved ones' journey toward faith."
Christian fasting — what does the Bible say?,"While the Bible doesn't command Christians to fast, it shows that fasting can be a beneficial practice. It's about taking our focus off worldly things to concentrate on God, often seen paired with prayer. Fasting isn't just about abstaining from food; it can be giving up anything temporarily to strengthen our relationship with God. It's not about looking spiritual or getting God to do what we want; rather, it changes us and should be done humbly and joyfully, as Jesus taught in Matthew 6:16-18. Remember, fasting is about deepening your connection with God, not about dieting or punishment."
How can I forgive those who sin against me?,"Forgiving those who have wronged us is a journey that starts with understanding how God forgives us. The Bible teaches us to forgive others because we've been forgiven by God. This doesn't mean ignoring sin, but being ready to forgive those who are truly sorry. It's about showing grace, just as God shows us grace, and being patient with others. Jesus helps us love and pray for those who hurt us, transforming our hearts to mirror His forgiveness. When we forgive, we're reminded of the incredible forgiveness we've received from God, and in that, we find the strength to extend the same grace to others."
What does the Bible say about spiritual warfare?,"When it comes to spiritual warfare, it's important to find a balance. We shouldn't blame every problem on demons, nor should we ignore the reality of spiritual battles. The Bible tells us that our fight is not against people, but against spiritual forces. God provides us with spiritual armor for this battle, like truth, righteousness, and faith. Jesus demonstrated how to resist temptation with Scripture, showing us that God's Word is our greatest defense. Remember, it's not about our power but God's; we focus on Him, pray, and stand firm in our faith."
What is spiritual growth?,"Spiritual growth is all about becoming more like Jesus. When we put our faith in Him, the Holy Spirit begins transforming us, helping us leave behind old, sinful ways and embrace a new, Christlike nature. This journey is guided by studying God’s Word and walking in the Spirit, which allows the ""fruit of the Spirit"" to become more evident in our lives. It's a lifelong process where we rely on God’s wisdom and strength to grow in faith and understanding, becoming more like our Savior each day."
Why do we need to confess our sins if they have already been forgiven (1 John 1:9)?,"Even though we've been forgiven for all our sins through Jesus (which is like a judge declaring us free from punishment), confessing our sins is about maintaining a close relationship with God—like a child who says sorry to their parent to make things right again. It's not about being forgiven again but about keeping our connection with God strong and open. Just as a good parent gently guides their child, confessing helps us stay close and prevents us from experiencing God's loving discipline."
What is a carnal Christian?,"A carnal Christian is someone who is genuinely saved but still struggles with worldly, sinful behaviors from time to time. While believers can act carnally, a true Christian won’t remain in that state forever. God promises to lovingly guide and discipline us when we stray, helping us grow to be more like Christ. Though we might falter, our salvation is secure because it’s a gift from God that can’t be taken away."
Why are all Christians hypocrites?,"It's a tough claim to say all Christians are hypocrites, and it's true some may act that way by pretending to be holier than they are. Jesus criticized hypocrites for their pretense and lack of genuine faith, but He never labeled His sincere followers that way. Yes, Christians can and do make mistakes because we're all imperfect. However, many Christians genuinely strive to follow Jesus and live out their faith with sincerity. It's important not to judge the whole faith based on the actions of a few. Instead, let's recognize that while Christians aren't perfect, many are sincerely working towards living a Christ-like life."
How can I experience joy in my Christian life?,"Experiencing joy in your Christian life begins with understanding that joy is a gift from God, a fruit of the Holy Spirit. It flourishes when you focus on God's grace and presence rather than your troubles. Like the psalmists, you can pour out your heart to God, acknowledging your struggles while remembering His goodness. Engage in prayer, immerse yourself in God's Word, and keep your thoughts on what is true and noble. Living in obedience to Jesus and being part of a supportive community of believers also helps nurture joy. Remember, joy is about staying close to God and letting His love fill you."
What is Christian meditation?,"Christian meditation is about focusing on God's Word and reflecting on what it reveals about Him and His works. Unlike Eastern practices that seek mystical experiences, Christian meditation involves actively studying the Bible, praying for understanding, and allowing the Holy Spirit to guide us into truth. It's about letting Scripture shape our thoughts and actions, leading to spiritual growth and maturity."
What is Christian spirituality?,"Christian spirituality is about letting the Holy Spirit guide your life once you're born again. It's like choosing to be filled with the Spirit, which involves allowing God to shape your actions and decisions instead of following your human desires. When we do this, we show the ""fruit of the Spirit"" like love, joy, and peace. It’s an ongoing process of choosing to stay close to God, confessing our sins to keep our connection strong, and growing in our relationship with Jesus."
"If I am saved and all of my sins are forgiven, why not continue to sin?","When we accept Jesus, our lives are transformed because we've been given a new nature. It's not about taking advantage of grace to keep sinning; instead, we are called to live differently, producing the fruit of the Spirit rather than continuing in sin. True faith in Christ means we no longer want to live in our old sinful ways because we've been made new, and our hearts are changed to desire a life that honors God. If someone continues to live in sin without any change, it might be worth exploring whether they've truly embraced Christ's salvation."
What is the full armor of God?,"The full armor of God, as described in Ephesians 6:13-17, is the spiritual protection God gives us to stand firm against evil. It includes the belt of truth, representing honesty and integrity, and the breastplate of righteousness, which is Christ's righteousness guarding our hearts. The gospel of peace prepares us to spread the good news, while the shield of faith protects us from doubt and fear. The helmet of salvation protects our minds, and the sword of the Spirit, which is God's Word, helps us to take action against evil. Finally, prayer is essential to draw strength from God and ensure our spiritual victory."
"When, how, and why does the Lord God discipline us when we sin?","God disciplines us because He loves us and wants us to grow. His discipline isn't about punishment; it's like a parent guiding a child towards what's best, helping us mature and stay on the right path. We experience this discipline through life's challenges, which can come from various sources like work troubles or personal hardships. God's ultimate goal is to make us stronger in faith and character, not to condemn us. It's a sign of His fatherly care, refining us to be more like Him."
How should a Christian deal with feelings of guilt regarding past sins?,"Feeling guilty about past sins is something many Christians face, but it's important to remember that through Jesus, our sins are forgiven. When you feel guilt, start by confessing any unconfessed sins and seeking God's forgiveness. If you've already confessed and repented, trust in God's promise to forgive and cleanse you. Reject false guilt from your past, knowing that Satan tries to remind us of our failures, but God has made us new creations in Christ. Focus on the freedom and joy that come from His forgiveness, and move forward in the life He desires for you."
What does the Bible say about legalism?,"The Bible doesn't use the term ""legalism,"" but it warns against focusing too much on rules and regulations to earn salvation or spiritual growth. Legalism, which emphasizes strict adherence to rules over understanding and grace, can lead believers astray from the real message of Jesus, which is about grace and truth (John 1:17). Paul reminds us in Colossians 2:20-23 that such practices look wise but lack spiritual value. Instead, we should welcome and show grace to others, avoiding judgment over disputable matters (Romans 14:1, 4, 10). While we should strive for unity and understanding, we must also guard against false teachings. In all things, let’s seek to live by love and mercy, staying true to our faith."
Who am I in Christ?,"In Christ, you are a completely new creation—something entirely unique and made alive by Him. Your old life is gone, and now you have a new, holy nature that desires to live for God. Although you might still struggle with old habits, you have the Holy Spirit living in you, helping you to choose what is right and resist sin. In Christ, you are loved, forgiven, and secure, adopted into God's family, and filled with joy and purpose. You are more than a conqueror and have been given every spiritual blessing. Wherever you feel weak, remember that He empowers you to live a victorious life."
What did Jesus mean when He promised an abundant life?,"When Jesus promised us an abundant life in John 10:10, He wasn't talking about material wealth or worldly success. Instead, He meant a life full of meaning, joy, and purpose found through a relationship with Him. This abundant life starts when we accept Jesus as our Savior and involves growing in spiritual maturity, experiencing God's love and peace, and setting our hearts on eternal things rather than temporary ones. It's about living in the richness of His presence, regardless of our earthly circumstances."
Why is it important to spend time alone with God?,"Spending time alone with God is important because it helps build a close and personal relationship with Him, just like any meaningful relationship requires dedicated time together. God knows us intimately and desires us to know Him in the same way, beyond what we experience in group settings. From biblical examples, we see that alone time with God allows us to focus on Him, hear His Word, and be nourished spiritually. Jesus Himself spent time alone with God and encouraged us to do the same, ensuring that we truly connect and find the abundant life He offers."
What is the anointing?,"Anointing in the Bible is a powerful symbol of being chosen and set apart for God's purposes. In the Old Testament, it involved pouring oil on someone to show God's favor and presence, like when David was anointed to be king. Jesus, known as the Anointed One or Messiah, fulfilled this idea by being our King, Priest, and Prophet. Today, as believers, we share in this anointing through the Holy Spirit, which empowers us to live godly lives. While some teachings suggest seeking new anointings for special power, Scripture assures us that once we have received the Holy Spirit, His presence remains with us, providing all we need."
How should Christians stand up for their faith in such an anti-Christian world?,"In an often challenging world, Christians can stand up for their faith by living according to Christ's teachings and deepening their knowledge of the Bible. Let your life reflect the love and truth of Jesus, being prepared to share your hope with gentleness and respect, as stated in 1 Peter 3:15. While critics of Christianity may be loud, remember that not everyone shares these views, and many are watching how we live. It's vital to show kindness, humility, and understanding, knowing that true conviction comes from the Holy Spirit. Let your actions speak louder than words and be an example of Christ-like love."
Do Christians have the authority to rebuke the devil?,"Christians don't have the authority to rebuke the devil directly; instead, we are called to resist him. The Bible teaches us to submit to God and rely on His strength, trusting that He will handle the evil forces around us. When faced with temptation or spiritual battles, our focus should be on following Christ closely and using the spiritual armor God provides, like faith and Scripture. Just as Jesus responded to Satan with Scripture, we too can find strength in God's Word to stand firm against evil."
How can I become more Christlike?,"Becoming more Christlike is a journey that involves letting God shape us, while also actively participating in that transformation. It starts with surrendering ourselves to God, just as Jesus called His disciples to follow Him wholeheartedly. We strive to live free from sin, following Jesus' example of obedience, love, and patience. As we grow spiritually, we become more like Christ, reflecting His glory more and more over time. This transformation is both a present reality and a future promise, encouraging us to continually seek His likeness in our lives."
How can I have a closer relationship with God?,"Building a closer relationship with God is a beautiful journey. Start by daily confessing your sins to Him, as this removes barriers in your relationship. Listen to God by reading your Bible, as it’s His word speaking to us. Speak to Him through prayer, where you can share your heart. Find a church community to grow and worship together, which strengthens your spiritual walk. Lastly, live a life of obedience, showing your love for God through your actions. It's about spending time with God, listening, talking, and living in a way that honors Him."
Do we need to confess our sins to those we have sinned against?,"While the Bible doesn't strictly command us to confess every sin to the people involved, it's important to seek forgiveness from God for all our sins. When our actions have directly impacted someone else, it's loving and right to apologize and ask for their forgiveness. The extent of our confession should match the impact of the sin. By doing this, we honor God and help heal our relationships with others, even if the person doesn't grant forgiveness. It's about being honest and taking responsibility for our actions."
How can I be an effective witness for Christ in a lost world?,"To be an effective witness for Christ, it's all about knowing Him personally and sharing that love with others. Start by focusing on Jesus—His death and resurrection are the heart of the gospel. Be empowered by the Holy Spirit, who transforms lives, and let that change shine through you. Live in a way that reflects Christ, staying true to the Bible, and be ready to share your hope with those interested. It's not just about words; it's how His love shows in your life."
What does it mean to truly follow Christ?,"To truly follow Christ means making Him the center of your life, above everything else, and striving to be like Him. It's about daily choosing to deny yourself, carrying your cross, and living by the guidance and power of the Holy Spirit, who helps us follow Jesus faithfully. It's not about relying on our own strength but allowing Jesus to lead, with every decision aiming to glorify Him. This journey is one of deep commitment, supported by the Spirit, as we seek to live out His teachings in our everyday lives."
I have committed _____ sin. Will God forgive me?,"Absolutely, God can and will forgive any sin you confess to Him. Through Jesus' death and resurrection, He paid the price for all our sins, no matter how big or small they may seem. If you believe in Jesus and genuinely ask for forgiveness, God promises to cleanse you and restore your relationship with Him. Remember, His grace is more than enough, and His love for you is boundless."
How can I know when God is telling me to do something?,"When you're trying to discern if God is telling you to do something, start with prayer and seek wisdom by asking God for guidance. The Bible is our primary guide, so immerse yourself in Scripture; it is God's word and will never lead you astray. Through the Holy Spirit, God also nudges us in the right direction, offering peace when we're on the right path and discomfort when we're not. Always trust that God will guide you and remember to lean on Him, especially when you're uncertain. Be cautious of relying solely on personal experiences or feelings that might contradict the Bible, as God's word is the ultimate truth."
How do I live my life for God?,"Living your life for God is about loving Him with all your heart and loving others as yourself. It involves following Jesus, often requiring you to set aside your own desires and seek God’s will above all else. By caring for others and staying away from sinful behaviors, you reflect God’s love and bring glory to Him. As you grow closer to God through His Word and the guidance of the Holy Spirit, your desire to live out His commands and enjoy a deeper relationship with Him will naturally increase."
Does God promise to not give us more than we can handle?,"While it's a common belief that God won't give us more than we can handle, what the Bible really teaches is that with God’s help, we can endure anything that comes our way. In 1 Corinthians 10:13, we learn that God is faithful and provides a way to endure every trial and temptation, not because we are strong on our own, but because His strength supports us. Life can indeed be challenging, but with faith in Christ, we can overcome any difficulty, knowing that nothing can separate us from His love."
How can I overcome temptation?,"Overcoming temptation is a challenge we all face, but you're not alone in this struggle. Jesus Himself was tempted, yet He resisted by leaning on Scripture. Temptations come from Satan and our own desires, but we can fight back by filling our hearts and minds with God's Word and prayer. Remember, the spirit is willing, but our flesh is weak, so it's crucial to stay vigilant, avoiding situations that lead to sin. Sometimes, drastic changes may be necessary to steer clear of temptation, just as Jesus suggested with His vivid metaphor."
Is it wrong to be a Christian secretly in order to preserve your own life?,"It's understandable to feel afraid for your life as a Christian in some parts of the world. However, Jesus reminds us that openly acknowledging Him is essential, even when facing persecution. While it's tough, especially when your life or family is at risk, our calling is to share the truth of Jesus and live our faith openly. Jesus promised to be with us through all trials, and our ultimate goal is to honor Him above all else."
Is sinless perfection possible in this life?,"While we strive to grow in faith and become more like Christ, true sinless perfection isn't possible in this life. The Bible acknowledges that we all struggle with sin while on earth. Terms like ""mature"" or ""complete"" often refer to spiritual growth rather than being without sin. We believe true perfection will be realized only in heaven, when we are united with Jesus and our transformation is complete. Until then, we aim to grow in love and unity as we journey together."
Spiritual strongholds - what is the biblical view?,"In the Bible, spiritual strongholds are not physical, but rather, they are barriers like false beliefs, pride, and worldly philosophies that resist the truth of God. According to 2 Corinthians 10:3-5, our battle against these strongholds is spiritual, not fought with earthly weapons, but with God's divine power and the spiritual armor described in Ephesians 6. Just as God brought down the walls of Jericho, He can demolish these spiritual strongholds through His power. Our role, as Christians, is to rely on Him completely, using the spiritual tools He provides, to overcome these obstacles in our lives and the world around us."
Is suffering for Christ always going to be a part of being a follower of Christ?,"Suffering is a part of being a true follower of Christ because it aligns us with His own suffering. Jesus taught that following Him means denying ourselves and taking up our cross, which symbolizes a willingness to endure hardships. While not everyone will face severe persecution, we might still encounter rejection or ridicule for standing firm in our faith. This suffering, whether external or internal, is seen as a privilege, a way to honor Christ, and an opportunity to grow closer to Him."
How can I take control of my thoughts?,"Taking control of your thoughts can be challenging, but with God's help, it's possible. Start by regularly reading and meditating on Scripture so that you can recognize and reject negative thoughts, replacing them with God's truth. Rely on the Holy Spirit's strength through prayer, and be mindful of what you expose your mind to, avoiding anything that might lead you astray. Surround yourself with encouraging fellow believers for support and accountability. Above all, make sure your faith is rooted in Christ, for true transformation comes through Him."
Why does God allow us to go through trials and tribulations?,"God allows us to face trials and tribulations to help us grow more like Jesus and strengthen our faith. These challenges shape our character, teaching us perseverance, hope, and trust in Him. Even when these tough times are due to our own mistakes, God still uses them for our good. Through every trial, we can find joy knowing that enduring and trusting in God brings us closer to Him and ultimately leads to eternal rewards. Remember, God is always with us, offering strength and guidance through His Word and Spirit."
What is true worship?,"True worship is about giving all of ourselves to God, motivated by His immense mercies like love, grace, and forgiveness. It's not just about music or rituals; it's about an inner transformation and renewing our minds with God's truth. Worship involves heartfelt actions like prayer, reading scripture, and serving others, always centering on God's glory rather than seeking personal gain. Ultimately, it's about living in obedience to God and His Word, celebrating His power and presence in every aspect of our lives."
How can I learn to trust in God?,"Learning to trust in God starts with getting to know Him better. Just like we trust people we know and understand, we grow in trust with God by reading His Word and seeing His faithfulness in our lives and the lives of others. God never breaks His promises, and the Bible is filled with examples of His trustworthiness. As we experience His love, grace, and goodness, our trust in Him deepens. Unlike humans, who can be unreliable, God is always reliable and truly knows what's best for us. By drawing closer to Him, trust naturally follows."
How can I know how to properly worship God?,"To truly worship God, it starts with having a heart that's been transformed by faith in Jesus. This means our sins are forgiven, and we're focusing our whole affection on God, without letting other things like careers or possessions take His place. Worship isn't just about singing; it's about living our lives for God, learning about Him, and letting everything we do be an act of love and service to Him. Let your heart be fully satisfied in God and express that through your daily actions and thoughts."
In what ways is being a Christian difficult?,"Being a Christian can be tough because it involves facing the world with new values and battling against our own desires. Following Christ means turning away from old habits and striving to grow more like Him, which often means saying ""no"" to things that don't align with God's will. This journey is not just about following rules but about a deep, transforming relationship with God. While it might feel like swimming against the current, we are never alone—Christ strengthens us through every challenge, offering rewards and a more abundant life."
What is Christian discipleship?,"Christian discipleship is all about following Jesus and helping others do the same. It means putting Jesus first in everything, learning from His teachings, and letting His love shape our lives. As His disciples, we're called to bear good fruit, which means living a life that reflects His love and truth. We're also meant to love one another deeply and share the hope we have in Jesus with others, encouraging them to follow Him too. It's a journey of growing in faith and helping others grow as well, all for God's glory."
What is Christian leadership?,"Christian leadership is all about following Jesus' example as the Good Shepherd. This means a leader should care for their community like a shepherd does for sheep—by guiding, nurturing, comforting, correcting, and protecting them. A Christian leader leads with humility, serving others and nourishing them with God’s Word. They provide comfort and discipline lovingly, and protect their flock from false teachings. Jesus showed this servant-leadership when He washed His disciples' feet, teaching that true leadership is about humble service and devotion."
What is the Christian life supposed to be like?,"The Christian life is all about living by faith. We start this journey by trusting in Christ for the forgiveness of our sins, realizing we can't earn our way to heaven through good deeds or rules. As we grow in faith, we deepen our understanding of God through His Word and prayer, striving to live more like Christ by setting aside our own desires. It's a life of perseverance, relying on the Holy Spirit to keep us faithful until the end. Living as a Christian means focusing on our relationship with Jesus and supporting one another in our shared goal of becoming more like Him."
What are the biblical principles for solid decision-making?,"When making decisions, it's important to seek God's will. God guides us through His Spirit and His Word, and He promises to teach and counsel us. We should ask ourselves if our choices are for our own desires or for God's glory. It's crucial to trust God, ask for wisdom, and be patient for His timing. Even when decisions are difficult, God is with us, offering peace and guidance as we seek to live for His purposes."
How can I stay focused on Christ?,"Staying focused on Christ in our busy world means intentionally directing our thoughts and actions towards Him. One practical way is by regularly reading the Bible, which constantly points us back to Jesus. Developing a consistent prayer life also keeps us connected to Him throughout the day. Trusting in Jesus as our protector and recognizing Him as the source of all good things helps shift our focus from worldly distractions. As we do this, the light of Christ shines brighter, helping us see the world in its true light and keeping our hearts aligned with Him."
Does the Bible instruct us to forgive and forget?,"The Bible doesn't explicitly say ""forgive and forget,"" but it does encourage us to forgive others, which is crucial for our relationship with God and our own peace (Matthew 6:14, Ephesians 4:32). Forgiveness is a choice we must make, even if the offender never seeks it. While God ""forgets"" our sins in the sense that He no longer holds them against us, we, being human, can't erase memories but can choose to let go of resentment. This doesn't mean ignoring past wrongs or abandoning wisdom; it's important to be cautious and protect ourselves, especially if the offender hasn't changed. Ultimately, forgiveness without necessarily regaining trust is a wise and godly approach."
What does the Bible say about forgiving yourself?,"The Bible doesn't specifically mention forgiving ourselves, but it does emphasize the importance of understanding and receiving God's forgiveness. When we accept that God has forgiven us through Jesus, we can let go of the guilt and shame we hold against ourselves. Just like we are called to forgive others because God forgave us, we should also apply that forgiveness to ourselves. It's not about punishing ourselves for past mistakes but embracing the freedom and grace God offers. Remember, God’s love and forgiveness are there to help us move forward and grow, even when dealing with the consequences of past actions."
"How can believers be in the world, but not of the world?","As believers, we're called to be in the world, meaning we're physically present and living our lives here, but we're not of the world, which means we don't conform to its values and sinful tendencies. Instead, we strive to live like Jesus, focusing on what is holy and righteous. This involves daily choosing to follow Christ's teachings and letting our actions reflect His love, so others can see something different in us. While we can enjoy the beauty of God's creation, our primary purpose is to worship God, not chase after worldly pleasures."
What does it mean to be in Christ?,"Being ""in Christ"" means embracing a new identity through faith, where we are united with Jesus and share in His righteousness. It signifies that we've accepted Jesus' sacrifice for our sins, and in doing so, God no longer sees our flaws but the perfection of His Son. This relationship with Christ restores our connection with God, erases our past sins, and assures us of eternal life. It's like a divine exchange at the cross, where our imperfections are swapped for His purity, allowing us to stand right before God."
How can I increase my faith?,"Increasing your faith is all about deepening your relationship with God. Start by immersing yourself in the Bible and learning about God's love, justice, and mercy. As you get to know Him through His Son, Jesus, ask God to reveal more of Himself to you and transform you. Trust grows when we step out of our comfort zone, letting go of pride, and allowing the Holy Spirit to guide us. Remember, faith grows through listening to God's word and being open to His guidance, even in trials."
What does it mean that we are not to love the world?,"When the Bible says not to love the world, it's talking about not getting caught up in the world's values and priorities that are often at odds with God's. God loves the people of the world, and so should we, but we're called to be cautious about letting worldly desires like greed, pride, and envy take root in our hearts. Instead, we should focus on God's eternal values, putting Him first and letting our lives reflect His love and truth. Essentially, loving the world in a negative sense means prioritizing anything over God, which can lead to idolatry and hinder our spiritual growth."
I am a new Christian. What is the next step?,"Congratulations on your new faith journey! As a new Christian, consider starting by reading the Bible, perhaps with the Gospel of John, to learn more about Jesus. Prayer is also key—simply talk to God regularly about your day and your needs. You might also think about getting baptized as a public sign of your commitment to Jesus. Building friendships with other Christians is important too, as we grow best in community. Remember to help others and share your new faith with those around you. These steps aren't requirements, just ways to help you grow in your faith. You’ve been saved by grace, and God promises to continue His work in you. God bless you on this exciting journey!"
What does the Bible say about overcoming lust?,"The Bible teaches that lust is a strong desire that, when focused on things God has forbidden, can lead us away from Him. James 1:14-15 explains that temptation itself isn’t sinful, but acting on evil desires is. We have a choice to resist temptation, like Joseph did, or to entertain it, which can lead to sin. The key to overcoming lust is to dedicate our hearts to God and rely on His strength, taking every thought captive and striving to please Him above all else."
How do I get a passion for Jesus?,"To grow a passion for Jesus, start by getting to know Him better through regular Bible study, as it's like God's love letter to you. Prayer is crucial too—it's just like any close relationship, where continuous communication keeps the connection alive. Walk closely with Him now by obeying His guidance in your daily life, even in small things, and eliminate distractions that pull you away from Him. If you feel your passion waning, reconnect with the practices that first nurtured your love for God, and remember, it's about returning to those ""first works"" that strengthened your relationship with Him initially."
What are the promises of God?,"The Bible is filled with God's promises to us, and they are unwavering and trustworthy because God is faithful. In the Old Testament, God promised blessings and protection to Israel and the world through Abraham's lineage, which ultimately points to Jesus. In the New Testament, He promises salvation, new life, and peace to those who believe in His Son. Jesus, in the Gospels, assures us of rest, abundant life, and eternal security in Him. All these promises find their fulfillment in Jesus, who is the ultimate ""Yes"" to God's promises. So, we can trust that God will keep His word in our lives."
How can I restore my soul?,"To restore your soul, lean into God, who knows you deeply and loves you profoundly. Psalm 23:3 reminds us that God, like a gentle shepherd, leads us to places of rest and renewal. Spend time in His Word, seek Him in prayer, and connect with fellow believers for encouragement and support. Remember, restoration is especially for those who have faith in Christ, as He promises rest and peace to those who come to Him. When you're feeling discouraged, draw strength from the Bible, especially the Psalms, and trust in God's faithfulness to bring renewal."
Why should I want to serve God?,"We should want to serve God because knowing Him naturally leads us to do so with love and joy. Jesus is our perfect example; His life was all about serving others with love and humility. When we truly experience God's love, our response is to serve Him, not out of obligation, but as a heartfelt act of love. Paul’s transformation from persecutor to devoted servant of God shows how encountering Jesus can change our hearts, igniting a genuine desire to serve. Ultimately, the more we know and experience God's love, the more we are inspired to serve Him in return."
How are we to submit to God?,"Submitting to God means humbly aligning our lives under His authority, much like soldiers arranging themselves under a leader. It's about choosing to follow God's ways rather than our own, out of love and trust in His wisdom. This involves respecting the authorities He has placed in our lives and continuously seeking to grow spiritually by learning from His Word. Ultimately, submission to God brings peace and blessings, as we trust Him to guide us through life with His loving care."
"What did Jesus mean when He said, “Take up your cross and follow Me”?","When Jesus said, ""Take up your cross and follow Me,"" He was calling us to a life of self-sacrifice and complete surrender to God. The cross in Jesus’ time symbolized a painful and humiliating death, not just a minor inconvenience or burden. Following Jesus means being willing to let go of our own desires and even face hardship or loss for His sake. Though the path may be challenging, the reward—eternal life with Him—is beyond compare. Are you willing to take that step of faith and commitment?"
Does a Christian have two natures?,"As Christians, we experience an inner struggle between our old and new natures. The old nature is our capacity to sin, while the new nature, given to us at conversion, empowers us to resist sin and live a godly life. This struggle is ongoing, as even the Apostle Paul described in Romans 7. The good news is that we are no longer slaves to sin; instead, we're called to nurture our new nature through a lifelong process of sanctification. Even when the battle feels tough, we can trust that Christ is with us, helping us grow and ultimately freeing us from sin's grip."
What does it mean to abide in Christ?,"Abiding in Christ means having a genuine, ongoing relationship with Him. It's like being a branch connected to a vine, drawing life and strength from Jesus. When we're ""in Christ,"" it means we've accepted salvation and are secure in His love. This relationship is reflected in how we live, obey His teachings, and experience His presence daily. It's not about achieving a special level of faith but simply living out the reality of being saved. Those who truly abide will continue to grow and bear fruit, showing the authenticity of their faith."
What does it mean to backslide?,"Backsliding, in a Christian sense, means moving away from Christ instead of towards Him. It’s when someone who once followed Jesus starts slipping back into old ways or loses their passion for their faith. This can be temporary for someone truly saved, like a crisis of faith, where they might question their beliefs but eventually find their way back. Sometimes, it refers to people who seemed to be Christians but never really committed, and they eventually leave the faith completely. In either case, God’s love is constant, and He seeks to bring His children back into His embrace."
How can I become a more cheerful giver?,"To become a more cheerful giver, look to Jesus, the ultimate example of giving. He gave everything for us, and when we give selflessly like Him, it pleases God. The Bible encourages us to give generously, promising that when we do, we will experience blessings—though not always material ones. God loves a cheerful giver, and when we give with a willing heart, whether it's our time, talents, or resources, we're reflecting God's grace and shining His light in the world. Remember, everything we have comes from God, so sharing it with others is a way to honor Him."
What is biblical stewardship?,"Biblical stewardship is about recognizing that God is the Creator and owner of everything, and we are simply managers of what He has entrusted to us. This means we're responsible for wisely taking care of all aspects of our lives, not just our finances, but also our time, talents, and relationships, as a way of serving God. It's about living in obedience, acknowledging that we belong to Christ, and joining in His mission of sharing the gospel and love. In essence, stewardship is about letting Christ be the Lord of our lives and working through the strength and grace He provides."
Does the Bible instruct us to have childlike faith?,"While the Bible doesn't directly say ""have childlike faith,"" it does encourage us to adopt qualities similar to those of a child to enter God's kingdom. In Matthew 18, Jesus emphasizes humility and a trusting spirit, suggesting that a child’s lack of ambition and pride is a good example for us. This doesn't mean being naive, but rather having a simple, honest trust in God, much like how a child trusts a loving parent. Ultimately, Jesus is inviting us to have a humble and joyful trust in Him, receiving God’s kingdom with openness and sincerity."
What is the difference between a Christian and a disciple?,"Being a Christian and a disciple both involve following Jesus, but they highlight different aspects of that relationship. A disciple is essentially a student or follower who commits fully to learning from and living like Jesus. This means embracing the sacrifices and commitments that come with following His teachings. On the other hand, the term ""Christian"" was initially used by outsiders to describe those who belonged to Christ. To be a true Christian is to be a disciple—someone who has placed their faith in Jesus, is filled with the Holy Spirit, and is continually being transformed to reflect Christ in their life. True Christian discipleship is about living faithfully and helping others grow in their faith too."
How should a Christian respond to persecution?,"Facing persecution as a Christian can be tough, but it's something we should expect because Jesus and the Apostle Paul warned us about it. It's our distinct values and love for Christ that set us apart from the world, which can lead to opposition. However, persecution can bring us closer to Jesus by sharing in His sufferings, strengthen our character, and deepen our bonds with fellow believers. In these challenging times, we can lean on God’s grace, support each other, and even pray for those who oppose us, reflecting Christ’s love and patience."
How can I get a clear conscience?,"To have a clear conscience, we must recognize that only God can truly cleanse it, because all sin is ultimately against Him. Just like in the Garden of Eden, where God provided a covering for Adam and Eve's sin, He offers us forgiveness through Jesus' sacrifice. When we bring our sins and failures to Jesus and accept His atonement, our consciences are cleansed. Even if we stumble, we can ask God for forgiveness, and He promises to forgive and cleanse us. By trusting in Jesus and His work on the cross, we can live in freedom and pursue a righteous life, confident that God delights in His transformative work in us."
What does the Bible mean by “dying to self”?,"""Dying to self"" in the Bible means letting go of our old, sinful ways and choosing to live a new life focused on Jesus. It's like a spiritual rebirth where our past ways are left behind, symbolized in baptism when we go under the water and rise again. Jesus calls us to deny ourselves, take up our cross, and follow Him, which means living for Him rather than our own desires. It's not just a one-time decision but a lifelong journey of becoming more like Christ, where we pursue God’s will passionately instead of our own."
What things in this world have a true eternal value?,"In this world, the things with true eternal value are those connected to our relationship with Jesus Christ. While earthly treasures fade, our faith and actions done in His name endure forever. We are called to use our spiritual gifts to serve others and glorify God, building with ""gold, silver, and costly stones"" that withstand the test of time. By living for Christ and not for worldly gains, we contribute to His eternal kingdom."
What is the key to truly experiencing God?,"To truly experience God, it's about a lifelong journey of faith rather than seeking a specific ""experience"". First, it involves acknowledging our need for Jesus and accepting Him as our Savior, which allows us to share in His divine nature. Then, we allow the Holy Spirit to guide and move us, leading us to deeper understanding and transformation. Finally, it’s about growing in intimate knowledge of God, trusting in His love and sovereignty, and sharing His love with others. It’s a process of belonging to Him and being continually shaped by His presence."
How can we experience true freedom in Christ?,"Experiencing true freedom in Christ might seem a bit paradoxical at first because it involves becoming a ""slave"" to Him. However, this kind of slavery is to our loving Savior who set us free from the bondage of sin. In Christ, we find true peace and joy, and our lives are transformed as we let go of our old sinful ways and embrace the new life He offers. By living in Christ’s truth and power, we inherit eternal life and a newfound freedom that far surpasses any earthly freedom."
What does it mean to glorify God?,"Glorifying God means honoring Him with our praise, worship, and the way we live our lives. It's about acknowledging His greatness and giving Him the credit He's due through our words and actions. We do this by praising Him, sharing His works with others, living righteously, and offering our lives as a living sacrifice. Whether in what we do or say, our lives are meant to reflect His majesty and goodness, reminding us that He alone is worthy of all praise."
How can I learn to trust that God is in control?,"Learning to trust that God is in control starts with understanding His sovereignty. God is in full control of everything in the universe, and nothing happens without His permission. Even when life feels chaotic, we can find comfort in knowing that God’s plans are perfect and unshakeable. To trust Him more, we need to know Him better through His Word, which reveals His goodness, love, and faithfulness. As we study the Bible and build our relationship with God, our confidence in His control will grow."
How can I know what God’s plan is?,"Understanding God’s plan for your life begins with His Word—the Bible. It gives clear guidance, like being joyful, praying continually, and giving thanks, which are part of His will for all believers. By studying Scripture, dedicating your life to God, and turning away from worldly habits, you prepare yourself to hear His guidance. Prayer is also key; through it, you can seek God's plan and grow in assurance of His will. Sometimes, God reveals His plans through life circumstances or relationships, but these should always be checked against Scripture. Remember, as you draw closer to God, He promises to draw nearer to you, revealing His plans in His perfect timing."
How can I know what God’s timing is?,"Understanding God's timing requires patience and trust, as His timing is always perfect, even if it doesn't match our own schedules. It can be challenging to wait, especially in our fast-paced world, but patience is a spiritual gift that shows our trust in God. We are encouraged to “be still before the LORD and wait patiently for Him” because in His perfect time, He strengthens and guides us. To better discern His timing, it's crucial to grow in our knowledge of God through His Word, which offers guidance and wisdom. Even in trials, we can find comfort knowing that God is at work, orchestrating everything for our good and His divine purpose."
Why do you need to guard your heart above all else (Proverbs 4:23)?,"Proverbs 4:23 reminds us to ""guard your heart,"" because it's the wellspring of our thoughts, attitudes, and actions. By being mindful of what we let into our hearts, we protect our relationship with God and others. When we fill our hearts with love, kindness, and godly wisdom, we experience peace and joy, and cultivate stronger connections. Ultimately, guarding your heart means choosing thoughts and influences that reflect God's love and truth, leading to a fulfilling spiritual life."
How can I overcome a habitual sin?,"Overcoming habitual sin starts with recognizing the transformation that happens when you accept Christ. As believers, we're no longer slaves to sin, even though we often struggle with it. It's important to rely on the Holy Spirit for strength, rather than our own efforts, and to actively change the habits that lead us into sin. Remember, just like Joseph ran from temptation, we need to remove things that lead us astray. Immerse yourself in the gospel daily, trusting that God's grace will continue to work in you, helping you grow and change from the inside out."
How do I make Jesus Lord of my life?,"Making Jesus Lord of your life is about recognizing His lordship and choosing to follow Him daily. It's not something we make happen; Jesus is already Lord. Our role is to submit to Him by living according to His teachings, relying on the Holy Spirit for strength. This means making choices that reflect His love and truth in our everyday actions, like being kind, honest, and prayerful. Even when we stumble, God offers forgiveness when we confess our sins. Remember, it's a journey of faith, guided by the Spirit, and not something we accomplish by our own strength."
What is the law of Christ?,"The law of Christ is about loving God with everything we have and loving our neighbors as ourselves. Jesus summarized this as the greatest commandment, and it fulfills all the Old Testament laws. Instead of focusing on numerous rules, Christians are called to live out these two principles. By loving others and God, we not only fulfill His law but also honor the sacrifice Jesus made for us. Our motivation should be love, not just rule-following, and this love guides us away from sin."
What does it mean to be a living sacrifice (Romans 12:1)?,"In Romans 12:1, being a ""living sacrifice"" means offering ourselves fully to God, not by the old way of animal sacrifices, but by living a life that pleases Him. It's about choosing to live differently from the world by resisting desires for physical things, materialism, and pride. Instead, we focus on being transformed by letting God's Word change our hearts and minds. This helps us understand and follow God's perfect will for our lives."
"What does it mean to love the Lord with all your heart, soul, mind, and strength?","Loving the Lord with all your heart, soul, mind, and strength is a command that can feel overwhelming because, on our own, it's impossible. Our human nature falls short, but through Jesus and the Holy Spirit, we're empowered to grow in love for God. This love deepens over time, especially as we experience God's faithfulness in our lives. By getting to know God more deeply—through prayer, studying His Word, and living out our faith—we nurture this love, and it transforms us. Just like the man in the Bible who asked Jesus for help with his unbelief, we can ask God to help us love Him more each day."
Why is loving others often so difficult?,"Loving others can be tough because we're all human and prone to selfishness and sin. Our natural tendency is to think of love as a feeling, but true love, like God's love for us, is selfless and sacrificial. It's not about waiting for warm emotions but choosing to act in love, even when it's hard. We can't do this on our own; we need to rely on God and His Spirit to help us love others, especially when it's challenging. When we do, we reflect God’s love to the world and grow closer to Him."
Why is making disciples important?,"Making disciples is crucial because it's the way Jesus chose for spreading the message of salvation and fulfilling God's will on earth. Jesus commanded His followers to make disciples of all nations, teaching them to follow His teachings. This isn't just about sharing the Gospel; it’s about nurturing believers to grow in their faith and spread the message further. By making disciples, we're part of a grand mission that Jesus set in motion, empowered by the Holy Spirit, to share His love and truth with the world."
What does it mean to be a man of God?,"Being a man of God means living a life that follows God's ways, obeying His commands with joy, and focusing on eternal values over worldly ones. It's about acting justly, loving mercy, and walking humbly with God, as highlighted in Micah 6:8. A man of God leads his family spiritually, avoids behaviors that displease God, and shows compassion to those in need. He understands that true holiness and righteousness come from God's strength, not his own, and he relies on God's power to live a life that pleases Him."
How can I have the mind of Christ?,"To have the mind of Christ is to share in His thoughts and purposes. It means understanding God’s plan for the world, which is to glorify Himself, restore creation, and provide salvation. As believers, we identify with Christ's mission to save the lost and reflect His humility, compassion, and reliance on God. This wisdom is given to us by the Holy Spirit, and it stands in contrast to worldly wisdom. To truly have the mind of Christ, one must first believe in Him, be guided by the Holy Spirit, and allow Him to renew and transform our minds."
What does it mean that a Christian is a new creation (2 Corinthians 5:17)?,"When the Bible talks about Christians being a ""new creation"" in 2 Corinthians 5:17, it means that through faith in Christ, we've become entirely new people. This transformation isn't just a cleanup of our old selves, but a complete renewal crafted by God, much like He created the universe from nothing. The old parts of us—our sin, pride, and self-centeredness—are replaced with new desires and a love for God and others. Even though we still struggle with sin, we're no longer bound by it. Instead, we grow in holiness, gradually learning to live more like Jesus every day."
In what ways is becoming a Christian becoming an entirely new man/woman?,"Becoming a Christian is like starting life all over again, just like being ""born again"" as Jesus described. When you trust Jesus, you're not just making some changes to your life; you're becoming a completely new person deep inside. God transforms our desires and outlook, guiding us away from living for ourselves to living for Him. It's not just about changing behaviors but letting the Holy Spirit renew and lead us. As we grow in our relationship with God, our priorities and passions shift to reflect this new life. It's a journey that starts with the new birth and continues as God works in us day by day."
What is a quiet time?,"A quiet time is a special part of a Christian's day set aside to connect with God without distractions. It's about finding a peaceful spot to read the Bible and pray, much like Jesus did when He withdrew to quiet places to be with His Father. The duration isn't important; what matters is the quality of time spent in reflection and conversation with God. Instead of emptying the mind, it's about filling it with positive, God-centered thoughts, leading to a sense of peace and renewal. If life feels too busy, it might be worth re-evaluating priorities to include this valuable practice."
What are the keys to resisting temptation?,"To resist temptation, we begin by recognizing that Satan is the ultimate tempter, but remember, his power is broken through Jesus' death and resurrection. Relying on the Holy Spirit and grounding ourselves in God's Word are crucial. Scripture, like in Jesus' temptation in the desert, is a powerful tool against temptation. Prayer is also essential; Jesus encouraged it to keep us from falling into temptation. Always remember, God promises a way out of any temptation we face and gives us the strength to endure. Lastly, keeping Jesus' sacrifice in mind helps us stay strong, while using common sense to avoid tempting situations."
How can I know for sure that my anger is righteous indignation?,"To be sure your anger is righteous, it should align with what angers God, like injustice or sin. It's important to examine your heart and motives, ensuring your anger doesn't lead to sin. Scripture encourages us to be slow to anger and to respond with goodness, leaving judgment to God. If your anger can lead to positive, loving actions that bring others closer to God, it's likely righteous indignation. Remember, it's about reflecting Christ's love and justice."
What does it mean to be sanctified?,"To be sanctified means to be set apart for God’s special purposes. It's like how certain places and things in the Bible were made holy for God, like the temple or the Sabbath. For us, being sanctified means God is working in our lives to transform us, making us more like Jesus. This process involves the Holy Spirit and the cleansing power of God’s Word, setting us apart from sin and aligning us with God’s will. It's a journey where God loves us too much to leave us unchanged, helping us grow spiritually and live in a way that honors Him."
What does it mean to seek first the kingdom of God?,"When Jesus tells us to seek first the kingdom of God (Matthew 6:33), He means we should prioritize God's ways and His salvation above worldly concerns. This doesn't mean ignoring our daily responsibilities but approaching them with a heart centered on God. Ask yourself if your efforts go toward temporary things or eternal ones. God promises to meet our needs, though His timing and understanding may differ from ours. Remember, the call to seek His kingdom isn't about becoming wealthy, but about aligning our lives with His purposes."
How do I share my Christian testimony?,"Sharing your Christian testimony is about telling your story of coming to faith in a way that shares the Gospel clearly. Start by reflecting on your journey to trusting Christ—when, where, and how it happened, and how it's blessed your life. Write it as a concise story, aiming for around three minutes, and include key Scriptures that highlight your understanding of sin, Jesus’ sacrifice, and the gift of salvation. Above all, be genuine and let God's love shine through your experience."
"Are Christians sinners, saints, or both?","Christians are both sinners and saints. We're all born into sin, as shown in the story of Adam and Eve. However, through accepting Jesus Christ's sacrifice, we become saints—holy in our new life with Him. Being a saint isn't about being perfect or doing enough good deeds; it's about faith in Jesus and His grace. Even as saints, we still struggle with sin, but our journey with Christ reflects His presence in our lives."
What can I do when I am under spiritual attack?,"When you feel like you're under a spiritual attack, it's important to rely on God's strength and put on His armor, as described in Ephesians 6:10-18. This means standing firm in truth, righteousness, peace, faith, salvation, and using God's Word as your weapon. Jesus shows us the power of Scripture in battling spiritual forces, just as He did in the wilderness. Remember, having a personal relationship with Christ is crucial for spiritual strength and protection, so lean into prayer and God's Word during such times."
Do we need to be aware of the spiritual battle that is taking place around us?,"Yes, being aware of the spiritual battle around us is crucial for every Christian. This battle isn't fought with physical weapons or human wisdom but with spiritual tools, like faith and the Word of God. We're called to stand firm, using God's Word as our sword, and trusting that He fights for us. While we face challenges and temptations, we find freedom and victory through scripture and the assurance of God's promises."
How can I increase my spiritual discernment?,"To grow in spiritual discernment, start by recognizing that true wisdom comes from God, so pray and ask Him for it. Then, dive into the Bible, getting to know God's Word deeply, because just like a bank teller learns to spot counterfeits by knowing real money well, you come to recognize truth by knowing God's truth intimately. As you study and practice living out the teachings of Scripture, you'll become better at distinguishing between what's right and wrong, tuning your heart to hear God's voice amidst the noise of the world. Remember, it's about knowing Jesus and letting that relationship shape your understanding and choices."
What are the spiritual disciplines?,"Spiritual disciplines are practices that help us grow in our faith and become more like Christ. They include engaging with God's Word through reading and memorization, as well as prayer. By immersing ourselves in Scripture, we tap into God's power to resist sin and face life's challenges. Prayer allows us to communicate with God, deepening our relationship with Him. Together, these disciplines guide us to live a godly life, aligning with God's purposes and experiencing His love more fully."
What is a spiritual journey?,"A spiritual journey, in the Christian sense, is about growing in your relationship with God and becoming more like Jesus. It's a lifelong adventure, starting with faith in Christ and moving through challenges and growth as you understand more about God and the world. Unlike other spiritual paths that might rely on practices like chanting, the Christian journey emphasizes prayer, studying the Bible, and living according to its teachings. It's about intentional growth and relying on God's work within us, recognizing that none of us are perfect and we are always learning and maturing."
What is spiritual maturity?,"Spiritual maturity is about growing to be more like Jesus. It's a lifelong journey where we strive to know God better and live in a way that pleases Him, shifting our focus from ourselves to Him. This involves practicing spiritual disciplines like prayer, Bible study, and serving others, while relying on the Holy Spirit to guide us step by step. We're equipped for this growth by God's power, and as we obey and nurture qualities like love, self-control, and godliness, we become more fruitful in our faith."
What does the Bible say about unforgiveness?,"The Bible emphasizes the importance of forgiveness and warns against unforgiveness. Jesus' parable of the unmerciful servant in Matthew 18 highlights how crucial it is to forgive others, as God has forgiven us. While God's forgiveness is not earned by our actions, forgiving others reflects our understanding of His grace. Unforgiveness can lead to bitterness and hinder our relationship with God, as described in Hebrews 12:14-15. Forgiving someone doesn't mean disregarding the wrong done or necessarily restoring a relationship; it's about releasing our need for personal revenge and acknowledging the grace we've received. Scripture calls us to forgive as we have been forgiven, recognizing the immense gift of grace given to us through Christ."
Why is waiting on God so difficult?,"Waiting on God is tough because we often want things to happen on our own timetable, but God's timing is perfect even when it seems delayed. In our fast-paced world, this waiting can test our faith and make us wonder if God hears us. However, trusting in God’s perfect ways and His sovereignty can bring us peace, like a child trusting a loving father. Remember, God knows our needs and cares for us deeply, and in His perfect timing, our hopes will be fulfilled."
"Since God withholds forgiveness, can we?","God calls us to forgive others as He forgives us, which means being ready to forgive generously and repeatedly. While God does withhold forgiveness from those who don’t repent, His desire is for all to turn to Him and be forgiven. Similarly, we're encouraged to forgive without holding onto bitterness, reflecting God's heart of mercy. Remember, forgiveness doesn’t always mean reconciliation or restored trust—those take time and effort, especially in difficult situations. But we forgive because we've received forgiveness ourselves and are called to let go of resentment."
What does it mean to be a woman of God?,"Being a woman of God means having a life-changing relationship with Jesus and letting the Holy Spirit guide you. It's all about growing in faith by reading the Bible, praying, and being part of a community of believers. She strives to live out God's love by being kind, compassionate, and serving others, while keeping her heart pure and humble. Ultimately, it's a journey of becoming more like Christ, showing His love through her actions and speech."
Why should I talk about my faith in the workplace?,"Talking about your faith in the workplace is important for a few reasons, but it's crucial to do so in a way that respects your job responsibilities. First and foremost, as Christians, we're called to share Jesus' love and message with others, just as someone once shared it with us. Our gratitude for what God has done in our lives naturally leads us to want to tell others about it. However, our actions often speak louder than words, so being a diligent and kind worker can open doors for conversations about faith. When those opportunities arise, be ready to share your hope gently and respectfully, always reflecting Christ’s love."
What does it mean to worship the Lord in spirit and truth?,"To worship the Lord in spirit and truth means to engage your whole heart and mind in worship, not just follow rituals or go through the motions. It's about loving God deeply and genuinely, guided by the truth of who He is as revealed in the Bible. True worship combines heartfelt passion with a proper understanding of God, leading to an authentic and joyous connection with Him. Jesus taught that this kind of worship isn't tied to specific places or practices but is available to all who love and know Him."
What does it mean to be a stumbling block to someone else?,"Being a stumbling block means doing something that might lead someone away from their relationship with God or cause them to sin. It’s like putting a rock in someone’s path, making it harder for them to walk straight. In the Bible, Jesus and Paul talk about this, urging us to be mindful of how our actions, even if allowed by God, might affect others, especially those who are spiritually weaker. It's about putting others' spiritual wellbeing before our own freedoms and ensuring that our actions help, not hinder, their faith journey."
What does it mean to love like Jesus?,"To love like Jesus means to love selflessly and sacrificially, holding everything we have with open hands and using it to serve others. Jesus showed us that true love isn't selective; it's about treating everyone with dignity and respect, regardless of their background or status. This kind of love also involves being truthful, even when it's difficult, and forgiving others as Jesus forgave us. Ultimately, our love for one another is a reflection of our love for Jesus, and it’s how the world recognizes our faith."
What is the definition of sin?,"Sin, in the Bible, is essentially going against God's law and rebelling against Him. It started with Lucifer's pride and later entered the human world through Adam and Eve's disobedience in the Garden of Eden. Because of Adam, we all inherit a sinful nature and are seen as sinners before God. There are three kinds of sin: inherited sin, imputed sin (which means Adam’s sin is credited to us), and personal sins we commit daily. But here's the good news: Jesus took all these sins upon Himself on the cross, offering us forgiveness and new life if we trust in Him. Through faith, we can live in His grace and be free from the eternal penalty of sin."
How can I know if something is a sin?,"To know if something is a sin, start by checking if the Bible specifically names it as sinful, like lying or stealing. For things the Bible doesn't directly mention, ask yourself if what you're doing is good and if it builds others up. Can you honestly ask God to bless this activity? If you're unsure if it pleases God, it's wise to avoid it. Also, consider how your actions affect others—if they could lead someone astray, it's best to refrain. Remember, Jesus should be the focus of our lives, and nothing should have more control over us than Him."
What does the Bible say about pornography?,"The Bible teaches that pornography is harmful and contrary to God’s design for sex, which is meant to be a loving union between a husband and wife. Viewing pornography can lead to lustful thoughts and desires, impacting your mind, heart, and relationships. It’s addictive and can distort your view of others and yourself. However, God offers healing and freedom from such bondage. To overcome this, you can confess your sin to God, seek His help to renew your mind, and fill your life with positive, godly influences. Practical steps, like installing blockers and having a supportive community, can also aid in breaking free from pornography addiction. Remember, God’s plan for your life is far richer and more fulfilling than any temporary satisfaction that sin promises."
Is gambling a sin?,"While the Bible doesn't directly label gambling as a sin, it warns against the love of money and the desire to get rich quickly. Gambling often preys on these desires and can lead to poor stewardship of resources and financial misfortune. It can take advantage of others and is typically fueled by greed, which is contrary to living a life content with what God has provided. As Christians, we're encouraged to trust in God for provision and to handle our resources wisely, avoiding practices like gambling that can distract from those values."
Are all sins equal to God?,"In God's eyes, all sins are essentially equal because they all fall short of His perfection. Whether it's a small lie or something more severe, sin separates us from God. However, the consequences of sin can vary in this world. For example, lustful thoughts and adultery are both sins, but adultery may have more severe earthly consequences. The hope we have is that all sins, no matter their size, can be forgiven through Jesus. Through faith in Christ, we are offered grace and redemption."
What are the seven deadly sins?,"The seven deadly sins, as taught in Catholic tradition, are pride, envy, gluttony, lust, anger, greed, and sloth. These are seen as basic vices that can lead to more sin, affecting our souls deeply. While they aren't directly called ""deadly"" sins in the Bible, the concept helps us understand and categorize our struggles with sin. Thankfully, through Jesus' sacrifice, we can be forgiven for all sins, including these, when we sincerely repent and seek God’s grace."
What is the unpardonable sin / unforgivable sin?,"The unpardonable sin, as mentioned by Jesus, is blasphemy against the Holy Spirit, which was a specific act committed by the Pharisees when they attributed Jesus' miraculous works to Satan. This particular sin cannot be duplicated today because Jesus is not physically present on earth. Today, the only unforgivable sin is dying in unbelief, rejecting Jesus as Savior. God is always ready to forgive and embrace anyone who turns to Him in faith, no matter their past. If you're worried about having committed an unforgivable sin, take heart—turn to God, and He will welcome you with open arms."
Is gluttony a sin?,"Yes, gluttony is considered a sin because it represents an excessive desire for food, which can be seen as a form of greed and a lack of self-control. The Bible encourages moderation and self-discipline, warning against letting our physical appetites take precedence over our spiritual lives. While enjoying food is a gift from God, we're encouraged to partake in it responsibly, so it doesn't become our primary focus."
Did we all inherit sin from Adam and Eve?,"Yes, we all inherit sin from Adam and Eve. This inherited sin is like a spiritual condition passed down through generations since Adam and Eve first disobeyed God in the Garden of Eden. It's similar to how we inherit traits from our parents. Because of this, everyone is naturally inclined to sin, which is why we all fall short of God's glory. However, the good news is that through Jesus, we have the opportunity for redemption and forgiveness. His sacrifice on the cross offers us a way to be reconciled with God and cleansed from our sins."
What is original sin?,"Original sin is the idea that Adam's disobedience in the Garden of Eden introduced a sinful nature into humanity. This means we naturally tend towards sin and can't please God by ourselves. Different views explain this in various ways: Pelagianism sees Adam's sin as just a bad example; Arminianism believes we inherit a sinful nature but can choose faith through God's grace; and Calvinism teaches that Adam's sin makes us guilty and deserving of punishment. Ultimately, whatever the view, we need Jesus and the Holy Spirit's work within us to overcome sin and be made right with God."
Are children punished for the sins of their parents?,"Children aren't punished for their parents' sins; each of us is responsible for our own actions. While some Bible verses, like Exodus 20:5, mention consequences across generations, they often refer to cultural patterns where children repeat their parents' mistakes, such as idolatry. These aren't personal curses but rather show how certain behaviors can persist through generations. Ultimately, as Ezekiel 18:20 says, everyone is accountable for their own sins. The remarkable exception is Jesus, who took on our sins to offer us righteousness."
What is the sin unto death?,"The ""sin unto death"" mentioned in 1 John 5:16 is a tough concept, but it can be understood by looking at examples like Ananias and Sapphira in Acts 5. Basically, it's about persistent, willful sin without repentance. God loves us too much to let us stray endlessly, so there are times He may choose to take a believer's life as a form of discipline for their good and the purity of the church. It's a reminder that God desires holiness and sometimes must act decisively to uphold it. However, not all sins lead to this consequence, and we are encouraged to pray for those who sin, trusting in God's goodness and justice."
How should a Christian view addiction?,"Addiction, from a Christian perspective, is essentially letting something else take the place of God in our lives. Whether it's substances like alcohol or drugs, or activities like work or shopping, these can become unhealthy obsessions that draw us away from our relationship with God. The Bible teaches that we should love God with all our heart and soul, and anything that becomes more important to us than Him is seen as a form of idolatry. Therefore, Christians are encouraged to seek balance and ensure that their devotion is directed towards God above all else."
What is the difference between fornication and adultery?,"Fornication and adultery are two forms of sexual sin mentioned in the Bible, and they carry slightly different meanings. Fornication refers to any sexual activity that is outside of marriage, and it's often linked to idolatry, as seen in various Old Testament passages where the Israelites turn away from God to worship false gods. Adultery specifically involves a married person engaging in sexual relations with someone other than their spouse, and it too is used metaphorically in the Bible to describe Israel's unfaithfulness to God, who saw them as His spouse. Both terms emphasize the spiritual unfaithfulness toward God that accompanies such actions."
Is it possible to be a gay Christian?,"It's possible to be a gay Christian if you're someone who struggles with homosexual desires but strives to live according to your faith. Just like all Christians, who might struggle with different sins or temptations, it's part of our journey to resist and overcome them with God's help. The Bible teaches that no one is free from sin, but Christians live in a state of repentant and ongoing effort to align with God's will. However, if someone is actively and unrepentantly living a homosexual lifestyle, the Bible suggests that such a life indicates a distance from truly living out Christian faith. Ultimately, it's about the heart's posture toward God and a desire to turn away from sin, whatever form it takes."
What are some modern forms of idolatry?,"Modern idolatry often centers around the self. We might not bow to statues, but we often worship through materialism, constantly seeking more stuff to satisfy us. We also idolize success and pride, dedicating excessive time to our careers at the expense of meaningful relationships. Additionally, some idolize human achievements or environmentalism, forgetting that God is the true creator and sustainer. Lastly, self-indulgence in things like food, alcohol, and drugs can become a form of worship. At the heart of these is the desire to place ourselves above God, but true fulfillment comes when we center our lives on loving God and others."
How can I overcome an addiction to internet porn?,"Overcoming an addiction to internet porn involves both spiritual and practical steps. Spiritually, it's important to seek forgiveness and strength from God, who desires to help you overcome this challenge. Trust in Jesus and rely on the Holy Spirit for guidance and strength, while also meditating on God's Word to renew your mind. Practically, consider using accountability software like X3watch or internet filters like Covenant Eyes to limit access. Reach out for support through resources like PureDesire.org, and know that with God's help, this is not an unconquerable struggle. Remember, God's love and forgiveness are always available to you."
"How does my personal, private sin affect others?","Your personal, private sins do affect others because sin has a ripple effect. Even if no one knows about it, sin can change your behavior and attitude, which impacts those around you. For example, hidden guilt can create distance in relationships. The Bible teaches that what’s done in secret will eventually come to light, and God sees all our actions. While sin can harm your soul, there's hope in Christ, who forgives us when we confess our sins and helps us live for His glory. Remember, our actions, both hidden and visible, have consequences, but God is always ready to guide us back to Him."
What does the Bible say about prostitution?,"The Bible views prostitution as immoral because it harms individuals and relationships, and it deviates from God’s plan for purity and using our bodies to glorify Him. However, the Bible also shows that God’s grace is available to everyone, including prostitutes, as seen in the stories of Rahab and the woman who anointed Jesus' feet. Christ welcomes those who turn from their past and seek forgiveness, offering a new beginning and eternal life through His love and mercy."
What does it mean to have a seared conscience?,"A seared conscience, as mentioned in 1 Timothy 4:2, is like having a spiritual scar that makes someone insensitive to right and wrong. This happens when a person repeatedly ignores their moral compass, becoming numb to guilt or conviction. False teachers, as described by Paul, can lie without shame because their consciences are seared. In contrast, a good conscience helps us live with integrity, discern right from wrong, and stay true to our faith."
How bad can a Christian sin?,"Christians, like anyone else, can still make mistakes and commit sins, but becoming a follower of Jesus brings about a change in our lives. Over time, with the Holy Spirit's guidance, we begin to live more like Christ and less like our old selves. While Christians can commit serious sins, it's important to remember that Jesus died for all sins. A genuine believer will regret their wrongdoings and seek God's help to overcome them. Ultimately, it's about a transformed heart that strives to walk away from sin, not stay in it."
What are the consequences of sin?,"The consequences of sin are serious and far-reaching. Sin ultimately leads to death, which means not just physical death, but also eternal separation from God. It doesn't matter if a sin seems small; all sin separates us from God. Over time, sin can numb our conscience, leading to more sin and spiritual blindness. However, there is hope through Jesus, who took our sin upon Himself. By repenting and believing in Him, we can have eternal life and avoid these dire consequences. Remember, God’s love is so great that He has made a way for us to be saved through faith in Jesus."
What does the Bible have to say about lust?,"The Bible teaches that lust is a strong, self-focused desire that can lead us astray. Verses like Matthew 5:28 and Exodus 20 remind us that even looking with lustful intent is akin to committing adultery in our hearts. Lust focuses on satisfying selfish desires, which is contrary to the selfless, holy life that followers of Jesus are called to live. While we are not perfect, we can strive daily to live like Christ, seeking God's help to resist and overcome lust by living a life that honors Him. If you struggle with lust, it's important to turn to God for forgiveness and strength to pursue a pure and holy life."
What does the Bible say about bisexuality?,"The Bible doesn't specifically talk about bisexuality, but it does express views on homosexuality, which many interpret as applying to bisexuality as well. Scripture indicates that sexual relations outside of God’s design are sinful, yet it’s important to remember that no sin is beyond God’s forgiveness. Everyone is offered the chance to be forgiven and transformed through faith in Jesus. God's love is available to all, inviting us to grow in Him and live according to His ways, with His help and strength."
What is blasphemy?,"Blasphemy is speaking or acting disrespectfully towards God, like saying or doing things that insult His character or work. In biblical times, it was a serious offense, as seen with a man in Leviticus and King Sennacherib. Jesus warned about a special blasphemy against the Holy Spirit, where people saw His miracles and yet called them works of evil. Thankfully, Jesus offers forgiveness for blasphemy, as He did for Paul, who had once been a blasphemer. Believers should be careful about their actions, reflecting God's holiness and not misrepresenting Him."
Is caffeine addiction a sin?,"Caffeine addiction isn't directly mentioned in the Bible, but the idea of being mastered by anything applies here. First Corinthians 6:12 reminds us not to be controlled by anything, including caffeine. Having a morning coffee isn't wrong, but if you're so dependent on it that you can't function without it, it becomes a problem. Moderation is key, and we should aim to honor God in all we do, avoiding any form of addiction."
Is cyber-sex / phone sex a sin?,"In a nutshell, whether cyber-sex or phone sex is a sin depends on the relationship between the people involved. Within a marriage, these activities could be seen as part of the marital bond, as long as they focus solely on each other. However, outside of marriage, engaging in cyber-sex or phone sex is considered sinful, as it involves lust and fantasies that are not pure or noble. It’s important to keep our thoughts and actions aligned with what is good and right."
Why does God hate sin?,"God hates sin because it goes against His perfect nature and separates us from Him. Sin creates a barrier between us and God, preventing us from experiencing His love and blessings. It deceives us, blinds us to the truth, and ultimately leads to spiritual destruction. God's desire is for us to be close to Him, free from sin, so we can enjoy a life filled with His joy and promises. As believers, we're called to hate sin as God does, and we can rely on His Spirit to help us overcome it."
What is the greatest sin?,"In God's eyes, all sins separate us from Him, so there's no ""greatest sin"" in that sense. However, the Bible does talk about different levels of punishment for sins, and Jesus mentioned a ""greater sin"" when someone knowingly rejected Him despite having seen His miracles. The most serious sin, often called the ""unpardonable sin,"" is unbelief—rejecting Jesus as the way to salvation. This is because it's the only sin that can't be forgiven since it involves rejecting the only means to eternal life that God provided."
What is Hamartiology?,"Hamartiology is the study of sin, exploring where sin came from, how it affects us, and its consequences. It's about understanding why we miss God's mark of righteousness and the repercussions of that. While all sins have the same eternal consequences, there are varying degrees of sin. By studying sin, we see our need for Christ’s salvation, as He is the solution to our sin problem. Romans 3:23-24 reminds us that though we've all sinned, we are justified by God’s grace through Jesus. This understanding helps us appreciate God’s immense love and the salvation He offers."
Why is idol worship such a powerful temptation?,"Idol worship is such a strong temptation because it stems from our sinful nature, leading us to place other things before God. Whether it's money, success, or even good things like relationships, anything that takes God's place in our hearts can become an idol. We often turn to these idols for comfort or fulfillment, but they leave us empty because only God can truly satisfy our deepest longings. In today’s world, idols can be subtle, and sometimes we even reshape our idea of God to fit our desires. This is why staying close to the teachings of the Bible and relying on God’s strength is crucial in resisting idolatry and finding true peace and purpose in Him."
Are intrusive thoughts sin?,"Intrusive thoughts, those unwanted and troubling thoughts that pop into our minds, are not necessarily sin. God understands our human struggles and knows the difference between fleeting thoughts and true intent. While it’s important to avoid filling our minds with harmful influences, God provides us with tools like Scripture and prayer to help manage these thoughts. If intrusive thoughts are overwhelming, it’s wise to seek help from professionals, as they can sometimes relate to mental health conditions. Remember, God is compassionate and ready to help us navigate these challenges."
Is there a biblical list of sins?,"The Bible does contain lists of sins, like the Ten Commandments and teachings from Jesus and the apostles, which warn against various wrongdoings. But rather than providing an exhaustive list, Scripture reveals that all wrongdoing is sin and emphasizes that knowing the right thing to do and not doing it is also sinful. Ultimately, these lists point us to the truth that we can't perfectly adhere to God's law, which is why Jesus' sacrifice is so essential. Through Him, we find redemption and are led to live by faith, not just by trying to keep a checklist of rules."
What does it mean to take the Lord’s name in vain?,"Taking the Lord’s name in vain is about more than just using it as a curse word. It's about respecting the holiness and majesty that God's name represents. When we misuse His name, we show a lack of respect for His character and glory. It's also about how we live—if we call ourselves Christians but don’t live according to His teachings, we're misrepresenting Him and taking His name in vain. So, it's important to honor God's name in our words and actions, reflecting our reverence for Him."
Is it ever right to lie?,"The Bible consistently teaches that lying is wrong and doesn't commend any situations where lying is the right choice. However, there are a few instances in Scripture, like the Hebrew midwives or Rahab, where lying resulted in a positive outcome. In rare and extreme circumstances, such as when Corrie ten Boom was hiding Jews during World War II, lying might be considered the lesser of two evils to prevent a greater harm. It's crucial to remember, though, that even in these cases, lying is still seen as a sin because it goes against God's nature of truth. In most situations, lying stems from less noble reasons and is clearly condemned in the Bible."
"Is it a sin to share, download, or pirate copyrighted material (music, movies, software) on the internet?","Sharing or downloading copyrighted material without permission, like music or movies, is considered stealing under the law and is a sin from a Christian perspective. The Bible teaches us to obey governmental laws (Romans 13:1–7), and copyright laws are part of that. Ethically, it's about respecting the hard work of creators who deserve to be compensated for their efforts, as ""the worker deserves his wages"" (Luke 10:7). It's important for Christians to honor these laws and support creators by obtaining their work legally."
Is it a sin to cuss / swear / curse?,"Swearing or cussing is seen as sinful because our words reflect what's in our hearts. Ephesians 4:29 advises us to speak in ways that uplift and benefit others, while James 3 reminds us that it's not fitting for believers to use the same tongue to praise God and curse others. Our speech reveals the condition of our hearts, and as followers of Christ, we're called to let His goodness transform us, so our words reflect His love and purity. If we slip up, we can turn to God, who is always ready to forgive and help us grow."
What does the Bible say about doing drugs?,"The Bible doesn't mention drugs directly, but it offers principles that guide us. First, as Christians, we should obey the laws of the land unless they contradict God's commands. This means refraining from illegal drug use. Additionally, we're called to take care of our bodies as temples of the Holy Spirit, and drugs can harm our physical and mental well-being. Sobriety is essential for staying alert against deception and maintaining a prayerful life. Lastly, drugs can lead to psychological addiction, which challenges our devotion to God. In essence, the Bible encourages living sober, righteous lives."
What is the sin nature?,"The sin nature is that part of us that naturally leans away from God and towards our own desires. It's something we're all born with, as shown by how children instinctively lie or behave selfishly. The Bible explains this as being part of our human condition, passed down from Adam and Eve's first disobedience. However, through Jesus, who was without sin, we have the opportunity to be born again and receive a new nature. Although the struggle with sin continues, the Holy Spirit helps us overcome our old nature, guiding us toward a life of righteousness."
What is a sin of omission?,"A sin of omission is when we know the right thing to do but choose not to do it. It's like the story of the Good Samaritan where two people ignored a man in need, but the Samaritan stopped to help. Jesus teaches that ignoring the good we should do is as sinful as doing something wrong. Paul encourages us to keep doing good and not grow weary because it's part of living a life that pleases God."
Is hell real? Is hell eternal?,"Yes, hell is real and eternal according to the Bible. Jesus spoke clearly about hell as a place of everlasting punishment for those who reject God. It’s described as a place of torment and unending fire. While this sounds severe, the Bible teaches that hell is the just consequence of sin against an infinitely holy God. The good news is, through Jesus, we are offered a way to avoid this eternal fate and find eternal life instead."
What are the new heavens and the new earth?,"The ""new heavens and new earth"" described in Revelation 21 is a future creation where God will make everything new, free from sin, pain, and death. This place will be the eternal home for believers, where sorrow and suffering are replaced with joy and righteousness, as God will dwell among His people. The New Jerusalem, a glorious city with streets of gold, will be central to this new creation, symbolizing the perfect fellowship between God and His people. This transformation follows the final judgment and marks the beginning of an eternal, restored relationship with God, as He wipes away every tear and brings everlasting peace."
Will we be able to see and know our friends and family members in heaven?,"Absolutely, in heaven, we will be able to see and recognize our friends and family. The Bible gives us several examples where people are recognizable after death, like Moses and Elijah at the transfiguration and Jesus after His resurrection. Just as Jesus was recognizable, we too will be known and know others in our glorified bodies. It will be a beautiful reunion where we can worship and enjoy God's presence together for eternity."
What is the judgment seat of Christ?,"The judgment seat of Christ is a time when believers will stand before Jesus to give an account of how they lived their lives. This isn't about determining your salvation—that's already secured by faith in Christ. Instead, it's about evaluating how you've used the resources and opportunities God gave you. Jesus will reward those whose actions reflect faithfulness and service. It's a serious but hopeful time of reflection on our deeds, aimed at rewarding rather than punishing believers."
What is the great white throne judgment?,"The great white throne judgment is depicted in Revelation 20:11-15 and represents a final judgment where everyone stands before Christ. At this point, books are opened documenting each person's deeds, and importantly, the ""book of life"" is checked to see if one's name is written there. Those whose names are not found will face eternal separation from God. For believers, though we are accountable for our actions, we are forgiven through Christ, and our names are in the ""book of life,"" ensuring eternal life with God. Some Christians see this judgment as distinct from others, while others believe it encompasses all final judgments mentioned in Scripture. Regardless of one's view, the central assurance is that believers are judged in light of Christ's righteousness and will be rewarded, while unbelievers will face the consequences of their deeds."
What is heaven like?,"Heaven, as described in the Bible, is more wonderful than we can fully imagine. It's depicted as God's dwelling place where Jesus prepares a place for His followers. Heaven is free of pain, tears, and sorrow, and filled with God's eternal light, unlike anything on earth. The best part is being in the presence of Jesus, who loves us deeply. The New Jerusalem, a heavenly city, is depicted with unimaginable beauty and peace, offering a glimpse of the joy and restoration we’ll experience when we're there."
Is Heaven real?,"Heaven is indeed real, as affirmed by the Bible. It's described as God's throne and the place where Jesus now resides, preparing a place for those who believe in Him. Jesus promised that He will return to bring us to this eternal home. Though our earthly life has its struggles, we are encouraged to hold onto the hope of heaven, an unseen yet eternal reality. Our desire for heaven is a part of our innermost longing, and through faith in Jesus, the door to heaven is open to us. Let this promise motivate us to serve God with passion and faithfulness."
How is eternity in hell a fair punishment for sin?,"It's understandable to struggle with the idea of hell being an eternal punishment for sin. However, it's important to grasp that God is not only loving but also holy and just, meaning He cannot tolerate sin. Sin, being against an infinitely glorious God, warrants an infinite consequence. The value of what is harmed—God's glory—is immense, making the penalty proportionate. While the notion of eternal damnation is daunting, God provided a way out through Jesus. Jesus’s sacrifice offers forgiveness and salvation to those who place their faith in Him, sparing them from eternal separation from God."
Are there different levels of heaven? Are there three heavens?,"While some people talk about there being different levels of heaven, the Bible doesn't support that idea. When Paul mentions being caught up to the ""third heaven"" in 2 Corinthians 12:2, he refers to the spiritual realm where God dwells, not different levels. Ancient cultures often described the sky, outer space, and spiritual heaven as three separate realms. The idea of multiple levels comes more from literature like Dante's *The Divine Comedy* and not Scripture.

However, the Bible does speak of different rewards in heaven. Jesus promises rewards based on what we've done, as noted in Revelation 22:12. These rewards are not about our sins—Jesus has already dealt with those—but rather about the lasting value of our deeds rooted in faith. Believers can look forward to these rewards as a joyful acknowledgment of their faithful lives."
Are there different levels of punishment in hell?,"The concept of different levels of punishment in hell isn't detailed in the Bible, but there are hints that judgment may vary based on one's actions and the amount of truth they've known and rejected. For instance, Jesus' words suggest that those who knowingly reject God's will may face harsher consequences than those who don't know better. Regardless of the specifics, hell is described as a place to be avoided, with a focus on following Jesus as the way to eternal life. Ultimately, the Bible emphasizes that rejecting Christ leads to destruction, underscoring the importance of choosing the narrow path toward life through Him."
What does the Bible say about soul sleep?,"The idea of ""soul sleep"" suggests that our souls rest in an unconscious state after death until the resurrection, but this isn't supported by the Bible. Scripture often uses ""sleep"" as a metaphor for death, indicating that the body rests while the soul remains active. When believers die, their souls are immediately present with the Lord, while unbelievers face separation from God. Until the final resurrection, souls are conscious, either in paradise or in Hades. So, while our bodies await resurrection, our souls are fully awake and aware."
What does the Bible say about death?,"The Bible describes death as a separation: our soul from our body, and, more seriously, our soul from God. Because of sin, death entered the world, but Jesus offered hope by dying for us and defeating death through His resurrection. For those who believe in Him, death is not the end but a doorway to being with the Lord. While death ends the chance for salvation for those who haven't accepted it, for believers, it's like falling asleep and waking up in Christ's presence. We hold onto the promise that one day, there will be no more death."
What will we be doing in heaven?,"In heaven, we won't just be floating on clouds playing harps. Instead, it will be a place full of life and purpose. We will experience profound peace and joy, getting to know God deeply and serving Him in ways that are truly fulfilling. Our time will be spent in meaningful worship, learning endlessly about God’s infinite nature, and enjoying fellowship with other believers. It's a place of unimaginable beauty and happiness, prepared for those who love God."
How can I overcome the fear of death?,"Feeling afraid of death is natural and even faithful believers experience it. This fear can stem from the unknown, losing control, concerns for loved ones, or the process of dying itself. However, the Bible offers comfort and assurance. When we leave this world, we are promised to be with the Lord (2 Corinthians 5:6–8), and our ultimate hope is in the resurrection where we receive glorified bodies (1 Corinthians 15:20–22). To ease your fears, it's good to take practical steps, like organizing your affairs and having honest conversations with loved ones. Spiritually, remember that God loves and cares for your loved ones even more than you do. As you draw closer to God and hold onto His promises, you can find peace in knowing that this life is temporary but eternity with Him is forever."
What are the five heavenly crowns that believers can receive in heaven?,"In heaven, believers have the hope of receiving five special crowns as rewards for their faithfulness. These are:

1. **The Imperishable Crown**: It represents the eternal rewards we gain by living disciplined and faithful lives, unlike earthly rewards that fade away.
   
2. **The Crown of Rejoicing**: This crown is the joy we experience through God’s blessings, reminding us that even now, heaven rejoices over us.

3. **The Crown of Righteousness**: Given to those who long for Jesus' return, it symbolizes the righteousness we receive through Christ and our faithful anticipation of eternity with Him.

4. **The Crown of Glory**: Meant for those who shepherd others well, it speaks of the divine and eternal glory that we will share with God.

5. **The Crown of Life**: Especially dear to those who suffer for their faith, it represents the fullness of life and eternal relationship with God promised to all who love Him and stay faithful. 

These heavenly crowns remind us of the joy and rewards awaiting us for living a life devoted to Jesus."
Does John 3:13 mean that no one went to heaven before Jesus?,"In John 3:13, when Jesus says, “No one has ever gone into heaven except the one who came from heaven,” He isn't saying that no one before Him went to heaven. Instead, He's highlighting His unique authority and firsthand knowledge about heaven, since He came from there. Jesus is emphasizing that He alone can truly teach about heaven because He has experienced it directly. So, this verse is more about affirming His divine authority rather than denying the presence of others in heaven before Him."
What does the Bible say about when God will judge us?,"The Bible tells us there will be two judgments: one for believers and one for unbelievers. For believers, this happens at the judgment seat of Christ, where we are rewarded based on our faithfulness and service to God, not for salvation, which is already secured through faith in Jesus. For unbelievers, judgment happens at the great white throne at the end of time, where they are judged based on their actions and their rejection of Christ, leading to eternal condemnation. In both cases, it's a matter of how we've responded to God's love and grace."
Do we receive mansions in heaven?,"When Jesus talked about preparing a place for us in heaven, He wasn't promising literal mansions like we imagine on Earth. Instead, He was reassuring His disciples that they would have a permanent place in God's family. In heaven, we'll all be welcomed into God's home, living together in His presence as a family. It's about the joy of being with God and each other, not about earthly luxury."
Will more people go to heaven or to hell?,"Jesus tells us in Matthew 7:13-14 that the path to eternal life is narrow and few find it, while the road to destruction is wide and many take it. This suggests that more people may end up in hell than in heaven. Those who choose the narrow path do so by fully trusting in Jesus, denying themselves, and following Him. While it is a challenging journey, God promises that those who seek Him with all their hearts will find the way. The real question to consider is which path you are choosing to follow."
Where did Old Testament believers/saints go when they died?,"In the Old Testament, when believers died, they went to a comforting place called ""paradise,"" often referred to as Sheol, the realm of the dead. This is similar to Hades in the New Testament, which had two parts: a place of comfort and a place of torment. After Jesus' resurrection, believers now go to be with the Lord in heaven. When Jesus returns, everyone will be resurrected, and Old Testament believers will receive their bodies in His kingdom."
What does the Bible say about reincarnation?,"The Bible doesn’t support the idea of reincarnation; it teaches that we die once and then face judgment (Hebrews 9:27). Scriptures like Jesus’ promise to the criminal on the cross illustrate that there are no second chances or returns to earth in different forms (Luke 23:43). The story of John the Baptist being likened to Elijah wasn’t about reincarnation but about coming in Elijah's spirit and power (Luke 1:17). While many religions believe in reincarnation, Christianity holds that our lives are unique, and our identities remain the same beyond death."
Will we remember our earthly lives when we are in heaven?,"In heaven, it's likely that we will remember our earthly lives, but the painful and sinful parts will be healed and no longer bring us sorrow. The Bible suggests that our memories will be cleansed rather than erased, allowing us to fully enjoy the joy and peace of our new existence without the weight of past troubles. In the current heaven, we may remember our lives, but in the eternal state—a new heaven and new earth—those memories may fade as we are surrounded by God's immense glory and love."
What is the first resurrection? What is the second resurrection?,"The first resurrection is for believers, those who have put their faith in Jesus. It includes Jesus Himself, the dead in Christ at His return, and the martyrs and Old Testament saints at the end of the tribulation. These individuals will enjoy everlasting life and reign with Christ. The second resurrection is for unbelievers, who will face judgment at the great white throne before the second death. This is tied to a future time after the millennial kingdom. The joy of the first resurrection and the sorrow of the second remind us of the importance of sharing God's love and message of salvation."
What is the river of life?,"The ""river of life"" in Revelation is a beautiful image of eternal life flowing from God's throne. It's not about physical water but symbolizes the everlasting life God offers through Jesus. Just as water is vital for our earthly life, this ""living water"" is essential for our spiritual life. Jesus invites us to receive this life-giving water, which satisfies our deepest spiritual thirst and sustains us forever with Him."
"What is the difference between Sheol, Hades, Hell, the lake of fire, Paradise, and Abraham’s bosom?","In the Bible, different terms describe the afterlife. ""Paradise"" and ""Abraham's bosom"" both refer to heaven, a place of peace and joy. ""Sheol"" in Hebrew and ""Hades"" in Greek describe the realm of the dead, which is divided into places of blessing and torment. ""Gehenna"" is a term for hell, a place of judgment. Finally, the ""lake of fire"" is the ultimate place of eternal punishment. For believers, faith in Jesus ensures eternal life with God, avoiding these places of torment."
Will there literally be streets of gold in heaven (Revelation 21:21)?,"Revelation 21:21 talks about streets of gold in the New Jerusalem, a heavenly city, suggesting they are meant to be taken literally. The street of gold reflects worth, beauty, purity, and eternity, representing a place where gold—precious to us now—is simply used as pavement. This symbolizes that what we value on earth will be seen differently in heaven, where God's presence is the true treasure. While some scholars debate the literal interpretation, the passage highlights the extraordinary nature of heaven. Ultimately, the focus is on the beauty and glory of God, who invites us into this eternal and perfect place through Jesus."
Is it wrong to want to die?,"Wanting to escape suffering by wishing for death is a deeply human feeling, and you're not alone in this. Even Jesus faced moments of deep anguish but submitted to God's will. It's important to remember that our lives are in God's hands, and He knows our days (Psalm 139:16). Instead of praying to die, it's more helpful to ask God for strength, comfort, and trust in His perfect plans. God understands our suffering and promises never to leave us (Hebrews 13:5). It's okay to feel overwhelmed, but try to lean on God's grace and seek His presence during tough times."
When will the Resurrection take place?,"The resurrection will unfold in a series of events, not just one. First, Jesus's resurrection is our assurance that there will be a resurrection for us too. Believers who have passed away will rise during the rapture, and another resurrection will occur when Jesus returns after the tribulation, which includes those faithful who died during that time, as well as Old Testament believers. There's also a final resurrection for everyone at the end of Christ’s thousand-year reign, where those who didn't believe will face judgment. In each stage, those who belong to Christ are promised eternal life."
Is there an afterlife?,"Yes, there is an afterlife, and Jesus speaks with authority on this because He came from heaven. He teaches us that, after death, there are two possible destinations: one of eternal joy with God for those who believe in Him, and one of separation from God for those who do not. Jesus assures us that by trusting in Him, we can have eternal life and need not fear death. Through His resurrection, He not only defeated death but also paved the way for us to do the same by believing in Him."
How should Christian parents handle the death of a child?,"Losing a child is unimaginably painful, and every parent's journey through grief is unique. As Christians, we can look to King David’s experience for comfort and guidance. David prayed for his child, accepted the loss, and worshiped God, trusting that he would be reunited with his child in heaven (2 Samuel 12). It's important to lean on God, family, and friends, take care of yourself and your other children, and remember that healing takes time. You are not alone—God promises to one day wipe away all tears and end all sorrow (Revelation 21:4)."
Why is the idea of eternal damnation so repulsive to many people?,"It's understandable why many people find the idea of eternal damnation repulsive. In our modern world, the thought of a forever punishment can feel harsh and offensive. Some struggle with the idea of a loving God allowing such a place, but it's important to note that God's love doesn’t cancel out His justice. People might also downplay the seriousness of sin or have heard alternate teachings about the afterlife, such as universalism or annihilationism. Ultimately, the concept of hell in the Bible is a serious matter, rooted in the reality of God’s righteousness and holiness."
How is an eternity in hell a just punishment for only a human lifetime of sin?,"I know it's tough to understand why eternity in hell is seen as just for a lifetime of sin. The Bible teaches that all sin is ultimately against God, who is infinitely worthy, so sinning against Him carries an infinite consequence. Additionally, those who reject God continue to sin even after death, choosing eternal separation from Him. In essence, God respects a person's choice to live apart from Him, both in this life and forever."
What is the eternal state of the believer?,"The eternal state of a believer is a beautiful promise from God, described in the Bible as a time when we will live forever with Him. In this state, believers will receive glorified bodies and no longer experience pain, sorrow, or death. God will create a new heaven and a new earth where He will dwell with His people, and joy will replace all past distress. This existence will be marked by righteousness, perfect health, and a close relationship with God, fulfilling His plan to glorify Him and enjoy His presence forever, all thanks to Jesus' sacrifice."
How can it be said that we have everlasting life when we still die?,"Even though our physical bodies die, believers in Jesus are promised everlasting life that continues beyond death. This means that our true life is spiritual, and while our bodies may perish, our spirits live on with God. When we accept Jesus as our Savior, we experience a spiritual rebirth and are assured that we will be with the Lord eternally. So, even when our earthly journey ends, our relationship with God endures forever."
Is hell literally a place of fire and brimstone?,"The imagery of hell as fire and brimstone comes from biblical stories like Sodom and Gomorrah, symbolizing God's judgment. The term ""Gehenna,"" used in the Bible for hell, is based on a real place known for its dark history, adding to this metaphor. While the Bible uses vivid images of fire, darkness, and torment to describe hell, these are likely symbolic, illustrating hell's seriousness rather than its literal nature. These symbols help convey a reality of hell that is beyond our full understanding, emphasizing its severity and the importance of avoiding it."
What are the gates of hell?,"The “gates of hell,” mentioned by Jesus in Matthew 16:18, symbolize the power of death and evil. Jesus was saying that even though He would face death, He would rise again, and His church would be built and thrive despite these forces. The phrase highlights that death cannot overcome the church or keep God’s people captive because Jesus has conquered death. Even as generations pass, the church will continue to prevail, fulfilling its mission in the world as guided by Christ’s authority and presence."
Will there be such a thing as gender in heaven?,"In heaven, it seems we'll maintain our gender just as we do on Earth. While some believe we'll be genderless, the Bible doesn't explicitly support that idea. Verses like Matthew 22:30 and Galatians 3:28 are often cited, but they don't specifically address gender in heaven. Instead, they speak to the spiritual equality and unity we share. Our gender is part of who we are, and the Bible suggests we'll be restored to our true selves in heaven, without the effects of sin. So, while life in heaven will be wonderfully different, gender likely remains a part of our identity as God's creation."
How can heaven be perfect if all of our loved ones are not there?,"Heaven is perfect because God is perfect, and His plans are flawless. If loved ones aren't in heaven, it's because they chose to reject God's offer of salvation. In heaven, our perspective will change, and there will be no more pain or mourning, as God will comfort us completely. While we may not fully understand now, we can trust that heaven will be a place of perfect peace and joy. Meanwhile, we can focus on sharing Jesus' love with our loved ones, encouraging their faith in Christ."
How do I find comfort and peace when I have lost a loved one to death?,"Losing a loved one is incredibly painful, and it's important to remember that even Jesus experienced this sorrow. In those moments, He wept, showing us that it's okay to grieve. But take heart in the promise that death isn't the end for those who believe in Christ; they have eternal life with Him. While you miss your loved one, you can find comfort in God's love and the hope of being reunited in heaven. Cherish the memories and honor their legacy by living a life that brings glory to God. Remember, God is always there to comfort you and heal your heart."
What does the Bible say about near death experiences?,"The Bible doesn't specifically mention near-death experiences, though some people point to Paul's vision in 2 Corinthians 12 as a possible example. However, Paul's experience wasn't necessarily a near-death situation, but rather a vision from God. While God could choose to give someone a vision during a near-death experience, these should be carefully compared with Scripture. It's important to rely on God's unchanging Word over personal experiences, as our experiences should align with the Bible and bring glory to God."
What is the New Jerusalem?,"The New Jerusalem is like heaven on earth, a beautiful city where God will live with His people forever. Described in Revelation 21, it comes down from heaven after God creates a new heaven and earth. The city is enormous and stunning, made of pure gold and decorated with precious stones, with gates of pearl. It’s a place of blessing, free from the curse of the old earth, where the tree and river of life provide healing. The residents are God, Jesus (the Lamb), angels, and all who believe in Christ. If you believe in Jesus and trust in His grace, you're a citizen of this heavenly city."
How is physical death related to spiritual death?,"Physical death and spiritual death are both types of separation. Physical death is when our soul separates from our body, while spiritual death is when our soul is separated from God. When Adam and Eve sinned, they experienced spiritual death immediately, losing their closeness with God, and began the process of physical death. However, through faith in Jesus, we can be spiritually reborn and reconnected to God, overcoming spiritual death. The Bible reveals that God desires everyone to find life in Him and avoid the ""second death,"" which is eternal separation from God."
How will our resurrection body be different from our current body?,"In our resurrected bodies, we will be transformed in amazing ways. Unlike our current bodies, which are perishable, weak, and affected by sin, our new bodies will be imperishable, glorious, and powerful. Just as Jesus' post-resurrection body was physical yet not bound by earthly limitations, our spiritual bodies will be perfectly suited for eternal life in heaven, free from decay or death. This transformation allows us to fully serve and glorify God eternally, without the physical constraints we experience now."
What is the purpose of there being rewards in heaven?,"In heaven, rewards are about more than material gain; they reflect our close relationship with God and His work through us. These rewards come from our faithfulness and service to God, and they remind us of His promises and His justice. They're a way for us to experience the fullness of joy and fulfillment in our relationship with Christ, sharing in His glory and joy. Rewards in heaven symbolize the completion of our earthly journey, celebrating our deep connection with God, and offering a rich, eternal satisfaction."
What does it mean that hell is eternal separation from God?,"Hell is described as eternal separation from God, which means being completely cut off from everything good, as God is the source of all goodness. In this life, everyone experiences some form of God's blessings, like joy and kindness, but in hell, there is none of that. It's a state of ongoing regret and sorrow, where one is forever aware of sin's pain without any chance of redemption or relief. Being apart from God in this way is the ultimate punishment, as it means losing all hope of experiencing His love, joy, and peace."
Will it be possible for us to sin in heaven?,"In heaven, sin won't be possible. The Bible assures us that heaven will be a place completely free from sin, pain, and sorrow. Our sinful nature will be gone, and the devil won't tempt us there. We'll be fully sanctified, meaning we'll be completely holy, living in a state of eternal joy with God, as His work in us will be complete."
"What do I need to do to hear, ""Well done, good and faithful servant"" when I arrive in heaven?","To hear Jesus say, ""Well done, good and faithful servant,"" you should first ensure your faith in Him, as our salvation comes through grace. Beyond that, live a life that reflects your faith by sharing the gospel, helping those in need, forgiving others, and living with humility. Seek a deeper understanding of God's character through fellowship, prayer, and studying the Bible. Remember to love God and others sincerely, and serve with gladness, knowing that all good things come from Him. In doing so, you are storing up treasures in heaven and aligning your life with Christ's example."
What is eternal life?,"Eternal life, according to the Bible, is a gift from God through faith in Jesus Christ. It’s not merely about living forever, but about the quality of life that starts now when you believe in Him. This life is deeply connected with knowing God personally, as Jesus himself equates eternal life with knowing God and the Son. It's about a present relationship with Jesus and not just a future promise. Access to this life was lost due to sin but is graciously restored through Jesus, who invites all to receive this gift. To have eternal life, one must confess their sins and believe in Jesus Christ as their Savior, whom God sent to take away our sins."
Who will go to heaven?,"In the Bible, it's clear that not everyone will go to heaven. Heaven is a perfect place, and none of us are perfect or ""good enough"" on our own. The good news is that God sent Jesus, who lived a sinless life, to take the punishment for our sins. By believing in Jesus and accepting His sacrifice, we are forgiven and can enter heaven. It's not about being perfect ourselves, but about trusting in Jesus’ perfect sacrifice and following Him."
Who will go to hell?,"In simple terms, those who go to hell are the ones who don't believe in Jesus. The Bible tells us that everyone is a sinner and deserves punishment, but God wants us to be with Him forever. Jesus made a way for us by dying for our sins, and if we believe in Him and choose to follow Him, we'll be saved. It's about trusting Jesus, letting go of our sins, and living for God. God respects our choice, so it's up to us to accept His gift of salvation or not."
How does the Bible describe the glorified bodies we will possess in heaven?,"The Bible tells us that our glorified bodies in heaven will be like Jesus’ resurrected body—imperishable, honorable, and powerful. Unlike our earthly bodies, which are weak and subject to sin and decay, our new bodies will be free from illness, shame, and the effects of sin. We will have solid forms, not just be spirits, and can enjoy food without needing it. These bodies are designed for eternal life, allowing us to experience the fullness of God’s glory and presence."
How can a loving God send someone to hell?,"The idea of a loving God sending someone to hell can be a tough question. From a Christian perspective, God's love doesn't mean He won't hold us accountable. God loves us deeply and wants everyone to choose life with Him, which is why He sent Jesus as a Savior. However, He also respects our freedom to make choices. If people reject this gift of salvation and continue in sin, it's not God's lack of love, but their choice to turn away from it. God's justice and love are perfectly intertwined, shown through Jesus' sacrifice on the cross. Heaven and hell are about whether we accept or refuse that loving sacrifice."
How to get to heaven—what are the ideas from the different religions?,"When it comes to ideas about getting to heaven, different religions have varied beliefs. Many believe that hard work and wisdom lead to fulfillment, with some aiming for unity with a divine being or achieving personal freedom. In Christianity, salvation is unique because it's seen as a free gift through faith in Jesus Christ, not something earned. Other faiths like Buddhism and Hinduism focus on paths like enlightenment and karma, while Islam emphasizes good deeds. Ultimately, each religion has its own path and views on the afterlife, but Christianity teaches that faith in Jesus is the way to heaven."
Will we be naked in heaven?,"In heaven, we probably won't be naked. While Adam and Eve were naked in the Garden of Eden before sin entered the world, clothing is a consistent feature in biblical descriptions of heavenly beings and the redeemed. Heavenly beings, like angels, and the redeemed in Revelation, are often described as wearing garments, suggesting we won't be without clothing in heaven. Our ""clothing"" in heaven could symbolize being covered by the righteousness of Christ."
What is the moment of death according to the Bible?,"The Bible doesn't pinpoint an exact moment when death occurs but suggests that true death happens when the soul and spirit leave the body. This isn't something we can measure with medical tools. Medically, death is often seen as a process, with discussions about ""clinical"" or ""brain death,"" but biblically, a person is considered truly dead when their soul is no longer with the body. While medical resuscitation can bring someone back from the brink, once true death happens, only a divine miracle can reverse it. Christians often grapple with these issues, especially in cases like comas or brain death, and it's important to approach these sensitive topics with care and a deep respect for life."
"If reincarnation is not true, why do some people remember their past lives?","Some people claim to remember past lives, but this idea doesn't align with the Bible. Scripture, like Hebrews 9:27, tells us that we live once, and after death, we face judgment, eliminating the concept of reincarnation. What people might believe are past life memories could be due to unreliable human memory, dreams, or imagination shaping their experiences. As Christians, we trust the Bible as the ultimate source of truth, which affirms that after this life, we move into eternity, not another earthly life."
How can I find comfort when an unsaved loved one has died?,"Losing an unsaved loved one is incredibly painful, and it's natural to struggle with finding comfort. As Christians, we trust in God's justice and grace, knowing He offered them the chance to turn to Him. While we may not see them again, we can find solace in the promise that God will one day wipe away every tear, and our current sorrow will be replaced with joy. Lean on God's love and mercy as you navigate this difficult time, trusting that He understands your pain."
Will there be tears in heaven?,"In heaven, we'll experience incredible joy and comfort, free from sorrow and tears. While the Bible doesn't explicitly mention tears being present in heaven, it does promise that God will eventually wipe away every tear from our eyes. There might be moments before the new creation when tears could be possible, like reflecting on our lives or witnessing God's judgment. However, God assures us that any tears will be wiped away, leading to eternal joy and peace. Heaven is ultimately a place of comfort, rest, and everlasting happiness."
How can we store up treasures in heaven?,"To store up treasures in heaven, we should focus on loving and serving Jesus above all else. This means using our time, money, and talents to honor Him and help others. Even small acts of kindness matter to God, and He promises rewards for our faithful service. It's crucial to keep our hearts aligned with God, rather than seeking approval from others. By living for Christ wholeheartedly, we're assured that our efforts are not in vain, and the treasures we gain in heaven will be worth any sacrifices we make here on earth."
Why does God send people to hell?,"God doesn't send people to hell out of cruelty or anger. Rather, hell is a place originally created for Satan and his angels. Sin separates us from God because He is perfectly righteous and just, and any sin is a violation against Him. Like a fair judge, God upholds justice, which means He must address sin. However, God is also merciful and loving, offering salvation through Jesus Christ. By accepting Jesus and His sacrifice, we are forgiven and saved from the penalty of hell."
What does it mean to be absent from the body (2 Corinthians 5:8)?,"Being ""absent from the body"" in 2 Corinthians 5:8 simply means dying and being separated from our physical body. Paul, in his writings, expresses confidence that when we die as believers, our soul goes immediately to be with the Lord. He talks about longing to be with Christ, showing that being with Him is far better than this world, yet he also acknowledges the importance of living to serve others. This doesn't support the idea of ""soul sleep,"" as Paul clearly believed the soul is alive and with Jesus after death, awaiting the resurrection day."
Do we have an appointed time of death?,"The Bible suggests that God has appointed a time for each person's death, as He knows everything about us, including the number of our days (Psalm 139:16, Job 14:5). While we don't know the exact timing, God does, and we are encouraged to live each day for Him, acknowledging His sovereignty. There's a unique story of King Hezekiah, whose life was extended by God's miracle, showing it's okay to pray for more time and health. Ultimately, we trust God with our lives and strive to live wisely, as James 4:13-15 advises."
What is Abraham’s bosom?,"""Abraham's bosom"" is mentioned in the story of the rich man and Lazarus in Luke 16, symbolizing a place of rest and peace. It represents being with Abraham, a revered figure, after death, highlighting the comfort Lazarus receives in contrast to the rich man's torment. This story illustrates the reality of heaven and hell, showing how our choices on earth about seeking God impact where we spend eternity. Jesus emphasizes that while physical death separates the body and soul, spiritual death separates the soul from God, which is of greater concern."
Who are the dead in Christ in 1 Thessalonians 4:16?,"""The dead in Christ"" refers to believers who have passed away before the return of Jesus. In 1 Thessalonians 4:16, Paul reassures us that these loved ones won't miss out on anything when Christ returns. Instead, they will rise first, and then those who are still alive will join them, meeting Jesus in the air. This passage is meant to comfort Christians, offering hope that after death, believers enter a peaceful communion with the Lord, awaiting the final resurrection."
Did God create hell?,"Yes, God did create hell, but it was originally prepared for the devil and his angels, not for people. In the Bible, hell is described as a place of torment, but also as a just punishment for those who reject Jesus. The good news is that through faith in Jesus, we can avoid hell and experience eternal life with God. God’s love and mercy offer a way to be saved from this fate."
What is the biblical view of mortality?,"The biblical view of mortality is that it's a natural part of life due to sin, but it's not the end of our existence. Everyone will face physical death and then judgment. For those who have placed their faith in Jesus, death leads to eternal comfort with God. For those who haven't, it results in separation from God. Christians are encouraged to live with this understanding, preparing for eternity and investing in what truly matters. It’s important to consider our mortality and be ready for what comes after, as there are no second chances once we pass on."
What is the Abyss?,"In the Bible, the Abyss is described as a deep, bottomless pit, often depicted as a place where evil spirits are confined. It's a location that demons fear and want to avoid, as seen when Jesus cast demons out in Luke 8, and they pleaded not to be sent there. In Revelation, the Abyss is portrayed as a temporary holding place for evil, where spirits are bound until the final judgment. Ultimately, all evil will face judgment and be cast into the lake of fire, showing God's ultimate authority over evil."
What is the verse about casting our crowns before the feet of Jesus?,"In Revelation 4:10–11, we see a vision of heaven where twenty-four elders lay their crowns before Jesus, acknowledging His worthiness and glory. These crowns symbolize rewards for faithful service on earth. The act of casting them at Jesus' feet shows that, despite our achievements, only He deserves all honor. In His presence, our gratitude overflows, and worship becomes a natural response. The elders' actions suggest that when we receive our heavenly rewards, we too will gladly offer them to Jesus out of thankfulness for His sacrifice and love."
What should be the focus of a Christian funeral?,"A Christian funeral should focus on hope and joy, rooted in the promise of eternal life through Jesus. While grief is natural, it's different when we know our loved one is with Christ; it's a temporary goodbye rather than a permanent farewell. The service should reflect this hope, whether through words, music, or memories shared, highlighting the belief that one day we will be reunited. It's a moment to celebrate the life and eternal joy the departed now experiences with God."
What is hadephobia?,"Hadephobia is the fear of hell, and it's understandable because hell is often described as a very frightening place. However, if you trust in Jesus, there's no need to fear hell, as He has saved you from that fate. God's love for you is perfect and casts out fear, offering peace and assurance. If you struggle with this fear, focus on your relationship with God, fill your mind with His Word, and seek help if needed. Remember, Jesus conquered sin and death, and nothing can separate you from His love."
What is the second heaven?,"The idea of a ""second heaven"" isn't directly mentioned in the Bible but is inferred from Paul's mention of a ""third heaven,"" which is seen as God's dwelling place or paradise. The first heaven is considered Earth's atmosphere, where birds fly, and the second heaven is the realm of outer space, where stars and planets exist. Some groups suggest that the second heaven might be a domain of spiritual conflict, involving demonic forces, but this goes beyond what Scripture explicitly states. It's important to rely on the Bible's teachings and not seek new revelations beyond what God has already given us."
What does it mean that the dead know nothing (Ecclesiastes 9:5)?,"When Ecclesiastes 9:5 says ""the dead know nothing,"" it's really talking about the earthly perspective—life ""under the sun""—without considering God. It doesn’t mean the dead are totally unaware; instead, it highlights the end of earthly experiences. Once someone dies, they can't participate in life's activities or gain more earthly rewards. But Solomon uses this to remind us that life should be lived fully and in a way that honors God, as that's what truly matters."
Who are “the cloud of witnesses” mentioned in Hebrews 12:1?,"The ""cloud of witnesses"" in Hebrews 12:1 refers to the faithful believers from the Old Testament, like Abraham and Jacob, who lived by faith and looked forward to the Messiah. These saints are not literally watching us but serve as inspiring examples of faith, encouraging us to persevere in our own spiritual journey. Their lives remind us to throw off anything that hinders us and to run our race with perseverance, inspired by their legacy of faith."
What is the worm that will not die in Mark 9:48?,"In Mark 9:48, Jesus talks about a ""worm that will not die"" to emphasize the unending suffering in hell, drawing from the imagery of Gehenna, a cursed and constantly burning garbage dump outside Jerusalem. The reference to worms highlights relentless torment, not to suggest literal eternal worms, but rather ongoing anguish, possibly even representing a guilty conscience that never finds peace. Jesus' message urges us to do everything we can to avoid such torment by receiving Him as our Savior."
"If aborted babies go to heaven, why is abortion wrong?","The idea that abortion could be justified by saying aborted babies go straight to heaven is not valid for Christians. First and foremost, God has commanded us not to kill innocent life, and He values the life of the unborn. We can't make assumptions about eternal destinies, and we don't have absolute biblical proof about what happens to unborn children. Additionally, every child has the potential to live a life that honors God and receives His rewards, and abortion takes away that opportunity. Abortion contradicts God's commands to protect the innocent and see children as a blessing."
Will we have free will in heaven?,"In heaven, we'll indeed have free will, but it'll be different from what we know now. Here on earth, our choices are often swayed by sinful desires. In heaven, however, we'll be free from sin and only desire what is good and holy. We'll be completely transformed to be like Jesus, meaning we won't even want to sin. Our will remains free, but it will naturally choose what is right, just like Jesus. There will be no temptation or evil to lead us astray, so our place in heaven is secure."
Will heaven be on earth?,"Heaven as we often think of it isn't our eternal home. While believers in Christ do go to heaven after they die, it's more like a temporary stop. God's ultimate plan is to create a new heaven and a new earth, where we'll live in new, resurrected bodies. This new earth will be our eternal home, filled with God's presence, and a place where we'll enjoy the work and fellowship intended since the beginning of creation. Heaven will come to earth through God's miraculous work, not by human efforts."
Do unbelievers immediately go to hell when they die?,"When an unbeliever dies, they go to a place called Hades, which is a temporary place of torment. They stay there, aware of their suffering, until they're judged by God. This isn't God's desire, as He wishes everyone would turn to Him and be saved. However, if someone chooses to reject God's mercy, they will eventually face the final judgment and be cast into the lake of fire, originally intended for Satan and his angels. God doesn't take pleasure in this; He wants everyone to choose life with Him."
What does it mean that Paul went to the third heaven?,"When Paul talks about being caught up to the third heaven in 2 Corinthians 12:2-4, he’s describing an extraordinary experience where he was taken to the place where God dwells—often considered beyond the sky and stars, which are the first and second heavens. He wasn’t sure if he was there in body or spirit, but he heard incredible things he couldn’t share. This experience likely strengthened him for his ministry. Although we might not have seen heaven like Paul, as Christians, we trust in our future with Christ, knowing it will be a wonderful place. Until then, we live by faith, confident in our eternal home with the Lord."
IsThe Divine Comedy/ Dante’sInfernoa biblically accurate description of heaven and hell?,"Dante’s ""The Divine Comedy"" is a remarkable literary work, filled with rich allegory and symbolism, but it doesn't provide a biblically accurate depiction of heaven and hell. Dante's visions of the afterlife draw from the Bible mixed with Roman Catholicism, mythology, and even Islamic tradition, leading to ideas like Purgatory and various levels of heaven and hell that aren't supported by Scripture. The Bible teaches that there are no second chances for salvation after death and emphasizes that salvation comes solely through faith in Jesus Christ, not through human efforts. While Dante’s work can be appreciated for its literary brilliance, the Bible remains the authoritative source for understanding the truths of heaven and hell."
Is the idea of seven heavens / the seventh heaven biblical?,"The concept of ""seven heavens"" isn't found in the Bible; it's more of an idea from other religions like Hinduism and ancient Babylonian beliefs. Some Jewish and Islamic traditions have adopted similar concepts, but these are not biblical teachings. In the Bible, different terms like ""heaven"" can refer to the sky, outer space, or the spiritual realm where God resides. Paul’s mention of the ""third heaven"" in 2 Corinthians simply refers to God's dwelling, distinct from the sky or outer space. While ""seventh heaven"" is a common expression for extreme happiness, the Bible promises unity with God in the New Jerusalem, not separate levels of heaven."
What is the beatific vision?,"The beatific vision is the promise that one day, believers will see God face to face in all His glory and beauty. It's like a joyful, unfiltered view of God that will happen in the new heaven and new earth, making us happier than anything else. Right now, we only catch glimpses of this through Jesus, but the Bible assures us that a time is coming when we'll experience the fullness of God's presence, with no more pain or darkness—just joy and grace. Until then, this promise gives us hope and comfort as we navigate life's challenges."
Why will the nations need healing in the New Jerusalem?,"In the New Jerusalem, the healing of the nations symbolizes the complete restoration and blessing of creation. The ""healing"" isn't about curing sickness or ending warfare, as such things won’t exist there. Instead, it reflects God’s promise of eternal peace, unity, and abundant life, represented by the tree of life. This healing signifies the end of all division and strife, bringing about a perfect state of existence, free from sin and full of joy and communion with God."
Is it possible to be so heavenly minded that you are of no earthly good?,"The idea that being too heavenly minded makes someone of no earthly good isn't quite right. In fact, when Christians are focused on heaven, they're inspired to do a lot of good here on earth. History shows us that many Christians have led efforts for social change and helped people in need because of their faith. Focusing on heavenly things gives believers an eternal perspective that moves them to act with love and service. Being truly heavenly minded means living out one's faith in practical ways, bringing hope and help to the world."
What is Tartarus?,"In ancient Greek mythology, Tartarus was a dreadful pit of suffering. In the New Testament, it's mentioned once in 2 Peter 2:4, where it's described as a deep abyss where God cast angels who sinned. These angels are held in darkness until judgment. The term is often translated as ""hell"" or ""lowest hell,"" and it's used to illustrate the severe consequences that await false teachers who mislead others, showing that God does not tolerate such actions."
Is Angelica Zambrano’s testimony of experiencing heaven and hell biblically sound?,"Angelica Zambrano's testimony about visiting heaven and hell includes some truths—like the reality of hell and Jesus’ sorrow over lost souls. However, her claims also present many unbiblical elements, such as people losing salvation due to specific sins and spirits being in hell while still alive, which aren't supported by Scripture. In her visions, demons torment souls, contrary to the Bible's teaching that hell is a place of punishment for demons too. As Christians, we rely on the Bible, which is sufficient for understanding salvation and the afterlife, rather than new revelations or testimonies."
What does it mean that hell is referred to as a lake of fire?,"The term ""lake of fire"" in the Bible refers to the ultimate destination for those who reject Christ, described as a state of eternal separation from God. It's not just a physical place of flames, but rather a state of perpetual suffering and loss, far worse than we can imagine. This imagery symbolizes God's severe judgment, using fire as a representation of divine punishment. While the Bible doesn't give detailed descriptions of hell itself, it uses powerful symbols to convey the seriousness of rejecting God's offer of life."
How can I be prepared to die?,"Preparing for death can be daunting, but as believers, we have hope because Jesus conquered death and offers us eternal life. The first step in being prepared is to ensure we have a right relationship with God by confessing our sins and placing our faith in Jesus as our Savior. With this assurance, we can live without fear, knowing death is not an end but the beginning of eternal life with God. Practically, we should also mend relationships, plan for our family's future, and focus on living with an eternal perspective, investing in what truly matters. Heaven awaits us, a place of endless joy and fellowship with God, infinitely more wonderful than we can imagine."
Is God sovereign over death?,"God is indeed sovereign over death, meaning He has control over the time and manner of our passing. While events like murder might seem to challenge this, it's important to understand that God's sovereignty involves allowing human actions, including evil ones, without being the cause of them. God sets the stage for all things but doesn't deterministically cause every event, letting humans exercise free will while He remains in ultimate control. In His perfect knowledge, God knows our days and allows events to unfold according to His plans, ultimately bringing about His purposes."
What sort of condolences should a Christian give someone who is hurting after the death of a loved one?,"When comforting someone grieving the loss of a loved one, the best thing you can offer is your presence and a listening ear. Avoid clichés or unhelpful statements, and instead, let them know you’re praying for them and are there for support. Grieving is a natural process, and allowing the person to express their emotions freely is important. If they’re open to it, sharing comforting scriptures or talking about the hope we have in Christ can bring peace. Always be sensitive, listen well, and allow the conversation to unfold naturally, guided by their needs and the Holy Spirit."
Does heaven exist?,"Yes, heaven exists according to the Bible. It's described as a real place where God dwells, not just clouds and harps. Heaven is imagined as a restored, beautiful creation where believers will live joyfully with God, free from pain and death. While we might not know every detail, Scripture assures us heaven will be more wonderful than we can imagine."
What is eternal death?,"Eternal death is the ongoing spiritual separation from God that awaits those who choose to reject Jesus and stay in their sin. Unlike physical death, which is a one-time event, eternal death lasts forever. The Bible teaches this concept in passages like Daniel 12:2, Matthew 25:46, and Revelation 20:14-15, highlighting the stark difference between eternal life for believers and eternal punishment for those who reject God. While this truth is hard to accept, the hope lies in accepting Jesus, who offers forgiveness and eternal life to all who believe."
What is paradise?,"Paradise is often used as a synonym for heaven, a place of blessing where the righteous go after death. When Jesus told the thief on the cross, ""Today you will be with me in paradise,"" He was speaking of joining Him in heaven. According to the Bible, paradise is a temporary place for believers until Jesus returns to judge the world. Ultimately, the righteous will dwell in a new heaven and earth. Sometimes, ""paradise"" can also refer to the Garden of Eden, depending on the context."
Is it biblical to say ‘rest in peace’ (RIP) in regards to someone who has died?,"Saying ""rest in peace"" isn't directly found in the Bible, but the idea is somewhat reflected in scripture, where believers find peace and rest in death, like Daniel and Isaiah mention. However, the phrase is based on a traditional prayer for the deceased, which isn't biblical. Once a person dies, their fate is set, and praying for them doesn't change that. So, while the sentiment of wishing peace for someone is kind, it's important to understand its origins and what the Bible actually teaches about life after death."
Is heaven eternal?,"While we often talk about heaven as our eternal home, it's actually more of a temporary place where believers go after death. The Bible teaches that our true eternal home will be a new earth, part of the ""eternal state,"" where we'll live in restored creation with God. This new earth will be free from sin and suffering, and it will be a place of joy and direct fellowship with God. So, while heaven is part of the journey, it's not the final destination; that honor belongs to the new earth."
Is it right for a Christian to date or marry a non-Christian?,"Hey there! When it comes to the idea of Christians dating or marrying non-Christians, it's really about staying true to your faith. The Bible advises against being ""unequally yoked,"" which means entering a deep partnership with someone who doesn't share your spiritual beliefs can be challenging and may hinder your relationship with God. While dating isn't quite the same as marriage, it's often seen as a step toward it, so it's wise to consider the potential outcome. Building friendships with non-believers is great, but when it comes to romantic relationships, it's best to seek someone who shares your faith."
What does the Bible say about dating / courting?,"The Bible doesn't mention ""dating"" or ""courting"" specifically, but it gives us principles to guide us before marriage. It encourages us to live differently from the world's way, focusing on the character and faith of the person we're considering as a partner. It's important to ensure they share a desire to grow in Christ-likeness. As Christians, we should avoid marrying someone who doesn't share our faith, as it can weaken our relationship with Christ. We are called to love God first and avoid idolatry by not placing our partner above Him. Maintaining purity, honoring each other, and loving well are key. These principles help build a strong foundation for marriage, a bond God intended to be lifelong and unbreakable."
What is an appropriate level of physical intimacy before marriage?,"When it comes to physical intimacy before marriage, the Bible advises Christians to avoid even a hint of sexual immorality, which means keeping things quite reserved. This includes refraining from sex and any actions that could lead to it, like foreplay. Couples should set their own boundaries, whether that's light kissing or holding hands, based on their convictions, and always be mindful not to violate their conscience or give the appearance of immorality. Ultimately, God calls us to live pure and holy lives, honoring Him in our relationships."
How can I prepare myself for marriage?,"Preparing for marriage is about deepening your relationship with God. By loving Him with your whole heart, soul, and mind, you set the foundation for all other relationships, including marriage. Marriage reflects the relationship between Christ and the Church, and living according to God's word helps you fulfill your God-given roles. Focus on growing spiritually and allowing God to shape you into the person He wants you to be. As you walk closely with Him, you'll be ready for the commitment and love that marriage requires."
How can I know if I am in love?,"Knowing if you’re in love involves more than just a feeling; it’s about making a decision. True love, as described in the Bible, is patient, kind, and selfless. It's a commitment to love someone consistently, not just when it's easy. Consider if the person shares your faith and if you're both ready to put God first in your relationship. True love is about choosing to care for someone deeply and selflessly, reflecting the love Christ has for us."
Is there such a thing as soul mates?,"The popular idea of “soul mates” as the one perfect person for you isn't a biblical concept. Instead, the Bible teaches that when you marry, your spouse becomes your soul mate. In marriage, God joins the couple as ""one flesh,"" meaning your relationship is meant to be deeply united in every way. While struggles may arise, with God's guidance and a commitment to biblical principles, any marriage can flourish. Trust in God to lead you to the right partner and remember, becoming true soul mates is an ongoing journey of love and unity."
Is it wrong for a couple to live together before marriage?,"Living together before marriage can be tricky, especially from a Christian perspective. If it's purely sharing a space without sex, technically it isn’t wrong, but it might appear as a sign of immorality to others. However, if living together includes a sexual relationship, that’s where it crosses a line because the Bible clearly advises against premarital sex. Additionally, living together could lead to temptation and possible stumbling blocks for others in their faith. If you are in this situation, consider finding separate housing or getting married to align with biblical teachings. Remember, the goal is to honor God and maintain a testimony that reflects His standards."
Are we supposed to be actively looking for a spouse?,"Finding a spouse is a beautiful journey that requires both action and trust in God. We shouldn't panic as if it's all up to us, but neither should we sit back expecting God to magically bring someone into our lives. Like Isaac's story, taking steps with prayer and seeking the qualities of a godly partner is essential. It's about aligning our desires with God’s will and trusting His timing. Paul also reminds us that while marriage is good, some may be called to a life without it for the sake of spiritual pursuits. The key is prayerfully discerning God’s plan for your life and following His lead."
What should I be looking for in a husband?,"When looking for a husband, focus on finding someone who genuinely loves and follows God. A man who strives to live according to God’s word, showing patience, humility, and self-control, is ideal. While things like physical attraction and shared interests are important, they should come after ensuring he has a strong relationship with God. Remember, marriage is about two imperfect people coming together to grow in faith and love, supported by God's grace."
What should I be looking for in a wife?,"When looking for a wife, the most important thing is to find someone who shares your faith in Jesus. It's important that you both have the same spiritual goals and beliefs, as being ""equally yoked"" means you're on the same page spiritually. Look for a woman whose life centers around her relationship with God, someone who is respectful, trustworthy, and committed to her own spiritual growth. As the husband, remember that spiritual leadership is about loving and serving, just like Christ loves the church. Your own relationship with God will greatly impact the success of your marriage."
How will I know when I have found the perfect spouse for me?,"While the Bible doesn't give a checklist for finding the ""perfect spouse,"" it does emphasize the importance of marrying within the faith (2 Corinthians 6:14-15). Beyond that, it's about ensuring both partners are committed to living out Christian values and understanding the sacrifices and responsibilities that come with marriage. Take time to know each other well, agree on key life issues, and consider premarital counseling to build a strong foundation. Ultimately, if you're seeking God's will together, He will guide your journey (Proverbs 3:5-6)."
What does the Bible say about age differences in relationships?,"The Bible doesn't specifically address age differences in relationships, and examples of couples with known age gaps, like Abraham and Sarah or possibly Boaz and Ruth, are rare. While age can be a factor in marriage, God seems more concerned with aspects like spiritual maturity, compatibility, and shared faith. Beyond making sure your partner is of the opposite gender and a believer, age differences are more about personal consideration and seeking wisdom. Ultimately, age is less important than the reasons and principles guiding the relationship."
Is born again virginity possible?,"Being a ""born-again virgin"" isn't possible in a physical sense, but spiritually, God offers complete forgiveness and renewal. When we confess our mistakes, like having sex before marriage, God doesn't hold these against us anymore (1 John 1:9). We become a new creation in Christ, and our past is wiped clean (2 Corinthians 5:17). So, instead of focusing on trying to undo the past, we should trust in God’s forgiveness and commit to living according to His ways from now on. Remember, God loves us deeply, no matter our mistakes, and wants us to live free from guilt and shame."
Is it wrong to have a romantic relationship with a close relative?,"In the Bible, particularly in Leviticus 18, God clearly set boundaries against certain romantic relationships, such as those with close relatives like a parent, sibling, or aunt, calling them immoral. While marriage between cousins isn't specifically forbidden in Scripture, it's important to consider the laws of your country, as the Bible advises us to respect those (Romans 13:1–6). While the Mosaic law no longer applies to Christians, the moral principles remain relevant, so relationships listed as prohibited in Leviticus should still be avoided today."
What does it mean that iron sharpens iron?,"When Proverbs 27:17 says ""iron sharpens iron,"" it means that just like iron blades sharpen each other, our relationships and interactions with fellow believers help us grow and become more effective in our faith. It's about coming together to support, encourage, and challenge each other in love, much like David and Jonathan or the early church did. By spending time in meaningful fellowship, prayer, and studying God's Word, we sharpen our spiritual lives and shine more brightly for the Lord. This highlights the joy and importance of unity and mutual encouragement among Christians."
How can I overcome feelings of rejection?,"Overcoming feelings of rejection can be challenging, but as believers, we have a special assurance in our relationship with Christ. Remember, one person's rejection doesn't define your worth. God has chosen and accepted you, offering you every spiritual blessing (Ephesians 1:3-6). Instead of letting rejection linger, focus on your identity in Christ, who loves you deeply. His grace is your strength, and by embracing His truth, you can find comfort and move forward with a renewed sense of purpose and peace."
How important is physical attraction when looking for a spouse?,"While physical attraction is a natural part of finding a spouse, it's not the most important factor. The Bible teaches us that true beauty comes from within, with qualities like a gentle spirit and a heart for God being of great value. Outward beauty fades, but inner beauty grows and lasts forever. As you seek a spouse, focus on finding someone who shares your faith and purpose in glorifying God, and you'll likely find that genuine, lasting attraction grows over time."
"If an unmarried couple has sex, are they married in God’s eyes?","No, having sex doesn't make an unmarried couple married in God's eyes. Marriage is much more than just a physical act. It involves a deep commitment that includes emotional, spiritual, and social dimensions. Premarital sex is considered fornication in the Bible, and it doesn't equate to marriage, which requires a deeper union and commitment beyond physical intimacy."
What is true friendship according to the Bible?,"True friendship, according to the Bible, is about deep, sacrificial love and loyalty—like the love Jesus showed by laying down His life for us. Anyone who trusts in Jesus and follows His teachings can be His friend. The stories of David and Jonathan show us a powerful example of friendship that stands firm even in adversity. Proverbs teaches us that a true friend loves at all times, stands by you like family, and helps you grow. Friendship is a mutual relationship where trust, respect, and understanding are key. In essence, true friendship is marked by selfless love, akin to how Christ loves us."
How can I overcome the pain of betrayal?,"Overcoming betrayal is incredibly hard, but it's a journey you don't have to face alone. Start by bringing your pain to God, just like David did when he felt betrayed. Jesus knows this suffering too, yet he chose forgiveness, teaching us to bless rather than repay evil for evil. Following His example, forgive those who've hurt you, not just for them, but to release yourself from the burden of bitterness. It’s a tough step, but with God’s strength, you can find healing and continue to love even those who have wronged you."
What should I look for in a Christian boyfriend?,"When looking for a Christian boyfriend, consider someone who would make a good Christian husband—someone serious about their faith and your relationship. Look for qualities like humility, honesty, selflessness, the ability to provide, and a willingness to protect you. He should be someone who respects others, especially his family, and not exhibit negative traits like materialism or jealousy. Ensure you're spiritually and practically compatible, sharing similar values and life goals. A good sense of humor and a cheerful heart can also be a blessing in your relationship."
What should I look for in a Christian girlfriend?,"When looking for a Christian girlfriend, it's important to seek someone who shares your faith in Jesus and lives in obedience to Him. You're looking for a potential partner in marriage, not just a companion for fun. Make sure she shares similar spiritual goals and values, and has a character that shows a commitment to prayer, encouragement, and serving others. It's also wise to consider practical things like common interests and lifestyle expectations. Remember, a Christian woman should be a helper and a blessing in your life, just as the Bible describes."
Should Christians of different denominations date or marry?,"It's perfectly okay for Christians of different denominations to date or marry, as long as both individuals genuinely know and love Jesus. The Bible's concern about being ""unequally yoked"" is about believers being paired with non-believers, not believers from different denominations. However, it's important to discuss potential issues, like which church to attend and how to raise children in faith. Ultimately, shared faith in Christ, love, and a commitment to a God-honoring relationship are what matter most."
What is the Christian view of engagement?,"In Christian understanding, engagement is a serious commitment, much like the betrothal in biblical times, which was a binding contract. It’s important for Christians to approach engagement thoughtfully, ensuring they share the same faith and values with their partner, as God intends marriage to be a lifelong union. Seeking God's guidance through prayer and understanding His Word is key in making this significant life decision. Remember, God wants to be part of every aspect of our lives, including whom we marry, and He will direct our paths if we trust Him."
What does the Bible say about falling in love?,"The Bible doesn't specifically talk about ""falling in love,"" but it does teach that love is more than just feelings—it's a choice and a commitment. While it's normal to experience strong emotions and attraction, true biblical love is about willingly acting in the best interest of another, beyond just those warm feelings and surging hormones. This kind of love grows and is marked by patience and kindness, as described in 1 Corinthians 13. So, while ""falling in love"" can be delightful, real love requires more depth and dedication than mere emotions."
Why is finding true love so difficult?,"Finding true love can be tough because we often misunderstand what true love actually is. Society often portrays love as intense feelings or physical attraction, but the Bible offers a different picture—rooted in sacrifice, commitment, and putting others first. It’s important to know that no one person can fully fulfill us; only God can do that. Also, true love involves personal growth, and it never requires us to be perfect. Whether it feels like we’re waiting too long, or we think there’s only one “right” person out there, we need to trust God’s timing and plan. By seeking fulfillment in God, we open ourselves to the kind of love He intends for us, which might look different from what society suggests but is ultimately more satisfying."
What does the Bible say about flirting?,"The Bible doesn't directly address flirting, but it does encourage us to think carefully about our intentions and actions. Flirting often involves showing interest without seriousness, which can lead to misunderstandings and temptations. Jesus teaches us to guard not just our actions but our thoughts, warning that even looking with lust is harmful. Instead, we're encouraged to focus on what is good and pure, and to act in ways that reflect Christ's love. When we flirt, it might create a reputation that's not in line with Christian values and could tempt others. So, whatever we do, we should aim to honor God and help others grow in their faith."
Why is living together before marriage considered living in sin?,"Living together before marriage is often viewed as sinful because the Bible teaches that sexual activity is meant to be enjoyed within the confines of marriage between one man and one woman. While the Bible doesn't explicitly mention ""living together"" as sinful, it consistently speaks against sexual immorality, which includes any sexual relationship outside of marriage. Hebrews 13:4 emphasizes the purity and honor of marriage, contrasting it with the impurity of sexual relations outside of it. Therefore, living together in a way that mimics a marital relationship without the commitment of marriage is seen as stepping outside of God's design for relationships."
Is it possible to love a person without liking that person?,"Yes, it is possible to love someone without necessarily liking them. The Bible calls us to love others with an agape love, which is a self-sacrificing love that seeks the best for others, regardless of our feelings towards them. This kind of love is a choice and not based on emotions. Jesus demonstrated this love by caring for all types of people, even those who opposed Him. While we may not always have affectionate feelings or trust for everyone, we are called to love them by seeking their well-being, empowered by the Holy Spirit."
What does it mean to love one another?,"Loving one another, as Jesus taught, means showing the same kind of deep and genuine love that He showed us. This love is characterized by being unconditional, sacrificial, forgiving, and eternal. It's a love that transcends differences and is a true marker of being a follower of Christ. By relying on the Holy Spirit, believers are empowered to love not just fellow Christians, but everyone—including those who may be difficult to love. This distinctive love is what sets the church apart and is how others will know we are truly Jesus' disciples."
"If marriage is so difficult, why should I even consider it?","Marriage is a beautiful institution created by God, intended for a man and a woman to commit to loving one another selflessly for life. While it can be challenging, it's meant to be a reflection of God's love and a way for us to grow and support one another. It's not about what we can get, but about what we can give, just like Jesus taught us. Not everyone is called to marry, and that's perfectly okay. But if you feel called to marriage, it can be a wonderful journey of faith, trust, and mutual blessing when guided by God's principles."
Is missionary dating a good idea? Can God use it?,"Missionary dating, where a Christian dates a non-Christian hoping to lead them to Christ, can be tricky. While God can work in any situation, the Bible advises that our closest relationships, especially romantic ones that could lead to marriage, should be with fellow believers. This is because being closely connected to someone who doesn't share your faith can lead to challenges and potentially compromise your beliefs. Though there are stories where a non-Christian partner has found faith, these are not the norm, and there are more effective ways to share your faith. It's generally wise to pursue relationships with those who share your love for Jesus."
Why is premarital counseling important?,"Premarital counseling is vital because it helps couples understand marriage from a biblical perspective, preparing them for both the blessings and challenges ahead. It offers guidance on essential topics like roles within marriage, financial management, and parenting, ensuring couples are well-equipped to build a strong, God-centered union. By learning and discussing these aspects, couples can avoid misconceptions and set realistic goals, allowing them to navigate their future together with God's wisdom rather than just worldly advice."
Premarital sex – why are Christians so strongly against it?,"Christians believe that God intended sex to be a beautiful part of marriage, meant to bring a unique level of intimacy and connection between a husband and wife. Engaging in premarital sex can complicate emotions and relationships, as it takes sex out of its intended context, making it harder to experience its full meaning. While casual sex might seem harmless, it often leaves emotional ""residue,"" affecting one's ability to form deep, lasting connections in the future. However, the heart of Christian teaching is hope and restoration; through Jesus, forgiveness and renewal are always available. God can restore what’s been lost, reminding us we are new creations in Christ."
Why is sexual purity so important?,"Sexual purity is important because it's a way for us to honor God with our bodies and reflect the holiness He desires for us. Within marriage, it's a gift from God, meant to be enjoyed and nurtured. Staying pure before marriage helps us avoid emotional complications and strengthens future relationships, demonstrating self-control—a fruit of the Spirit. By living a life of purity, we show that we’re committed to God’s call to live a holy life, reflecting our transformation through Christ."
Why is sexual temptation a bigger problem for men than for women?,"Hey there! When it comes to sexual temptation, it seems that men often face bigger challenges than women. This isn't because women don't experience it, but biologically, men tend to have a stronger sex drive and are more visually stimulated, which can make resisting temptation harder. However, the Bible is clear that sexual immorality is wrong for everyone, and it doesn't offer excuses based on gender. Thankfully, God promises to provide a way out of temptation if we ask for help. So, whether you're a man or a woman, leaning on God's strength is the key to overcoming these challenges."
Why is virginity so important in the Bible?,"In the Bible, virginity is more about the heart's condition than a strict definition. It encourages celibacy before marriage and fidelity within marriage as a way to honor God, aligning our lives with His desires for us. Saving sex for marriage nurtures a deep, trusting bond that mirrors the unity between Christ and His Church. But remember, God's grace is powerful and forgiving. Regardless of past mistakes or any form of brokenness, God offers healing and restoration through Christ."
What should I do if I cannot decide whom I should be dating?,"When you're unsure about who to date, it's helpful to begin with prayer, asking God for wisdom and guidance. It's important to consider if the person shares your faith and values, as being ""equally yoked"" is significant for a strong relationship. Look for someone who is striving to live a life pleasing to God, showing traits like love, humility, and wisdom. No one is perfect, but discernment and prayer can help you see if they're a good match for you."
What should be the Christian view of romance?,"In a Christian view, romance can be a beautiful gift from God when experienced within a pure and committed relationship, like the love between a husband and wife as celebrated in the Song of Solomon. However, romance should not be pursued for its own sake, as it can lead to unrealistic expectations and even become addictive, much like emotional ""junk food"". True love is more than just the feeling of romance; it involves commitment and a deep connection that grows over time. Instead of simply following our emotions, which can be deceptive, we should seek the guidance of the Holy Spirit in our relationships, allowing godly romance to naturally develop as a blessing from God."
Should a Christian have gay friends?,"Yes, a Christian can have gay friends. Jesus spent time with all kinds of people, regardless of their lifestyles, showing love and compassion to everyone. While He didn't endorse sin, He offered hope and transformation. As Christians, we are called to follow His example by loving others, sharing God's grace, and not compromising our beliefs. We can extend friendship, understanding that we are all made in God's image, and seek to reflect His love while staying true to His Word."
Does the Bible teach that there is a gift of celibacy?,"The Bible suggests that the ability to remain single and celibate is a special gift from God, even though it doesn't specifically call it ""the gift of celibacy."" In Matthew 19 and 1 Corinthians 7, Jesus and Paul both mention that some people are given the grace to live a single life for the sake of God's kingdom. While most people naturally desire marriage, which is also a good and God-given desire, those who can embrace singleness to focus more fully on serving the Lord have received a unique gift. This isn't a command for everyone but rather a calling for some."
Is it wrong to have a crush on someone?,"Having a crush on someone isn't wrong in itself; it's a natural part of life that most of us experience. The key is to ensure those feelings don't lead us to make choices that go against our values or lead to unhealthy obsessions. Crushes can be intense and exciting, but they differ from real love, which involves commitment and sacrifice. It's important to keep our hearts and intentions pure, seek God's guidance, and remember that true fulfillment comes from our relationship with Him."
How should a Christian view long-distance relationships?,"Long-distance relationships can be challenging, but they also offer opportunities for growth if both people are truly committed. As Christians, we can relate to longing for closeness, similar to our yearning to be with Jesus. It's important to approach these relationships wisely, remembering that online personas may not fully reveal someone's true character. While distance can help focus on deep communication, it also presents risks, like unmet intimacy needs. Above all, a healthy long-distance relationship should encourage each person to grow stronger in their faith and commitment to Christ."
How should a Christian relate to non-Christian friends?,"As Christians, we should relate to our non-Christian friends with kindness and compassion, just like Jesus did. While we share love and friendship, it's important to stay true to our beliefs and speak the truth gently, even when it's challenging. We should also remain secure in our identity in Christ and be mindful of our purpose, ensuring that our friendships reflect our values without compromising them. And like Jesus, it's wise to keep our closest relationships with those who share our faith, while still loving and serving everyone around us."
Does the Bible truly teach monogamy / monogamous relationships?,"The Bible indeed supports monogamy as God's design for marriage. From the very beginning with Adam and Eve, God set the example of a monogamous union, which Jesus later affirmed, saying that a man and woman should become ""one flesh."" While the Old Testament records instances of polygamy, these often led to strife and dysfunction. In the New Testament, monogamy was the norm, and teachings from Jesus and Paul reinforce the idea that marriage is between one man and one woman, reflecting the covenant relationship between Christ and the Church."
How should a Christian act toward a friend who comes out of the closet (as gay or trans)?,"When a friend comes out as gay or trans, it's important to respond with love and grace, just as Jesus did with those society deemed outcasts. If your friend isn't a believer, focus on maintaining your friendship, listening, and showing them Christ's love without judgment. If your friend identifies as a Christian, navigating this can be more complex. Scripture advises withholding fellowship from those living in open sin, not out of judgment, but to encourage repentance and reconciliation. Regardless of the situation, continue to pray for your friend, keep your conversations respectful and grace-filled, and let the Holy Spirit guide your interactions."
What does it mean that it is not good for a man to be alone (Genesis 2:18)?,"In Genesis 2:18, when God says it's not good for man to be alone, it highlights the importance of companionship and how God designed us to need each other. Initially, Adam was alone, but God created Eve to be his partner, demonstrating that both men and women are equally valuable and necessary in fulfilling God's purpose. This passage reminds us of the beauty of relationships and how we're created to complement and support one another in life."
Are sexual desires inherently sinful?,"Sexual desires in themselves aren't sinful; they are a natural and good part of being human, designed by God. However, like electricity, these desires need to be controlled and used within the boundaries that God has set, such as the commitment of marriage between a man and a woman. When we let these desires control us or take them outside of God's design, they can lead to harm and sin. God created sexuality as a beautiful part of life, meant for deep connection and love within marriage, not something to define our identity or lead us away from His ways."
What is sexual ethics?,"Sexual ethics, from a Christian perspective, involve the moral guidelines surrounding human sexuality as defined by God. According to the Bible, sexual activities are meant to occur within the covenant of marriage between a husband and wife. God's guidance on sexual ethics is not meant to restrict us but to protect us and help us thrive. When we align our lives with these principles, we honor the bodies God created as His temple and can avoid many of the negative consequences seen in the world today. Each day offers a fresh opportunity to live according to these values, treating sexuality as a sacred gift."
Why were a husband and wife considered unclean after they had sexual relations?,"In the Old Testament, a husband and wife were considered ceremonially unclean after sexual relations, not because it was sinful, but as part of God's laws to highlight purity and the need for cleansing. This kind of uncleanness was about ceremonial purity, not morality, and required a ritual bath to address. These laws served as reminders of God's holiness and our human imperfections. They highlighted the idea that even in our normal lives, we are in need of cleansing to approach God."
What does the Bible say about toxic relationships?,"The Bible acknowledges that toxic relationships can be very harmful, as they poison our peace and joy. These relationships are often one-sided, filled with drama, lies, and a lack of true humility. Scripture encourages us to seek peace, as seen in Colossians 3:15, and sometimes that means creating distance from toxicity. God calls us to avoid paths that lead to wickedness or mockery (Psalm 1:1) and reminds us that we can't change someone else's behavior. In dealing with such situations, it's important to pray, seek God's guidance, and sometimes make the hard choice to step away from the relationship if it’s damaging, especially for people-pleasers who are often targeted in such dynamics."
How should I respond to unrequited love?,"Unrequited love is truly a form of loss, and it's completely normal to grieve over what might have been. Allow yourself to feel the sadness and heartache, but remember to shift your focus over time. God has a plan for your life, and what seems like rejection now might be His loving protection from a relationship that wasn't meant for you. Remember to give thanks in every situation, trusting that God is in control and has good things in store for you. Guard your heart against feelings of unworthiness by leaning on God's truth, knowing you are deeply loved and valued. Keep moving forward, as God has joyful surprises waiting for you on the journey ahead."
What does the Bible say about ageism?,"While the Bible doesn't use the modern term ""ageism,"" it clearly teaches against discrimination based on age. Scripture instructs us to love others as ourselves and to treat everyone with respect, regardless of age. The Bible honors the wisdom of the elderly and encourages younger generations to learn from them. Moreover, it emphasizes caring for older family members and respecting them as part of our faith practice. At the same time, it recognizes the value of youth and the important example they can set. In essence, God calls us to respect and care for all people, no matter their age."
Is abstinence before marriage a realistic message?,"Abstinence before marriage might seem outdated in today’s world, but it aligns with God’s design for intimacy. It's not always easy, but with commitment and self-control, it is possible. God's truth is timeless, and He intends for sex to be a beautiful part of marriage. It’s about striving for purity in all we do and leaning on God for strength. Even if you've made mistakes, remember that God offers forgiveness and second chances."
What does the Bible say about asexuality?,"The Bible doesn't explicitly mention asexuality, but it does discuss singleness. In 1 Corinthians 7, Paul talks about the benefits of being single, like having more freedom to serve God. It's not wrong to have no desire for marriage or sex, and if someone feels confident that their asexuality is from God, they can use their singleness to focus on His work. However, it’s also okay to seek medical advice if one is concerned about possible underlying issues."
What is a biblical view of sexuality?,"The biblical view of sexuality is that it's a beautiful gift from God, intended to create deep intimacy between a husband and wife and to fulfill the command to ""be fruitful and multiply."" In the Bible, this union is described as becoming ""one flesh,"" which represents the deepest form of intimacy. However, when humanity deviates from God's design, it leads to brokenness and harm. God set boundaries for sexuality to protect us, much like using electricity safely. By following these boundaries, we can experience the joy and blessing that God intended through sexuality."
What does the Bible say about children’s rights?,"The Bible doesn't specifically talk about children's rights as we understand them today, but it does offer guidance to parents on raising their children. Verses like Ephesians 6:4 urge parents to raise children with love, discipline, and instruction in the Lord. While children are encouraged to honor their parents, the focus is more on the responsibilities of the parents than on the rights of the children. Scripturally, parents are seen as accountable for nurturing their children, and families are entrusted by God to raise children who honor Him. The concept of ""children’s rights"" can sometimes clash with biblical principles of parental guidance and responsibility."
What are the five love languages?,"The five love languages, introduced by Gary Chapman, are ways people give and receive love: words of affirmation, acts of service, receiving gifts, quality time, and physical touch. Understanding each other's love language can deeply impact relationships by helping us express affection in ways that truly resonate with others. For example, words of affirmation can uplift, while acts of service show love through helpful gestures. Gifts don't have to be lavish to convey care, quality time means undivided attention, and physical touch can be as simple as a hug. Recognizing these love languages can help us better connect with and love those around us, reflecting Christ's love in our relationships."
What does the Bible say about being a good parent?,"Being a good parent, according to the Bible, means teaching your children about God's Word and living as a godly example yourself. This involves constantly sharing biblical truths with them and incorporating this teaching into everyday life, just as Deuteronomy 6:7-9 suggests. Being a loving and respectful partner is also important, as it sets the foundation for the family. Discipline should be balanced with love to guide children effectively (Ephesians 6:4). Finally, involving your children in church and helping them see God in the world around them encourages them to live a life of faith."
Does a wife have to submit to her husband?,"In a Christian marriage, the idea of a wife submitting to her husband is about mutual respect and love, not about inequality. The Bible encourages wives to submit to their husbands as an act of love and obedience to Jesus, just as the church submits to Christ. This doesn’t mean wives are less valuable or capable. Instead, it's about following God's design for family unity. Husbands, in turn, are called to love their wives deeply, just as Christ loves the church, creating a partnership where love and respect flow both ways. Importantly, submission never includes accepting abuse or going against God's laws."
How should Christians discipline their children?,"Disciplining children is important, and the Bible does mention physical discipline as a valid method. However, it emphasizes that any discipline should be done lovingly and never harmfully. The goal is to guide children toward good behavior and godly character. Not all children respond the same way, so methods like ""time-outs"" might work better for some families. Ultimately, it's about finding what helps your child grow well, without resorting to abuse or anger. If physical discipline is against the law where you live, it’s wise to respect those laws while still ensuring your child is raised with proper guidance and love."
What does the Bible say about Christian fathers?,"The Bible calls Christian fathers to love God wholeheartedly and to teach their children His ways, as seen in Deuteronomy 6:5-7. This means guiding children with love and gentleness, not harshness, as Ephesians 6:4 advises fathers not to provoke their children but to raise them with Godly instruction. Fathers are encouraged to be instruments of God's teachings, using Scripture as a foundation for discipline and guidance. The goal is to help children grow in faith, respect, and self-control, leading them to understand God's truth throughout their lives."
What does the Bible say about Christian mothers?,"The Bible highlights the beautiful and vital role of a Christian mother, encouraging her to love her children deeply (Titus 2:4-5). Children are seen as a precious gift from God (Psalm 127:3-5), and mothers are called to be present, teach, nurture, and discipline them with love and faith. A mother’s role is not limited to infancy but extends throughout her child's life, providing ongoing support and guidance. While not every woman is called to be a mother, those who are blessed with this role are encouraged to embrace it wholeheartedly, modeling godly living and nurturing their children as unique gifts from God."
What should Christian parents do if they have a prodigal son (or daughter)?,"When dealing with a prodigal child, it's important for Christian parents to remember the story of the prodigal son. Like the father in the parable, parents should lovingly let their adult children make their own choices, even if it leads to hardship, while staying at home, praying faithfully, and being ready to welcome them back with open arms when they turn around. It's crucial for parents to trust God with their child's journey, knowing that only He can truly bring about change and salvation. In the meantime, continue to love, pray, and leave the rest in God's capable hands."
What does the Bible say about adoption?,"The Bible views adoption positively, showing it as an act of love and a way to bring children into caring families. There are stories of adoption throughout Scripture, like Moses being taken in by Pharaoh's daughter and Esther being raised by her cousin. In the New Testament, Jesus was lovingly raised by Joseph, His adoptive father. Spiritually, when we accept Christ, we are adopted into God's family, illustrating how both physical and spiritual adoption are blessings. This reflects God's love and His desire for us to consider adoption as a meaningful way to grow our families."
What does it mean to honor my father and mother?,"Honoring your father and mother means showing them respect both in your actions and attitude, much like how you would respect someone in a position of authority or reverence. The Bible emphasizes this by including it as one of the Ten Commandments and promising blessings for those who do. It's about more than just words; it's about genuine respect and care, even if your parents aren't perfect. However, honoring doesn’t mean imitating ungodly behavior, and if parents ask for something that contradicts God's commands, obeying God takes precedence. Ultimately, honoring your parents is a way to glorify God, reflecting His love and order in our lives."
How should a Christian deal with infertility?,"Infertility can be a really tough journey for Christian couples, often leading to deep questions like ""Why us?"" The Bible shares stories of women like Sarah and Rachel who faced similar struggles, but eventually experienced God's grace in unexpected ways. It's important to remember that infertility isn't a punishment, and God's love for you is constant. Seeking medical advice is wise, and so is praying for God's will in your life, whether that means waiting, adopting, or exploring other paths. Trust that God has a unique plan for you, and His love will guide you through this challenging time."
What does the Bible say to do with a rebellious child?,"Dealing with a rebellious child can be challenging, but the Bible offers guidance. Proverbs 22:6 reminds us to raise children in God's ways, teaching them about His authority and love. Strong-willed children may seek control, but it's important for parents to be consistent and firm in their leadership, showing that God is ultimately in charge. By explaining God's rules and allowing kids some decision-making power, a balance of guidance and freedom can be achieved. The key is to parent with patience, self-control, and constant prayer, trusting God to give the wisdom and strength needed. Over time, these children can grow into passionate, successful individuals who serve God with their talents."
What are the roles of the husband and wife in a family?,"In a Christian marriage, the husband is called to lovingly lead the family, just as Christ leads the church, with compassion and respect. This means he should provide for his family and cherish his wife, not acting as a dictator but as a caring partner. Meanwhile, the wife is encouraged to support her husband’s leadership while also having a significant role in nurturing the home. Both husband and wife should prioritize love, respect, and submission to Christ, working together to minimize conflicts. By aligning their priorities with biblical teachings, they can create a harmonious and loving family environment."
What does the Bible say about caring for our old parents?,"The Bible encourages us to care for our elderly parents, seeing it as a way to honor them and serve God. It reminds us that providing for our parents, especially when they are in need, is an important part of our faith. While not everyone needs live-in care, we should always ensure they are well-supported and treated with respect, whether that's helping financially or making sure they're happy and safe, even if they're in a nursing facility. By caring for our parents, we’re showing them the love and gratitude they deserve for all they've done for us."
How are children a blessing from the Lord (Psalm 127:3)?,"In Psalm 127:3, Solomon reminds us that children are a precious blessing from God, likened to a heritage or reward. Back in ancient times, a large family was seen as a sign of divine favor, and children were considered a source of joy and a vital part of a family's strength and security. As parents, we are entrusted with the responsibility to raise children who honor God and carry forward His teachings. While having children can bring immense joy and support, it's important to remember that God's blessings manifest in many ways, and having children is one of the many expressions of His goodness and grace."
Is giving a child a Christian education important?,"Giving your child a Christian education can be very important, but it's not about where they learn—it's about what they're taught and how that shapes their understanding of God. Scripture emphasizes that parents are primarily responsible for their child's spiritual growth, teaching them to filter all learning through a biblical lens. Whether your child attends public, private, or home school, the key is to ensure they're grounded in Scripture and encouraged to seek truth from God's Word. It's also vital to be part of a church community that supports this spiritual education."
What is the biblical perspective on domestic violence?,"From a biblical perspective, domestic violence is completely against God's design for families, which is based on love, mutual respect, and self-sacrifice. In a marriage, both partners are called to love each other as Christ loves the Church, emphasizing care and honor. Violence in any form—whether physical, emotional, or economic—is a misuse of power and is condemned by God. Those affected by domestic violence should seek help and safety, as God desires healing and wholeness for both victims and perpetrators. It's important for victims to find support, possibly from a Christian counselor, to work through the emotional and spiritual impacts. Meanwhile, abusers should seek help to address underlying issues. God grieves over the pain caused by domestic violence and calls us to live in loving, servant-hearted relationships."
What is the biblical way to lead a child to Christ?,"Leading a child to Christ involves three key elements: prayer, example, and age-appropriate instruction. Start by praying for your child's faith and spiritual journey even before birth, asking God for wisdom and grace. As parents, live out your faith genuinely so that your child sees a consistent example of a life dedicated to Christ. Use everyday moments and resources like children's Bible stories to teach them about God in ways they can understand. Remember, salvation is the work of the Holy Spirit in their hearts, and while outward actions like praying or attending church are important, true faith is shown in a life that grows in love and service to God."
How do you balance leave and cleave with honoring your parents?,"Balancing ""leave and cleave"" with honoring your parents can be tricky, but it's about prioritizing your marriage while still showing respect and care for your parents. Genesis 2:24 tells us that when you marry, your primary relationship should be with your spouse, forming a united front as ""one flesh."" At the same time, the Bible instructs us to honor our parents, which means treating them with respect, listening to their guidance when it's in line with God's teachings, and caring for them as they age. The key is to ensure that your marriage remains strong and primary, while also meeting genuine needs of your parents in a loving and respectful way. If there's a conflict, like in Acts 4, handle it respectfully, putting your spouse's needs first in the marriage context."
Dealing with a mother-in-law...?,"Dealing with a meddling mother-in-law can be really tough, but it's important to remember that your marriage comes first. The Bible encourages couples to leave their parents and form a new family unit (Genesis 2:23-24). It's crucial for you and your spouse to set clear boundaries and gently communicate these to your mother-in-law, explaining that while you love her, certain behaviors are overstepping. Remember, you can't control her actions, but you can control your response. Choose to focus on maintaining your peace by relying on God's strength and grace, and always approach the situation with love and forgiveness (Ephesians 4:32)."
How should Christian parents handle a teen daughter who has become pregnant?,"When a Christian family learns their teen daughter is pregnant, it's important to remember that while sex outside of marriage is a sin, being pregnant is not. This is a time to focus on loving and supporting your daughter, as both she and her baby are precious to God. Instead of worrying about reputation, embrace the opportunity to guide her with compassion and wisdom. Show her she is not alone, helping her to make thoughtful decisions about her and her baby's future, whether that's raising the child or considering adoption. By offering acceptance and strong support, you're creating an environment where healthier decisions can be made, and God's love can shine brightly despite challenging circumstances."
What did God mean when He told Adam and Eve to be fruitful and multiply?,"When God told Adam and Eve to ""be fruitful and multiply,"" He was blessing them to grow their family and fill the earth with people. This wasn't just about having children; it was also about caring for and managing creation. While some see this as a command for everyone today, the New Testament shows us that Jesus and Paul taught that living faithfully doesn't require having children. Even if someone is single, childless, or unable to have children, they can still bring glory to God and be spiritually fruitful by making disciples and serving His kingdom."
What does the Bible say about Christian blended families?,"Blended families are becoming more common today, and the Bible emphasizes the importance of family—loving, supporting, and caring for one another. For families to thrive, God should be the central figure in marriage, helping to unite the family. In a blended family, patience, communication, and cooperation are essential, especially as you navigate different backgrounds and traditions. It's important for children to feel secure and loved by both parents, and consistent rules and discipline can help. Like Jesus depended on Joseph, we too need support and should aim to be encouraging and loving examples within our families."
What does the Bible say about child abuse?,"The Bible doesn't specifically mention ""child abuse,"" but it makes it clear that harming children is against God's will. Children hold a special place in God's heart, as seen when Jesus welcomed them with open arms. The Bible warns against anger, sexual sin, and emotional abuse, highlighting that these actions are wrong and destructive. Child abuse in any form is evil, and if you suspect it, it's important to report it. For those who have been abused or have abused, hope, healing, and forgiveness can be found in Jesus. Reaching out to a pastor, counselor, or support group can be a helpful step toward healing."
How can a believer find comfort after the death of a parent?,"Losing a parent can be incredibly painful, but as believers, we find comfort in knowing that death is not the end. If your parent was a Christian, you can hold onto the hope of a reunion in heaven, where they are now with Christ, experiencing His joy. Even if you're unsure about their salvation, you can trust in God's goodness and find peace in His presence. Remember, God is close to the brokenhearted and offers comfort through His love and through the support of fellow believers who mourn with you. You're not alone in this, and God understands your pain and is there to heal and give you peace."
What does the Bible say about disobedient children?,"The Bible acknowledges that disobedience is a common struggle for both children and adults, rooted in our sinful nature. It emphasizes the importance of teaching children to obey their parents, promising blessings and a good life for those who do. Parents are encouraged to lovingly discipline their children as a way to guide them, with the understanding that neglecting discipline can lead to harm. Ephesians 6 reminds children to obey their parents and instructs fathers to nurture their children with godly teaching. Overall, the goal is to foster a loving, respectful relationship that aligns with God's desires for a blessed life."
Are family devotions important?,"Family devotions are really important because they help us live out our faith beyond just attending church. It's a special time for family members to come together to read the Bible and pray, building unity and deepening relationships. By making family devotions a regular habit, we not only guide our children in their spiritual journey but also grow in our own faith. It's about creating a loving environment where everyone learns to trust God and rely on His wisdom daily. Engaging in these devotions can be a beautiful journey of faith for the whole family."
What does the Bible say about family planning?,"The Bible doesn't specifically address modern family planning methods since they weren't available back then, but it suggests that making thoughtful family decisions is not sinful. Couples are encouraged to agree on such decisions together, recognizing that ultimately God's will prevails. While planning is wise, it's important to be prepared for the possibility of a child if engaging in sexual activity. Abortion and emergency contraceptives are not seen as acceptable, reflecting the belief in the sanctity of life. Children are a blessing, and couples can decide through prayer and discussion when or whether to have them."
What does the Bible say about family problems?,"Family problems have been around since the beginning, and the Bible doesn't shy away from them. It shows us that these issues often arise when we stray from God's design for family life. God intended for families to be places of love and support, with husbands loving their wives as Christ loves the church and children respecting their parents. When we follow God's instructions—like valuing others above ourselves and submitting to one another out of reverence for Christ—many family conflicts can be resolved. Jesus is our example of humility and submission, and by following His lead, we can find more peace in our family relationships."
What does it mean that God is father to the fatherless?,"God being called ""Father to the fatherless"" means that He steps in as a caring and protective parent for those who may not have had the love or support of an earthly father. God chose to relate to us as a father because it speaks to our deep need for love, protection, and support. Even if an earthly father isn't present or doesn't meet those needs, God promises to fill that role perfectly. He invites us to rely on Him, cast our worries onto Him, and find comfort in His presence, offering unconditional love as a perfect Father."
Does God expect all of us to have children?,"God doesn't expect every Christian to have children. While children are certainly a blessing, and God's command to ""be fruitful and multiply"" is a part of our human mandate, it's not a requirement for everyone. The Bible values both biological and spiritual fruitfulness, emphasizing the growth of God's family through making disciples. Whether you have children or not, your worth in God’s kingdom remains unchanged. Each person's journey with God is unique, and your life’s purpose can be fulfilled with or without children, as long as you're living for His glory. If you're struggling with desires around having children, committing those to God in prayer can bring peace and direction."
What does the Bible say about parents leaving an inheritance for their children?,"In the Bible, leaving an inheritance is primarily seen as providing for one's family, often with land or material possessions. While the Old Testament discusses inheritance in terms of land, the New Testament emphasizes a spiritual inheritance from God, which is far more valuable. As parents, ensuring your family is cared for is important, but don't feel pressured to save everything materially; it's about expressing love and appreciation. Most importantly, guide your children spiritually, teaching them about the inheritance they receive through faith in Jesus."
I am a parent; how can I let go of my adult children?,"Letting go of adult children is tough, but you’re not alone in feeling this way. Remember, God has trusted you with their care, and now it's time to trust Him with their future. Your role isn’t to abandon them but to shift from a protector to a guide. Encourage them, pray for them, and always be there when they need you. With faith in God, who loves them even more than you do, you can find peace knowing they are in His hands."
What does the Bible say about obeying parents?,"The Bible encourages children to obey and honor their parents, which is seen as a command from God. Ephesians 6:1-3 highlights that obedience is connected with respect and comes with a promise of well-being and a long life. This guidance is primarily for dependent children still under their parents' care, helping them learn wisdom and respect. While parents are instructed to raise their children in God’s ways, children are called to obey, even if their parents falter, unless asked to do something contrary to God's commands. Ultimately, obeying parents is part of loving and obeying God."
What does the Bible say about pregnancy?,"The Bible views pregnancy as a sacred and miraculous process initiated by God, who is the Author of life. From the first pregnancy with Eve to miraculous births like Isaac's, Scripture highlights God's intimate involvement in forming each person. Verses like Psalm 139:13-16 and Jeremiah 1:5 emphasize that God knows and designs each life even before birth. Pregnancy is a partnership with God, reflecting His image in every new life. Therefore, life should be protected, as ending it prematurely opposes God's creative work."
What does the Bible say about raising children?,"The Bible emphasizes that raising children is a special responsibility given by God. Parents are called to teach their children about God's ways, encouraging them to know and honor Him. It's important for parents to model God's patience, forgiveness, and discipline, ensuring their children grow up in a loving and faithful environment. By instilling God's truths and values, and by setting a good example, parents help their children become wise and godly individuals, which ultimately brings joy and honor to the family."
How should a Christian view sex education?,"As Christians, it's important for parents to guide their children in understanding sex from a biblical perspective. God designed sex as a gift for marriage, meant for procreation and unity between husband and wife. Parents should teach their children about sexuality early on, using age-appropriate conversations to help them distinguish between biblical truths and cultural misconceptions. While schools and other sources might offer different views, it’s the parents’ role to ensure their kids understand both the biological and moral aspects according to Scripture. Keeping an open and ongoing dialogue will help children navigate these topics wisely and biblically."
What does the Bible say about how to handle a sibling rivalry?,"Sibling rivalry has been around since the time of Cain and Abel, and the Bible is full of stories about the challenges brothers and sisters can face. God wants us to live in harmony, showing love and kindness to one another, especially within our families. Jesus emphasizes loving God and our neighbors, which definitely includes our siblings. Rivalries often arise from jealousy or favoritism, but they can be overcome through love, respect, and forgiveness. The story of Joseph and his brothers teaches us that even deep-seated conflicts can end in reconciliation and love, if we follow the example of kindness and humility Jesus set for us."
Should all mothers be stay-at-home moms?,"The Bible offers guidance on the role of mothers, but it doesn't mandate that all mothers must be stay-at-home moms. In passages like Titus 2 and 1 Timothy 5, women are encouraged to focus on their homes and families, highlighting the importance of nurturing and teaching children. However, Proverbs 31 describes a woman who works outside the home while still prioritizing her family. Ultimately, the decision should align with each family's unique circumstances, ensuring that the home remains a central focus."
How do I survive trying to raise a teenager?,"Raising a teenager can feel overwhelming, but remember, you're not alone. Teens often think they know everything, and their emotions can run high. It’s crucial to guide them with love, discipline, and by setting a good example. Just like God guides us, it's our job to keep them safe and teach them right from wrong. Lean on prayer and God’s wisdom, and remember, having a sense of humor can go a long way. You're doing important work, and with God’s help, you’ll get through it."
What does it mean to train up a child in the way he should go (Proverbs 22:6)?,"Proverbs 22:6 encourages parents to guide their children in God's ways, starting with teaching them the Bible and helping them understand their need for Jesus. It means instilling biblical truths and wisdom in them from a young age, so they grow up knowing and loving God. Discipline is also a part of this, as it helps children understand love and respect, just as God disciplines us for our growth. By teaching and modeling God's love, parents lay a foundation for their children to live a life pleasing to Him."
Why do Christians practice the indoctrination of children?,"Christian parents teach their children about Christianity because they truly believe it is the ultimate truth and beneficial for their children's lives. They see it as their duty to pass on their faith, much like any other important life lesson a parent would teach. By sharing their beliefs, they're not only following their own faith but also hoping to provide their children with a moral compass in a complex world. Ultimately, while they guide their children, they understand that each child needs to choose their own path to faith."
What does the Bible say about single parents / parenting?,"The Bible acknowledges single parents and shows God's compassion for them. Stories like Hagar's remind us that even when parenting alone, God is always present and sees our struggles. While parenting is ideally shared between a mother and father, God provides support for those raising children on their own. The church community can be a great source of help, and it's important to raise children in the ways of the Lord. Single parents can trust that God's grace will support them and their children, ensuring they are never truly alone."
What does the Bible say about respecting your parents?,"The Bible encourages us to honor and respect our parents, which means valuing them for their role in our lives, even if we don't always agree with their actions. As children, we show respect by obeying our parents, and as adults, we continue to honor them by listening to their advice and staying connected. It's important to respect our parents not just for their sake, but because it nurtures a healthier heart in us by avoiding bitterness and anger. Even when setting boundaries, we can do so with kindness, remembering they are part of God's plan for us."
"What does it mean to “spare the rod, spoil the child”?","When we say ""spare the rod, spoil the child,"" it means that discipline is important for a child's growth and character. While the phrase itself isn't a Bible verse, it echoes the teachings in Proverbs, which suggest that loving discipline helps guide children away from foolishness and toward wisdom. The Bible emphasizes that discipline should never be harsh or abusive, but rather done in love, to help children grow into responsible adults who understand the consequences of their actions. Just like God disciplines us for our good, parents are encouraged to provide thoughtful and loving discipline to their children."
What is the biblical stance on artificial insemination?,"Artificial insemination, where sperm is placed directly in the uterus, can be a valid option for Christian married couples struggling with infertility. This procedure doesn't carry the same moral concerns as in-vitro fertilization, like unused embryos. The Bible views having children as a blessing, and artificial insemination doesn't interfere with God's sovereignty over life. Couples considering this should seek God's wisdom and guidance through prayer."
What does the Bible say about daughters?,"The Bible mentions daughters alongside sons as part of the family unit, showing the importance of both in God's eyes. In the Old Testament, phrases like ""daughters of Zion"" illustrate God's loving relationship with His people, portraying Him as a compassionate Father. Women played vital roles in family life, and their suffering in times of judgment highlighted the gravity of those events. In the New Testament, daughters are shown participating in spiritual gifts, like prophecy, marking a shift where both men and women are empowered by the Holy Spirit. Overall, daughters are encouraged to respect and honor God as their Father, embodying purity and gratitude in their relationship with Him."
Does the Bible say anything about how to deal with puberty?,"The Bible doesn't directly address puberty, but it offers guidance on growing from childhood into adulthood. In Bible times, puberty marked the start of adulthood, and young people learned essential life skills and wisdom from their parents, like in Proverbs where a father passes wisdom to his son. Jesus, at twelve, already engaged in deep discussions, showing maturity beyond physical changes. While puberty can bring emotional challenges, it's a time to grow spiritually and listen to wise counsel, trusting that God has good plans for your future."
What does the Bible say about family?,"The Bible places a strong emphasis on the importance of family as both a physical and spiritual concept. Families are seen as the foundation of society, with God's intention for marriages to form the core of families, encouraging love and care among members. Scripture also highlights the spiritual family created through faith, where believers are united in Christ as God's children, transcending cultural and social differences. In both aspects, love and mutual support are central, reflecting God's love for us."
What is the importance of procreation according to the Bible?,"Procreation is seen as an important part of God's plan according to the Bible. In Genesis, God blessed Adam and Eve and later Noah's family, encouraging them to ""be fruitful and multiply"" to fill the earth. This highlights the importance of continuing human life. Children are described as a blessing and a gift from God, offering parents the joy and responsibility to raise them in faith. However, it's important to note that procreation is not a commandment for all believers, and infertility is not viewed as a sin. We can also be spiritually fruitful by sharing God's love and making disciples, as Jesus instructed."
What does the Bible say about brothers and sisters/siblings?,"The Bible talks quite a bit about siblings, highlighting both love and conflict among them. It encourages us to love one another with the affection we would show a sibling, as seen in the bonds among believers. While sibling rivalry and disputes are present in many biblical stories, they aren't God's ideal for family relationships. Jesus emphasized that believers are part of His spiritual family, bound by love and unity. We’re called to reflect Christ's love, treat each other with kindness, and strive for peace in all our relationships."
How can Christian parents deal with empty-nest syndrome?,"Dealing with empty-nest syndrome can be tough for Christian parents as their children leave home. It's important to remember that while birds might not miss their fledglings, human parents certainly do. To navigate this change, lean on God's perfect parenting as a safety net, knowing that He uses both our successes and mistakes for good. Keep praying for your children, offering them a refuge and wise counsel when needed. This new stage allows your relationship to evolve and for you to grow in your own walk with God, perhaps exploring new opportunities and interests. Trust that God, who cares for the birds, cherishes you and your children even more, guiding you all through this transition."
What does the Bible say about family conflict?,"Family conflict is something the Bible acknowledges and addresses. It shows us that even from the beginning, families have faced discord, like with Cain and Abel. Jesus Himself spoke about how faith can sometimes divide families. The Bible offers guidance to help minimize these conflicts by encouraging husbands to love their wives, wives to respect their husbands, and children to obey their parents. Families are compared to a church, where love, respect, and kindness should reign. Although disagreements are natural, it’s important to resolve them peacefully, creating a place where everyone feels valued and loved."
What does it mean to be a godly mother?,"Being a godly mother means reflecting Christ’s love and teachings in your life and sharing that with your children. It’s about knowing God personally, respecting the family structure, and teaching your children about faith through everyday moments. A godly mother also takes care of her own well-being, serves others, and has a healthy sense of self-worth, modeling humility and inner beauty. Like the Proverbs 31 woman, she balances caring for her family with developing her own gifts, living with integrity both at home and in the community."
Should there be hierarchy in the family?,"In a Christian family, hierarchy is seen as a loving structure designed by God, not as a system of control or domination. The husband is called to be a servant-leader, loving his wife sacrificially, while the wife acts as a supportive partner, like the Holy Spirit is our helper. Children are to be guided and taught obedience, reflecting how we respond to God. This structure encourages mutual respect and submission, aiming for harmony and flourishing within the family, always keeping Christ at the center."
What does it mean to be a godly father?,"Being a godly father means modeling a life centered on God, showing love and respect to your children's mother, and taking an active role in nurturing your children's spiritual growth. It involves being a consistent, positive influence by living out the values you want to teach, such as selfless service, appropriate discipline, and resisting negative outside influences. A godly father leads by example, submitting to God's authority and guiding his family with love, humility, and integrity. Ultimately, it's about creating an environment where your children can observe and learn what it means to walk with Jesus."
Do faith in God and science contradict?,"Faith in God and science don't have to contradict each other. While science helps us understand the natural world through observation and experiments, it isn't perfect and can sometimes be wrong. Our faith in God is based on trust in a perfect Creator who guides us through His Word and Spirit. We can appreciate the wonders of creation that science reveals, like the complexity of DNA and the harmony of our universe, without placing human knowledge above God's wisdom. As Psalm 19:1 reminds us, the heavens declare God's glory, and true science seeks truth, not an agenda."
Was Noah’s flood global or local?,"The Bible describes Noah's flood as a global event, covering all the high mountains and destroying all life on earth except for Noah, his family, and the animals on the ark. Genesis passages emphasize that the floodwaters covered everything, implying the event's universality. Even Peter and Jesus referenced it as a significant historical and future parallel. Additionally, extra-biblical evidence like fossil graveyards and flood legends worldwide also support the idea of a global flood. If it were local, an ark wouldn't have been necessary, as God could have simply moved Noah and the animals to safe ground."
What is the Intelligent Design Theory?,"Intelligent Design Theory suggests that certain complex features of life are best explained by an intelligent cause, not random chance. It highlights ideas like irreducible complexity, where all parts of a system must work together to function, and specified complexity, which argues that life's intricate patterns need guidance to form. The anthropic principle discusses how the universe seems finely tuned for life. While it doesn't specify who or what the designer might be, many see it as pointing to God. Others propose different sources, like aliens, though this doesn't solve the ultimate question of origins. It differs from biblical creationism but is compatible with it, as both see evidence of design in the natural world."
"What does the Bible say about cavemen, prehistoric men, neanderthals?","The Bible doesn't mention terms like ""cavemen"" or ""Neanderthals"", nor does it support the idea of humans evolving from lower life forms. It describes Adam and Eve as the first fully developed humans. Some people may have lived in caves and used stone tools after the flood, not because they were primitive, but because they were starting over in a new world. Theories of prehistoric humans as ape-like creatures are based on certain interpretations of fossil evidence, which many scholars debate. Essentially, according to the Bible, humans were created fully human from the beginning."
Why are there two different Creation accounts in Genesis chapters 1-2?,"The two creation accounts in Genesis chapters 1 and 2 are not contradictory but rather complementary. Genesis 1 gives an overview of the entire creation week, showing how God created everything in six days and rested on the seventh. Genesis 2 zooms in specifically on the sixth day, offering more detail about the creation of humans. Some people think there are contradictions regarding plants and animals, but when you look closely, both chapters align perfectly. Genesis 2 simply provides a more detailed look at certain parts of the creation story, especially focusing on humanity."
What is the Gap Theory?,"The Gap Theory is a way some people interpret the Genesis creation story. It suggests there might be a long time gap between Genesis 1:1, when God first created everything, and Genesis 1:2, when the earth was ""formless and empty."" During this gap, it's believed that Satan fell from heaven, causing destruction to the original creation. This view tries to harmonize the biblical account with scientific ideas about the earth's age, but it's not without challenges. Critics suggest that if something significant happened during this gap, the Bible would have explicitly mentioned it. The theory also struggles with the fact that the Bible describes creation as ""very good,"" which seems at odds with the existence of evil before Adam's fall. While some still hold to the Gap Theory, its popularity has decreased over time."
What is theistic evolution?,"Theistic evolution is a belief that tries to harmonize God's role in creation with the scientific theory of evolution. It suggests that God either set the natural processes of evolution in motion and then stepped back, or that He intervened miraculously at key points to guide evolution. Unlike special creation, which sees God creating life directly, theistic evolutionists generally accept a long timeline for Earth's history, seeing the fossil record as evidence of life evolving over time, even before humans. While they may differ on God's degree of involvement, theistic evolutionists usually agree with the scientific timeline of evolution, which contrasts with a literal interpretation of Genesis. Ultimately, both perspectives seek to reconcile scientific understanding with faith in the Bible's reliability as God's Word."
What are some of the most common questions about Adam and Eve?,"People often wonder about the story of Adam and Eve and what it means. Some common questions include when they were created, whether the story is literal, and if they were saved. Others ask why God made Eve from Adam's rib, if Adam was with Eve when she talked to the serpent, and why Adam is blamed for the fall when Eve sinned first. There are also questions about their knowledge of death, the talking serpent, and what it meant for them to know good and evil. Additionally, people are curious about their time in Eden, what language they spoke, and how many children they had. Each question invites us to explore deeper into the Scriptures and the nature of God's relationship with humanity."
Why is biblical creationism so important?,"Biblical creationism is crucial because it forms the foundation of our Christian faith, starting right from Genesis, which tells us that God created everything. This belief helps us understand our origins, purpose, and destiny, grounding our values and beliefs in God's truth rather than human reasoning. It emphasizes that God is all-powerful, eternal, and personally involved with His creation. Without this basis, the rest of Scripture loses its authoritative value. In contrast to naturalism, which views the universe as a mere accident, biblical creationism provides meaningful answers to life's biggest questions, offering hope, purpose, and a secure moral foundation through the life and resurrection of Jesus Christ."
Of whom was Cain afraid after he killed Abel?,"Cain was afraid of his own family after he killed Abel. Even though the Bible mainly mentions Adam, Eve, and Abel at that point, it's likely that Adam and Eve had many other children over the years. Cain feared that his brothers, sisters, nephews, and nieces might come after him for vengeance. This idea is supported by the fact that Cain already had a wife, suggesting there were more people around than the ones specifically mentioned."
What happened on each of the days of Creation?,"In the creation story from Genesis, God spoke the world into existence over seven days. On Day 1, He created light, separating it into day and night. Day 2 saw the creation of the sky, forming an atmosphere. On Day 3, God brought forth dry land and all kinds of plants. Day 4 brought the stars, sun, and moon, helping to mark time. On Day 5, God filled the waters with sea creatures and the skies with birds. Day 6 included the creation of land animals and humans, who were made in God's image and given stewardship over the earth. Finally, on Day 7, God rested, marking the completion of His creative work and setting a pattern for rest. Some see these as literal 24-hour days, while others interpret them as longer periods. Regardless, the order and purpose remain the same."
What is the biblical Creation story?,"The biblical Creation story, found in Genesis 1-3, begins with God creating the universe from nothing. In the first six days, God made light, the sky, land, plants, stars, animals, and humans, with man being special as he was made in God's image. God rested on the seventh day, highlighting a pattern of rest, and made the Sabbath a defining practice for His people. Humans, Adam and Eve, were placed in the Garden of Eden with a command not to eat from the tree of knowledge. However, tempted by the serpent, they disobeyed God, which introduced sin and its consequences into the world. Despite their fall, God showed mercy and promised a Redeemer, hinting at Jesus' future victory over sin and Satan."
How do beliefs about creation impact the rest of theology?,"Our beliefs about creation can deeply influence the rest of our theology because they touch on the authority and trustworthiness of Scripture. While many Christians see the debate between creation and evolution as a secondary issue, the way we interpret the Genesis account can impact our understanding of the Bible as a whole. For instance, if we question the literal existence of Adam, it affects our view of sin and salvation, which are foundational to Christian beliefs. Different views exist, such as the literal 24-hour day creation, the Day-Age view, and the Framework view, but what remains crucial is recognizing God as the Creator and trusting His Word. This trust underpins our entire faith, from the story of creation to the message of salvation through Jesus."
Did God create other people in addition to Adam and Eve?,"The Bible doesn't mention God creating any humans other than Adam and Eve. Genesis describes how God formed Adam first and then made Eve from Adam's rib to be his companion, indicating they were the first humans. Any questions about who Cain married or the origin of different races are separate topics that delve deeper into biblical and historical interpretations. If you're interested, resources are available to explore these questions further."
What was the leviathan?,"The leviathan, mentioned in the Bible, is described as a mighty and fearsome sea creature, possibly akin to a large sea reptile or dinosaur. It symbolizes great power and is sometimes used as a metaphor for wickedness and God's ultimate control over chaos and evil. The book of Job highlights the leviathan's strength to remind us of God's unmatched sovereignty. While its exact identity is debated, the key takeaway is that this creature, which could terrify even the bravest, is still under God's command, demonstrating His greatness and authority over all creation."
How could there be light on the first day of Creation if the sun was not created until the fourth day?,"The question of how there could be light on the first day of Creation, without the sun, is about recognizing God’s infinite power. God Himself is light, and He provided light during those first days of Creation—just as He will in the new heavens and earth. In Genesis, God’s presence lit up the world until He created the sun, moon, and stars on the fourth day. More importantly, Jesus, the Light of the world, offers us eternal life and guides us out of darkness."
How did Noah fit all the animals on the Ark?,"Noah's Ark was described in the Bible as being quite large, with enough space to house all the animals and food needed for their survival. Scholars have calculated that it could hold thousands of animals, especially if they were young or small. When the Bible mentions ""kinds"" of animals, it likely refers to broader categories rather than each species, which helps explain how they could all fit. Though there are many questions about the logistics, like waste management or specific diets, various studies suggest that these challenges were manageable. Ultimately, the story of the Ark has been deeply studied, and many arguments against it have been found lacking."
What are some of the most common questions about Noah’s Ark?,"There are many questions people have about Noah's Ark, like who Noah’s wife was, how he fit all the animals inside, and how long it took to build. Others wonder about the flood’s purpose, its global reach, and if it can be scientifically proven. Some ask about the similarities between the biblical and other flood accounts, and why God allowed such a flood if He is good. People are also curious about whether dinosaurs were on the ark and if it had ever rained before the flood. Each question invites us to explore deeper into the biblical narrative and its implications."
Why didn’t Adam and Eve find it strange that a serpent was talking to them?,"In the Garden of Eden, Adam and Eve didn't find it strange that the serpent was talking to them because they didn't have the same expectations we do about animals. They were new to life, without the experience we have today of animals being unable to speak. Moreover, it wasn't the serpent's speech that should have concerned them, but rather the fact that it was sowing doubt about God's words and motives. It’s a reminder that the spiritual influence behind the words mattered more than the oddity of a talking snake."
What happened at the Tower of Babel?,"The story of the Tower of Babel in Genesis 11:1-9 tells us about a time when humanity, after the Flood, gathered together to build a city and a towering structure to make a name for themselves, directly opposing God's command to spread across the earth. In response, God confused their languages, making it impossible for them to communicate and forcing them to spread out and fill the earth as He originally intended. This event led to the formation of different language groups and possibly contributed to the spread of various ethnicities, though the Bible doesn't specifically teach that ethnic differences began at Babel. Instead, the confusion of languages is the central focus, marking the moment when people began dispersing into different parts of the world."
Is there any evidence for young earth creationism?,"The debate between young earth and old earth creationism centers on how we interpret the same evidence. Young earth creationists believe God created the universe with the appearance of age, much like Adam and Eve were created as adults. This means the universe may look billions of years old, but is actually much younger. Old earth creationists, on the other hand, interpret the evidence to mean that the universe truly is billions of years old. Both sides use the same data but arrive at different conclusions based on their viewpoints. Ultimately, it's about how we understand the evidence and seek the truth of God's creation."
What is the best evidence/argument for intelligent design?,"The best evidence for intelligent design comes from various scientific fields. In biology, the complexity and precise patterns found in DNA suggest a design similar to that of computer codes, indicating a conscious intelligence behind life’s intricacies. In physics, the fine-tuning of the universe’s constants—like the rate of expansion and the balance of forces—seems almost impossibly precise, suggesting a purposeful design. Cosmology supports this too, with the universe having a definite beginning, implying an uncaused, intelligent first cause. Together, these insights point towards an intelligent designer behind the fabric of the universe."
Is the Adam and Eve story to be understood literally?,"The story of Adam and Eve is considered a literal account by many Christians, as it forms a foundational part of the Christian faith. If Adam and Eve weren't real, significant teachings about sin, salvation, and the role of Jesus as Savior would be undermined. Jesus and the apostles, like Paul, treated Adam and Eve as historical figures, and questioning their existence can lead to doubts about the trustworthiness of the entire Bible. For Christians, accepting the literal existence of Adam and Eve is important for maintaining faith in the Bible's teachings and the salvation story through Jesus Christ."
What is the Anthropic Principle?,"The Anthropic Principle suggests that our universe is so perfectly suited for human life that it's hard to believe it all happened by chance. From the way protons are sized, to Earth's position in the solar system, everything seems finely-tuned for our existence. Some believe this is evidence of God's design, while others propose the multiverse theory, where countless universes exist and ours just happens to be the lucky one with the right conditions for life. In essence, the principle points to a universe that seems to have been made just right for us, whether by divine intention or cosmic luck."
What doescreation ex nihilomean?,"""Creation ex nihilo"" means ""creation from nothing,"" and it describes how God made the universe without using any preexisting materials. According to Genesis 1:1, God began with nothing and brought everything into existence simply by His command, as also suggested in Hebrews 11:3. Unlike us, who need existing materials to create, God has the power to create from nothing, which is a supernatural act beyond our natural understanding."
What is the Day-Age Theory?,"The Day-Age Theory suggests that the ""days"" mentioned in Genesis are not literal 24-hour days but rather long periods of time, possibly millions of years. This idea tries to reconcile the biblical account with scientific evidence of an old Earth. Some people support this view because the Hebrew word for ""day,"" *yom*, can mean a longer period of time, and because the sun wasn't created until the fourth day, making 24-hour days before that seem unlikely. However, this theory is debated because it could imply that death existed before Adam's fall, which raises questions about the fall and atonement. Like other interpretations, it has its pros and cons and should be approached thoughtfully."
How does DNA point to the existence of a Creator?,"DNA is like a complex code filled with specific instructions, much like a book or a computer program. Just as written texts or software point to an intelligent author, the intricate information within DNA suggests the handiwork of a Creator. This aligns with the Bible's message that God's invisible qualities are evident in creation, making the case that behind the detailed design of life, there is a divine Designer."
How was the flood in the time of Noah just?,"The flood in Noah's time was seen as just because it was God's response to a world that was entirely consumed by evil, as the Bible describes it. God is depicted as completely righteous, and His actions are inherently just, even when they involve judgment, as He alone fully understands the depth of sin. While it might seem harsh to us, the flood was also a reset, preserving humanity and creation through Noah and his family. Importantly, it was a reminder of both God's justice and His mercy, as He provided a way of escape through the ark for those willing to respond in faith."
What is the God of the gaps argument?,"The ""God-of-the-gaps"" argument suggests that God is only invoked to explain things that science currently can't explain. As scientific understanding grows, supposedly, the need for God diminishes. However, advances in science reveal complexities that remain unexplained by naturalistic means, like the intricate workings of cells and life’s origins. The Bible tells us that God's presence and power are evident in creation, and some argue that ignoring this is like suppressing an obvious truth (Romans 1:18-20). So, the idea isn't that God is just a ""backup"" explanation, but rather that His handiwork is evident in all creation from the very beginning (Genesis 1:1)."
What does it mean that the heavens declare the glory of God?,"When Psalm 19:1 says, ""The heavens declare the glory of God,"" it means that the beauty and complexity of the universe reveal God's greatness and creativity. Nature is like a constant message showing us how amazing God is, much like how a beautifully designed painting points to the skill of the artist who created it. By observing the world around us, we can see evidence of God's handiwork, supporting the belief that the universe was purposefully designed. This aligns with what the Bible says about God's invisible qualities being evident in creation, encouraging us to explore and appreciate the world with a sense of wonder and gratitude."
Is Jesus the Creator?,"Yes, Jesus is the Creator. The Bible tells us that everything was made through Him and by Him, as seen in passages like Colossians 1:16 and John 1:3. This reflects the mystery of the Trinity, where God the Father, Jesus the Son, and the Holy Spirit are distinct yet perfectly unified. Jesus, being fully God, was present at creation, and through Him, the universe came into being—demonstrating His divine nature and role in creation."
What are the laws of thermodynamics?,"The laws of thermodynamics are fundamental to understanding how energy and matter work in the universe. The first law tells us that energy and matter can't be created or destroyed, suggesting that everything came from somewhere—most logically, from God. The second law states that things naturally move from order to disorder, which can make the idea of evolution tricky since it implies increasing complexity, not disorder. While Earth is not a completely closed system due to solar energy, the natural trend is toward breakdown, not building up. From a Christian perspective, these laws align more with the idea of creation by God rather than naturalistic evolution."
"Why did God say, “Let there be light,” during creation?","When God said, “Let there be light,” He was expressing His incredible creative power, simply bringing light into existence by speaking. Light was the first step in forming a world filled with His presence and glory. Just as light came into the world by His command, God also brings spiritual light into our hearts through Jesus, the ""Light of the world,"" inviting us to walk away from darkness and into a life filled with His love and truth."
What is old earth creationism?,"Old earth creationism is a belief held by some Christians that God created the universe and life over a much longer period than the 6,000 to 10,000 years suggested by young earth creationists. They often agree with mainstream science about the age of the earth and the universe but differ on the process of creation, rejecting evolution and maintaining the literal creation of Adam and Eve. The debate mainly centers on the interpretation of the Hebrew word ""yom,"" meaning ""day,"" in the Genesis creation account. Despite these differences, both old and young earth creationists share a commitment to the Bible's truth and can find common ground in their faith."
What is progressive creationism and is it biblical?,"Progressive creationism is the belief that God used a process over billions of years to create the universe, rather than in six literal days. This view suggests that the ""days"" in Genesis were long periods of time and that death existed before Adam's sin. While it aims to align the Bible with modern scientific views, it differs from the traditional young earth creationism that sees Genesis as a literal account. Many Christians hold differing views on this topic, and while progressive creationism is popular among some, it’s not the traditional interpretation of Genesis."
What is the Serpent Seed doctrine?,"The serpent seed doctrine is a misguided belief that suggests Eve's sin was sexual contact with the serpent, leading to Cain being the son of the devil. This idea is often used to justify racial prejudice and is linked to supremacist views. It twists Scripture by forcing interpretations that don't fit the context, ignoring the Bible's true message of unity and redemption for all people. The doctrine is dangerous because it promotes racism and divisiveness, contrary to the love and grace God extends to everyone."
Why is the science community so opposed to creationism?,"The scientific community often opposes creationism because it involves supernatural elements, which science typically doesn't deal with, preferring natural explanations. While some see creationism as unscientific because its assumptions can't be tested, naturalism faces the same challenge. This tension is partly due to differing worldviews, biases, and even ethical differences, as Christian values sometimes clash with scientific practices. Despite this, history shows that faith can coexist with science, and many scientists have been inspired by their belief in God to explore the world more deeply. Both perspectives can offer valuable insights if approached with openness and respect."
What is the theory of directed panspermia?,"Directed panspermia is a speculative idea suggesting that life on Earth might have been deliberately seeded by an advanced alien civilization. It’s a twist on panspermia, which proposes life spread to Earth from elsewhere in the universe. This idea, popularized by Francis Crick, is not widely accepted in the scientific community, as it doesn’t align well with naturalistic evolution or the concept of abiogenesis. From a Christian perspective, the Bible provides a clear and foundational answer to the origin of life, stating that God created the universe, as seen in Genesis 1:1. While scientific theories may change, Scripture remains a steadfast source of truth."
Does the Bible teach that the earth is flat?,"The Bible doesn't teach that the earth is flat. When it uses phrases like ""four corners of the earth"" or ""the ends of the earth,"" it's speaking figuratively, much like how we use idioms today. These expressions refer to distant places, not a literal shape. The Bible uses symbolic and poetic language, especially in books like Psalms and Revelation, to convey deeper truths about God and His creation, rather than providing a scientific description of the planet's form. So, while the Bible doesn't explicitly teach that the earth is spherical either, it certainly doesn't promote a flat earth view."
Did the Bible copy the Flood account from other myths and legends?,"It's true that the Genesis flood story shares similarities with many ancient flood legends, like the Babylonian Gilgamesh epic. In fact, many cultures around the world have flood traditions that describe a global catastrophe, a chosen family saved by a boat, and even birds being sent out from the boat. This widespread presence of flood stories suggests a shared memory of a real event. While some think the Bible borrowed from myths, the consistent global stories and physical evidence support the idea of an actual flood, validating the biblical account as trustworthy."
Why did God send the flood when He knew sin would continue after the flood?,"God sent the flood during Noah's time because humanity's evil had reached an extreme level, much worse than what we generally see today. Even though God knew sin would continue after the flood, this drastic action was necessary to address the specific wickedness of that era. Additionally, the flood serves as a warning for us, reminding us of God's judgment and the need for repentance. Ultimately, God’s plan to deal with sin wasn’t completed with the flood but through sending His Son, Jesus, who offers hope and redemption."
How does young earth creationism handle the evidence for millions of years in the fossil record?,"Young Earth Creationists (YEC) believe that the earth is about 6,000 years old, based on genealogies in Genesis. They see the fossil record differently from many scientists, suggesting that it reflects the effects of the global flood described in the Bible, rather than millions of years of history. They point out that scientific interpretations can be fallible, as shown by the discovery of the coelacanth, a fish thought extinct for 70 million years until it was found alive. YEC holds that the Bible, as God's Word, is the ultimate authority, even when interpretations of science and scripture seem to differ."
When was before the foundation of the world?,"Before the foundation of the world refers to a time before anything was created. The Bible tells us that even before creation, God had a plan for our salvation through Jesus. Ephesians 1:4 highlights that God chose us in Christ before the world began, and He had already set a plan for redemption in motion. This shows God's eternal love and grace for us, assuring us that His plan for our salvation is solid and unchanging. We find comfort in knowing that Jesus, our eternal Savior, was part of this plan from the very beginning."
What do creationists believe about natural selection?,"Creationists believe that natural selection is a God-given process that helps species adapt to their environments by favoring pre-existing genetic traits. This isn't seen as evidence for evolution but rather as a way that God ensures the survival of life in changing conditions. An example is the peppered moth, which changed colors based on environmental factors like pollution, showing how certain traits become more common when they offer survival advantages. So, while creationists often question evolution, they see natural selection as a part of God's plan for life on earth."
What was the purpose of the flood in the time of Noah?,"The purpose of the flood during Noah's time was to address the overwhelming wickedness and corruption on Earth. Humanity had become so sinful that their thoughts were continuously evil, leading to chaos and harm. God decided to cleanse the Earth of this corruption but chose to preserve Noah and his family, who were righteous. This act not only removed the unrighteousness but also paved the way for a new beginning, ultimately leading to the lineage from which Jesus Christ, our Savior, would come."
How does the fact that human beings possess some Neanderthal DNA impact creationism?,"The fact that humans have some Neanderthal DNA doesn't disprove creationism. It's more about how we interpret our origins. Shared DNA might just show that we have a common design, like how different car engines share basic parts. Neanderthals may have been closer to us than we think, more like a different ethnicity rather than a separate species. The important thing is this doesn't change the Bible's core message about creation and our value in God's eyes."
What is the myth of Pandora’s Box?,"The myth of Pandora’s Box is a Greek story explaining how troubles entered the world. Pandora, the first woman, was given a box by Zeus with a command not to open it. When she did, all the world's troubles escaped. This story has some parallels to the biblical account of Eve in Genesis, where disobedience led to sin and suffering entering the world. However, unlike the Genesis account where God provides hope and forgiveness, Zeus intentionally set a trap for humanity. The Bible presents its story as history, while Pandora's tale is a myth. These kinds of stories appear in many cultures, sometimes echoing biblical truths."
What is the theory of punctuated equilibrium?,"Punctuated equilibrium is a theory in evolutionary biology that suggests evolution doesn't happen gradually but in quick bursts, with long periods of little or no change in between. This idea was introduced by Stephen Gould and Niles Eldredge in 1972 to explain the gaps in the fossil record, where species seem to appear suddenly rather than evolving slowly over time. While it tries to address some issues with traditional evolution theory, it also faces criticism and scientific challenges. Despite this, it's a step towards reevaluating natural evolution and could potentially bridge the gap between atheistic naturalism and intelligent design."
What is the meaning of the tree of life?,"The tree of life, found in Genesis and Revelation, symbolizes God's gift of eternal life. In the Garden of Eden, it sustained life, but after Adam and Eve's sin, God, in His wisdom, barred access to it to spare humanity from living eternally in a fallen state. This was an act of mercy, giving us a finite life to seek Him and find salvation through Jesus Christ. In the future, in the restored world, the tree of life will be accessible again, offering healing and eternal life in the presence of God."
Can we speak things into existence?,"The idea of speaking things into existence is something that only God can do. In the Bible, God created the world by speaking it into being, and that's a power unique to Him. Some people misinterpret Scripture to suggest we can do the same, but verses like Mark 11:24 are about aligning our will with God's, not creating something from nothing. Our prayers are meant to bring our desires in line with God's will, not to command changes in the world through our words. Only God has the ability to speak things into existence."
Did Adam and Eve know what death was?,"Adam and Eve did know what was right and wrong because God had clearly instructed them not to eat from the tree of the knowledge of good and evil. Even though they didn’t have firsthand experience with evil or death, they understood what obedience meant. Their decision to eat the fruit was a deliberate choice to disobey God, not an innocent mistake. Despite this rebellion, God showed His love by promising redemption through Jesus, offering a path back to Him even after their disobedience."
Does the Bible say anything about the existence of black holes?,"The Bible doesn't specifically mention black holes. It's focused on guiding us in our relationship with God, rather than explaining every detail of the universe. Black holes are fascinating parts of creation that show the immense power and fine-tuning of the cosmos. While science offers insights into these cosmic phenomena, they don't change our spiritual journey or the Bible's core message."
How does the Cambrian Explosion fit within the framework of young-earth creationism?,"The Cambrian Explosion, noted for the sudden appearance of many animal forms, can fit into young-earth creationism by viewing it through the lens of a global flood and subsequent natural events. Young-earth proponents suggest that the earth's layers and the fossils within them were rapidly formed due to this deluge, explaining the sudden appearance of life forms and the order in which they're found. While each perspective—young-earth, old-earth, or Darwinian evolution—has its challenges with the Cambrian Explosion, young-earth creationism sees it as consistent with a catastrophic flood narrative in Genesis."
Is the universe eternal?,"The universe isn't eternal because the Bible tells us it had a beginning, created by God (Genesis 1:1). Scientific evidence supports this, showing the universe is expanding, running out of energy, and has signs like the radiation echo from the Big Bang, which all indicate a starting point. Even famous figures like Einstein, though initially resistant, accepted that the universe had a beginning. In essence, everything we see points to a Creator, as it's hard to believe a purposeless universe could create beings full of personality and meaning."
The missing link—has it been found?,"You know, despite all the buzz, the so-called ""missing link"" between apes and humans hasn't actually been found yet. Many fossils are quickly labeled as such, but often it's more hype than fact. For example, the fossil ""Ida"" was once thought to be a big find but turned out to just be a lemur with some missing features. People tend to jump to conclusions about these findings because it's exciting, but genuine proof of a direct evolutionary link is still missing. Often, claims about ""missing links"" stem from misinterpretations or sensationalized media stories."
What is the multiverse theory?,"The multiverse theory suggests there are countless universes, and ours just happens to support life by chance, without any guiding hand or design. It’s like saying there are so many universes that one was bound to end up with the right conditions for life. However, there are significant challenges with this idea, as there's no solid evidence for these multiple universes, and it pushes the question of creation one step further without answering it. Instead, many see the intricate design and fine-tuning of our universe as pointing to an intelligent Creator, as beautifully described in Psalm 19, where the heavens declare God's glory."
Does the Bible say anything about a pre-Adamic race?,"The Bible doesn't support the idea of a pre-Adamic race. The theory suggests humans existed before Adam, but Scripture clearly states that Adam was the first man (1 Corinthians 15:45). Some interpretations, like Isaac de La Peyrère's and the Gap Theory, attempt to find biblical backing but often misinterpret passages. For example, passages about Cain's fear and marriage can be explained by the presence of Adam's descendants, even suggesting he married a close relative, which was common then. The Gap Theory also falters because it implies death existed before Adam's sin, contradicting the biblical teaching that death came through Adam. Ultimately, these theories don't align with the core message of Scripture."
How does creationism explain vestigial organs?,"Creationism looks at so-called ""vestigial"" organs, like the appendix or the coccyx, and argues that they actually serve a purpose, even if it's not immediately obvious. For example, the appendix helps store good bacteria for the gut, and the coccyx supports muscles and stability when sitting. When it comes to features like male nipples, creationism suggests it’s more efficient to use a single design template for humans rather than create entirely different designs for men and women. Overall, creationists believe that God's wisdom means every part of the body has a purpose, even if we don’t fully understand it yet."
Why do men have nipples?,"Hey there! So, why do men have nipples? It's mainly for two reasons. First, they are sensitive and contribute to sexual pleasure, just like they do for women. Secondly, it's more efficient for the body to have a shared design for both men and women. Think of it like a car dashboard that can fit different features—it keeps things simpler and less prone to errors. In God's wisdom, this design makes the most sense for our bodies."
What does the Bible say about uniformitarianism vs. catastrophism?,"The Bible doesn't specifically mention terms like uniformitarianism or catastrophism, but it does describe a major catastrophe: Noah's flood. This event suggests that significant changes to the Earth's surface can happen quickly due to catastrophic events, rather than just slowly over time as uniformitarianism proposes. So, when examining the Earth’s history, especially anything affected by the flood, we need to consider that not all geological features were formed slowly but could have been shaped rapidly by past catastrophes."
What is the definition of Darwinism?,"Darwinism, a term coined by Thomas Henry Huxley in 1860, refers to Charles Darwin's theory of evolution, particularly the process of natural selection, famously summarized as ""survival of the fittest."" While often linked to biological evolution, Darwinism has also been applied to social contexts, such as Social Darwinism. It's important to note that Darwinism focuses on the progression and diversification of life, not the origin of life itself. Some people mistakenly equate Darwinism with atheistic evolution, but Darwinism doesn't address cosmic evolution or the Big Bang theory."
Does the Bible teach geocentrism?,"The Bible doesn't teach that the Earth is at the center of the universe. While people once believed in a geocentric model, partly due to cultural perspectives and interpretations of Scripture, the Bible doesn't actually state this. Over time, science, through figures like Copernicus and Galileo, revealed a sun-centered solar system, which doesn't contradict the Bible. The important thing is to remember that God's Word is infallible, even when our understanding of science evolves. When science and Scripture seem at odds, our faith should rest in the Bible."
In what way was the earth divided in Peleg’s time?,"In Peleg’s time, the division of the earth refers mainly to the event at the Tower of Babel. People tried to build a tower to reach the heavens, and God, in response, confused their languages, causing them to scatter across the earth. This caused a division of people into different language groups. Interestingly, Peleg is also mentioned in the genealogy of Jesus, reminding us that God had a plan for unity through Christ, despite the world's divisions."
What similarities are there between the Gilgamesh flood account and the biblical flood account?,"Both the Gilgamesh and biblical flood stories share some intriguing similarities. In both accounts, a righteous man is chosen to build an ark in the face of an impending flood, and animals are saved alongside him. After the flood, birds are sent out to find dry land, and sacrifices are made, which please God or the gods, leading to blessings and promises not to destroy humanity again. Despite these shared elements, the biblical account is often seen as more historically reliable, given its consistency in Jewish tradition, while the Epic of Gilgamesh is viewed as more mythological due to its multiple gods and narrative style."
What is historical creationism?,"Historical creationism is a way of understanding the creation story in Genesis that sees it as a historical account. It suggests that Genesis 1:1 describes the creation of the universe, but without specifying a time frame, allowing for the possibility that it happened a long time ago. This view separates the creation of the universe from the six-day preparation of the Garden of Eden, described in Genesis 1:2 and onwards, which is viewed as a literal six days. By doing so, historical creationism seeks to harmonize the biblical text with modern scientific understanding, inviting believers to thoughtfully consider how they interpret Scripture without being swayed solely by tradition or modern science."
What is the definition of a cult?,"A cult, generally speaking, is a religious group with unique practices and beliefs. In a Christian context, it's a group that claims to be Christian but rejects fundamental biblical truths. For example, Christian cults may deny Jesus' divinity or the belief that salvation comes by faith alone, suggesting instead that salvation is earned by our own efforts. Notable examples include the Jehovah’s Witnesses and Mormons. While members of these groups may sincerely believe in their teachings, they deviate from essential Christian doctrines. Our hope is that they will come to understand the true message of salvation through faith in Jesus Christ alone."
What is the best way to evangelize someone who is in a cult or false religion?,"When trying to reach someone in a cult or false religion, the most important thing you can do is to pray for them, asking God to open their eyes to the truth of Jesus. It's also vital to live out your faith authentically so they can see the transformation God has made in your life. Be prepared to share the gospel with gentleness and respect, and trust that it's ultimately God who changes hearts, not our efforts alone. Remember, our role is to lovingly witness and pray, while the Holy Spirit does the work of drawing them to salvation."
How can I recognize a false teacher / false prophet?,"Recognizing a false teacher or prophet involves being well-grounded in the truth of the Bible. Jesus warned us about them and said we should look at the ""fruit"" they produce, meaning their actions and teachings. To spot a false teacher, check what they say about Jesus—do they affirm His divinity and work of redemption? Ensure they preach the true gospel centered on Jesus' death and resurrection, not just feel-good messages. Lastly, observe their character: Are they humble and God-glorifying, or do they show pride, greed, and rebellion? Knowing Scripture helps you discern these things."
Should Christians be tolerant of other people’s religious beliefs?,"As Christians, while we hold firmly to our belief in Jesus as the way, the truth, and the life, it's important to approach others with grace and respect. We can disagree with different beliefs without disrespecting the people who hold them. Our role is to share the hope we have in Christ with gentleness and humility, always acknowledging the fundamental truths of our faith but also showing compassion and understanding. It's about balancing truth with love, just as Jesus did."
Who are the Jehovah’s Witnesses and what are their beliefs?,"Jehovah's Witnesses began with Charles Taze Russell's Bible class in Pennsylvania in 1870 and evolved into the Watchtower Bible and Tract Society. They hold beliefs that differ significantly from traditional Christianity, such as viewing Jesus as Michael the archangel and denying the Trinity. They rely on their own Bible translation, the New World Translation, to support their doctrines. The Jehovah's Witnesses' teachings are guided by their governing body, which has sole authority over scriptural interpretation. While they are dedicated in sharing their message, many of their beliefs are seen as unbiblical by orthodox Christians."
What is Mormonism?,"Mormonism, or the Church of Jesus Christ of Latter-day Saints, was founded by Joseph Smith, who claimed to have received personal revelations from God and Jesus. Mormons believe in several sacred texts, including the Bible, the Book of Mormon, Doctrine and Covenants, and the Pearl of Great Price. They view God as having once been a man and consider Jesus to be a god, with the potential for humans to also become gods through faith and good works. However, traditional Christianity teaches that God is eternal, unchanging, and that salvation comes solely through faith in Jesus Christ, not by works. While Mormons are often kind and loving people, their beliefs differ significantly from orthodox Christian theology."
What is Buddhism and what do Buddhists believe?,"Buddhism is a major world religion that began with Siddhartha Gautama, who became known as the Buddha. He sought enlightenment through a balanced life, neither indulging in luxury nor enduring severe hardship. The core of Buddhism lies in understanding the Four Noble Truths, which explain suffering and how to overcome it through the Noble Eightfold Path. Unlike Christianity, Buddhism does not focus on a personal God or a Savior but instead views sin as ignorance rather than moral fault. Buddhists strive for enlightenment and Nirvana, often through many reincarnations, while Christians believe in Jesus as the path to eternal life with God."
What is Christian Gnosticism?,"Christian Gnosticism isn't a true blend of Christianity and Gnosticism because the two hold fundamentally different beliefs. Gnosticism, an early heresy, claims that true knowledge or ""gnosis"" is the path to salvation, unlike Christianity, which teaches salvation by grace through faith in Jesus. While Gnostics believe in hidden knowledge and view the physical world as evil, Christianity sees the Bible as the sole Truth and Jesus as fully human and divine. Essentially, Gnosticism and Christianity are incompatible, and early church leaders recognized Gnostic teachings as false."
What is Christian Science?,"Christian Science, founded by Mary Baker Eddy in the late 1800s, emphasizes the power of prayer and spiritual healing, drawing from Eddy's own experiences and teachings found in her book, ""Science and Health with Key to the Scriptures."" It teaches that God is entirely good and spiritual, and that true reality is also perfect and spiritual, meaning evils like sickness and sin are not fundamentally real. This differs from traditional Christianity, which sees sin as a real barrier needing Christ's salvation. Christian Science doesn't have ministers but relies on the Bible and Eddy's writings as guides. While it considers spiritual healing a primary approach, it has faced criticism and challenges, especially when medical care is not sought for minors. Many see it as diverging from core Christian beliefs and practices."
What is the Eastern Orthodox Church and what are the beliefs of Orthodox Christians?,"The Eastern Orthodox Church is a family of 13 self-governing churches, like the Greek and Russian Orthodox Churches, each led by a patriarch or metropolitan. The Ecumenical Patriarch in Constantinople is honored as the first among equals but doesn't have authority over the others. Orthodox Christians share many beliefs with Roman Catholics, such as the Trinity and the divine nature of Jesus, but they focus on theosis, the process of becoming more like Christ. They also hold church tradition in high regard and have unique practices like infant baptism and prayers for the deceased. While some doctrines differ from Protestant beliefs, many Orthodox believers have a deep, genuine relationship with Christ."
What is Hinduism and what do Hindus believe?,"Hinduism is one of the world's oldest and most complex religions, known for its rich diversity and a vast number of gods. Central to Hindu belief is the concept of Brahma, a supreme being who exists in everything and manifests in various forms like Brahma the Creator, Vishnu the Preserver, and Shiva the Destroyer. Hindus consider the Vedas as their sacred texts, and the spiritual journey often involves seeking union with Brahma, a state called moksha. This process is guided by karma, where one's actions influence future lives. While Hinduism and Christianity differ significantly in beliefs, especially regarding the nature of God and salvation, each has its unique perspectives and practices."
"What is Islam, and what do Muslims believe?","Islam is a faith that began in the 7th century with the prophet Muhammad, who Muslims believe received revelations from God (Allah) through the angel Gabriel. These revelations are recorded in the Qur'an, the holy book of Islam. Muslims believe in one God, angels, prophets (including Jesus as a prophet, not the Son of God), the day of judgment, and predestination. They practice their faith by adhering to the Five Pillars: professing faith, praying five times a day, giving to charity, fasting during Ramadan, and making a pilgrimage to Mecca if able. While there are similarities with Christianity, such as monotheism, the two faiths differ significantly in their view of Jesus, scriptures, and the path to salvation."
What is Judaism and what do Jews believe?,"Judaism is both a religion and a cultural identity, centered around the belief in one God who created everything. While the term ""Jew"" originally referred to descendants of the tribe of Judah, today it generally includes anyone descended from Abraham, Isaac, and Jacob or those who convert to Judaism. Beliefs can vary widely among different Jewish sects like Orthodox, Conservative, and Reform, but traditional beliefs include the importance of following God's commandments and the anticipation of a future Messiah. Judaism does not generally accept the Christian concept of original sin and emphasizes actions over beliefs. Jews are considered God's chosen people to be a light to the nations, not superior to others."
Is Scientology Christian or a cult?,"Scientology, founded by L. Ron Hubbard, is not considered Christian. While it might use some Christian-sounding language, it contradicts core Christian beliefs in significant ways. It portrays a different understanding of God, Jesus, salvation, and sin, emphasizing personal enlightenment through costly practices like auditing, rather than faith in Christ. Scientology sees Jesus merely as a good teacher, not the Savior, and rejects foundational Christian doctrines about God, sin, and salvation. Thus, it stands apart from biblical Christianity and aligns more with a belief system unlike any traditional church."
What does the Bible say about karma?,"The Bible doesn't support the idea of karma because it doesn't align with Christian beliefs. Unlike karma, which involves reincarnation and getting what you deserve in a future life, the Bible teaches that we live and die once (Hebrews 9:27), and we face judgment after death. The concept of reaping and sowing in the Bible is about the consequences of our actions in this life and our eternal life with God through faith in Jesus. The focus for Christians is on living according to God's plan and receiving eternal life as a gift of grace, not through our deeds."
What is the difference between religion and spirituality?,"Religion and spirituality are often seen as similar, but they hold different meanings. Religion typically involves a set of beliefs and rituals aimed at connecting with God, while spirituality emphasizes focusing on the spiritual aspects of life rather than the physical. True Christianity, however, is more about having a personal relationship with God through Jesus Christ than following rituals or rules. It’s about receiving salvation and letting the Holy Spirit shape us into more loving and kind individuals. Both religion and spirituality can be misunderstood or misused, but at their heart, they should point us towards a relationship with Jesus, who fulfills the true essence of each."
Why are there so many religions?,"There are so many religions because people often create ideas about God that fit their preferences rather than accepting the truth revealed by God. According to the Bible, everyone can know about God, but many choose to follow their own paths instead. This isn't because God is unclear; it's our human tendency to shape God into an image we prefer. The Bible teaches that salvation and true relationship with God are found only through faith in Jesus Christ, not through any religion or personal effort. It's important to know that not all paths lead to God, and the choice to follow Jesus is crucial for eternal life."
"With all of the different religions, how can I know which one is correct?","With so many religions out there, figuring out which one is correct can feel overwhelming. To find the truth about God, we can use a thoughtful approach, much like a scientist uses careful methods in experiments. We can look at how logically consistent a religion's claims are, whether there's evidence supporting them, and how well they address the big questions of life: where we come from, how we should live, what life means, and where we’re headed. Christianity stands out because it aligns with these criteria, especially through the life, death, and resurrection of Jesus, which is well-supported by historical evidence. Ultimately, Christianity isn't just about following rules—it's about a God who loves us deeply and wants a personal relationship with us."
What does the Bible say about ancestor worship?,"The Bible doesn't support ancestor worship because it teaches that spirits of the dead go to heaven or hell, not back to earth to influence the living. The Bible also clarifies that Jesus is the only mediator between God and humanity, not deceased ancestors. Worshiping ancestors or seeking their favor is discouraged as it distracts from worshiping the one true God. Instead, the focus should be on Jesus, who is our true connection to God."
What is animism?,"Animism is the belief that everything, from animals and plants to rocks and stars, has a spirit. People who follow animism often try to honor or appease these spirits through various practices, believing they can help or harm them. However, the Bible teaches there is only one true God, and anything that suggests otherwise is seen as misleading. God strongly warns against the worship of false gods and the practices associated with animism, as these can lead people away from Him."
What is Chrislam?,"Chrislam is an attempt to blend Christianity and Islam, suggesting that you can be both a Christian and a Muslim simultaneously. It started in Nigeria in the 1980s and has spread globally. While there are superficial similarities between the two faiths, they fundamentally disagree on crucial points, particularly the identity of Jesus. Christianity teaches that Jesus is God incarnate, an essential belief for the faith, while Islam strongly rejects this idea, viewing it as blasphemy. Because of these core differences, Chrislam doesn't hold up as a viable combination of the two religions."
What is Confucianism?,"Confucianism is more of an ethical system than a religion, founded by Confucius around 500 years before Christ. It focuses on moral conduct, emphasizing virtues like ancestor worship, filial piety, and leading a virtuous life based on self-effort. However, unlike Christianity, which teaches that we cannot earn our way to God and need a Savior, Confucianism relies on human ability and virtue alone. Christianity points to Jesus Christ as the one who saves us, offering eternal life to those who trust in Him rather than themselves."
"What is Freemasonry, and what do Freemasons believe?","Freemasonry might seem like a simple social club that encourages belief in a higher power, but its beliefs differ significantly from Christianity. While the Bible teaches that salvation comes through faith in Jesus alone, Freemasonry suggests that good works and personal improvement are paths to becoming better. Freemasonry doesn't recognize Jesus as the only way to God, seeing him as one of many wise teachers, and doesn't hold the Bible as the sole authoritative Word of God. Christians who join may find themselves compromising their witness, as Freemasonry blends different religious beliefs, which can lead away from the exclusive teachings of the gospel."
"I am a Hindu, why should I consider becoming a Christian?","Considering Christianity as a Hindu involves understanding some key differences between the two faiths. Christianity offers a unique historical foundation, with events and figures like Jesus Christ being well-documented and supported by evidence. Jesus' resurrection is a cornerstone, offering hope of eternal life, distinct from Hindu concepts like reincarnation. The Bible's reliability as a historical document stands out, providing a strong basis for faith. 

Christianity also offers a personal relationship with one God who provides a clear moral framework and a solution to sin through Jesus' sacrifice. This means you can have assurance of forgiveness and eternal life. If you're considering exploring this path, you can reach out to God in prayer, asking for guidance and truth. Accepting Jesus as your Savior brings you into a relationship with God, offering peace and purpose both now and eternally."
Should a Christian consult horoscopes?,"As Christians, it's important to trust in God alone for guidance and wisdom. The Bible clearly advises against practices like astrology and horoscopes, which attempt to predict the future or gain insight from sources other than God (Deuteronomy 18:10-14). Instead, we're encouraged to seek His direction through prayer and scripture, focusing our faith on Jesus Christ. So, consulting horoscopes isn't in line with biblical teachings and should be avoided."
What is Jainism?,"Jainism is a religion that emerged as a reform movement within Hinduism in the 6th century, rooted in the teachings of Mahavira. He emphasized a life of extreme self-denial to achieve enlightenment and rejected the idea of a supreme god. Jainism is characterized by strict rules, including vows against killing, lying, greed, sexual pleasure, and worldly attachments. From a Christian perspective, Jainism is seen as incompatible with biblical teachings, which emphasize salvation through grace and faith in Jesus Christ, rather than through self-denial or following strict laws. Christianity offers a path that alleviates burdens rather than adding to them, focusing on living for Christ and others."
I am a Jehovah’s Witness. Why should I consider becoming a Christian?,"As someone who deeply values the Bible, you share a common foundation with Christians—the belief in Scripture as our guide. Christians and Jehovah’s Witnesses have different understandings, especially concerning Jesus. Christians believe Jesus is God in full, not just a created being or angel, but God incarnate who came to save us. The Scriptures, when viewed through this lens, show His divine nature clearly. Considering these differences could open a pathway to understanding Jesus as the Savior who offers grace, forgiveness, and eternal life. If you're curious or have questions about placing your trust in Jesus, it’s a journey worth exploring with an open heart."
Who was Joseph Smith?,"Joseph Smith was the founder of the Church of Jesus Christ of Latter-Day Saints, often known as the Mormon Church. He claimed to have had visions from God and angels, which led him to establish the church, believing it to be a restoration of true Christianity. Throughout his life, Smith was a controversial figure, known for his treasure-seeking practices and claims of new revelations, including the Book of Mormon. Despite his followers' devotion, he faced significant opposition and was eventually killed by a mob in 1844. His legacy continues to influence the Mormon faith today."
Why do Mormons refer to themselves as Latter Day Saints?,"Mormons refer to themselves as Latter-Day Saints because they believe they are part of a church restored in the ""latter days"" by Joseph Smith, who they see as a prophet. The name ""The Church of Jesus Christ of Latter-Day Saints"" was chosen to reflect their belief that their church is ordained by Jesus Christ and represents the true saints in the end times. While they see their mission as restoring the gospel, traditional Christianity holds that the gospel was never broken and remains intact through Jesus Christ, with the church's foundation solidly built upon His teachings."
I am a Mormon. Why should I consider becoming a Christian?,"Hey there! If you're considering the differences between Mormonism and Christianity, it might be helpful to understand a few key points. Christianity relies solely on the Bible as its foundation, while Mormonism uses additional texts. In Christianity, God is seen as eternally self-existent and the only God, whereas Mormonism portrays a God who became God. Also, Christianity teaches that salvation comes through God's grace alone, not through our own efforts. Ultimately, the heart of Christianity is trusting in Jesus' sacrifice for us. If these ideas resonate with you, feel free to explore more about what it means to follow Jesus!"
What is the New Age movement?,"The New Age movement started gaining attention in the 1970s and 1980s as a belief system that combines Eastern mysticism with ideas of personal spirituality. It suggests that everything is one, including God, which leads to the belief that humans are divine. However, this concept bypasses the understanding of a personal God and the Christian belief in Jesus as the Savior. The movement promotes a change in consciousness, cosmic optimism, and the idea that individuals can create their own reality, often rejecting traditional moral boundaries. While it may seem appealing, Christians believe it diverges from the teachings of the Bible, which affirm that Jesus provides true forgiveness, purpose, and eternal life. For those seeking truth and direction, the Bible invites us to come to know Jesus, who promises transformation and hope."
Is the New World Translation a valid version of the Bible?,"The New World Translation (NWT), used by Jehovah’s Witnesses, is not considered a valid version of the Bible by mainstream Christians. It's been specifically altered to align with Jehovah's Witnesses' beliefs, such as denying the deity of Christ. For example, where the original text says ""the Word was God"" in John 1:1, the NWT changes it to ""the word was a god,"" which aligns with their theology but lacks support from original Greek texts. These intentional changes make it more a reflection of their doctrines rather than a faithful translation of Scripture."
What is the occult?,"The occult refers to secretive and mysterious practices related to the supernatural, like astrology, witchcraft, and Tarot cards. While these may seem intriguing or harmless, they can quickly lead people deeper into practices that are spiritually dangerous. The Bible warns against such practices, as they can draw us away from God and lead us into deception. As Christians, we should stay alert and rely on God's truth, putting on His ""full armor"" to guard against spiritual harm."
What is Rastafarianism?,"Rastafarianism is a movement that emerged in Jamaica and is often associated with reggae, dreadlocks, and figures like Haile Selassie, who some Rastafarians view as a messianic figure. There are two main paths within Rastafarianism: one sees Haile Selassie as a living god, while the other incorporates Hindu elements and promotes a belief in the divine presence within each person. However, these beliefs contrast with Christian teachings, which affirm that Jesus Christ is the true Messiah and the only King of Kings. Christianity teaches that salvation comes through faith in Christ, not through earthly actions or self-deification."
What is Shintoism?,"Shintoism is an ancient Japanese religion that emphasizes a deep connection to the land of Japan and its people, who are believed to be descendants of divine beings, or kami. It involves the worship of numerous gods and spirits found in nature, without a single founder or sacred text. While Shintoism is closely tied to Japanese culture, it's quite different from Christianity, which teaches the belief in one God and the need for a Savior, Jesus Christ. Shintoism’s focus on ritual purity and a sense of superiority can contrast with the Christian emphasis on humility and the universal need for grace."
What is Sikhism?,"Sikhism is a distinct faith that originated in India with its founder, Nanak, in the late 15th century. It emphasizes the oneness of God and combines elements of Hinduism and Islam while maintaining its unique identity. Sikhism teaches a monotheistic belief system, incorporating the ideas of reincarnation and karma, and historically transitioned from pacifism to forming a renowned warrior class called the Khalsa. While Christians and Sikhs can find common ground in their monotheistic beliefs and shared experiences of persecution, their views on God, Jesus, scripture, and salvation differ significantly. Christianity emphasizes a personal, loving relationship with God through Jesus Christ, who is seen as the only path to salvation."
What is Taoism / Daoism?,"Taoism, also known as Daoism, is a belief system mainly practiced in East Asia, focusing on living in harmony with the Tao, which means ""way"" or ""path"" and represents the flow of the universe. It's not a unified religion, with beliefs ranging from polytheism to ancestor worship, and includes practices like T'ai Chi. However, as Christians, we believe that Jesus Christ is the only true way to God, as He addresses the sin nature that separates us from God. Through Jesus' sacrificial death, we find forgiveness and eternal life, which Taoism does not offer."
What is the Watchtower Bible and Tract Society?,"The Watchtower Bible and Tract Society is the organization behind the teachings of Jehovah’s Witnesses. It started in 1884 and has its own version of the Bible, called the New World Translation, which many scholars criticize for altering key passages to fit its beliefs. The Society teaches some doctrines that differ greatly from traditional Christianity, such as denying the Trinity and viewing Jesus as a created being rather than God incarnate. They have a history of predicting events that didn't happen and impose strict rules on their members, like prohibiting blood transfusions. Christians are encouraged to be informed about these differences and lovingly share the truth of the gospel with others."
What does the Bible say about white magic?,"The Bible doesn't separate white magic from black magic; it sees all magic as turning away from God and seeking power elsewhere. While white magic might seem harmless and is often linked to Wicca, the focus is still not on God but on other created things, which the Bible warns against. The Scriptures repeatedly condemn all forms of witchcraft because they distract from a relationship with God, and real spiritual power comes from following Jesus and living by the Holy Spirit. The Bible encourages us to be alert, as deception can come disguised as good."
What is Wicca? Is Wicca witchcraft?,"Wicca is a neo-pagan religion that’s relatively new, formed in the mid-20th century by Gerald Gardner. While some Wiccans practice spells or ""magick,"" they often do so with the intent to harm none, adhering to their rule called the Rede. However, from a Christian perspective, the Bible warns against such practices, considering them a form of idolatry and rebellion against God. Christianity teaches that true hope and fulfillment come from faith in Jesus Christ, not through attempts to control or manipulate the natural world."
What are the most common world religions?,"There are several major world religions, each with unique beliefs and practices. Christianity, with about 2.1 billion followers, includes Roman Catholics and other denominations like Baptists and Methodists. Islam, with 1.3 billion adherents, is based on the teachings of Muhammad and is prevalent in Asia and the Middle East. Hinduism, primarily in India, has around 900 million followers and focuses on the concept of 'dharma'. Buddhism, originating in India and spread across Asia, has 360 million followers. Judaism, rooted in the tribe of Judah, combines ethnic and religious identity with about 15 million practicing Jews. Lastly, the Baha'i faith, founded by Baha'ullah, has over seven million members worldwide. Each religion seeks to provide answers about existence, purpose, and the divine."
What is the Baha'i faith?,"The Baha'i faith is a newer world religion that originated from Shi'ite Islam in Persia, led by figures like the Bab and Baha'u'llah, who claimed to be divine manifestations. While it emphasizes unity among all religions and promotes peace, equality, and global education, there are key theological differences with Christianity. Baha'is teach that God is unknowable and view Jesus as a reflection of God, not God incarnate, which contrasts with the Christian belief in Jesus' divinity and resurrection. Additionally, Baha'i lacks a clear doctrine of salvation through Christ, leaning more towards works-based salvation. The faith's attempt to reconcile all religions often results in theological inconsistencies that differ significantly from traditional Christian teachings."
What is the difference between Christianity and Judaism?,"Christianity and Judaism share many similarities, like believing in one God and valuing the Old Testament. The key difference is how they view Jesus. Christians believe Jesus is the Messiah and God in the flesh who came to save us, while Judaism does not see Jesus as the Messiah or divine. This difference over Jesus and His role is the major distinction between the two faiths."
What are the Four Noble Truths?,"The Four Noble Truths are foundational to Buddhism, describing the nature of suffering and the path to liberation from it. They explain that life involves suffering due to our desires for impermanent things, and the way to overcome this is by eliminating desire through the Noble Eightfold Path. This leads to Nirvana, a state beyond personal existence. While there are similarities between Christian and Buddhist views on desires and impermanence, Christianity differs significantly in its understanding of eternity and transformation. Christianity teaches eternal life with God and transformation through Jesus, not through self-effort, as it values the individual and promises joy beyond suffering."
How does God judge those who were raised in non-Christian cultures?,"God judges everyone by their response to His grace, not by where they were born or how they were raised. The Bible assures us that God’s invisible qualities and His existence are evident in creation, leaving us without excuse. Even those from non-Christian cultures have the opportunity to seek God, and if they earnestly search for Him, He promises to reveal Himself. Salvation is a gift available through the sacrifice of Jesus, and it's meant for all who genuinely call out to God, regardless of their cultural background."
Who are the Hare Krishnas and what do they believe?,"The Hare Krishnas, part of the International Society for Krishna Consciousness (ISKCON), are a mystical sect of Hinduism focused on devotion to Krishna as the supreme deity. Originating from the teachings of Chaitanya Mahaprabhu in the 15th century, their faith involves chanting, dancing, and striving for a deep relationship with Krishna. While their beliefs are rooted in Hindu traditions like reincarnation and karma, they are quite distinct from Christianity, which teaches salvation through faith in Jesus Christ alone. The movement emphasizes rigorous devotion and communal living, but has faced criticism and legal issues. Ultimately, Christianity offers a different path, emphasizing grace and salvation through Jesus."
What is Islamism?,"Islamism is a political movement within Islam that seeks to impose a strict interpretation of Sharia law on society. It's important to note that not all Muslims are Islamists, just as not all Christians belong to extremist groups. Islamism can sometimes lead to terrorism, causing fear and misunderstanding. As Christians, we're called to love and pray for our enemies, remembering that Jesus' kingdom is not of this world. We should be ambassadors of Christ's love and hope, praying for those trapped in Islamism to encounter the truth of Jesus, just as Paul did on his journey of transformation."
"If the Jewish people do not offer animal sacrifices, how do they believe they can receive forgiveness from God?","The Jewish tradition of animal sacrifices ended with the destruction of the temple in AD 70, and without the temple, they no longer have a place to perform these rituals. Nowadays, many Jewish people believe that forgiveness is received through repentance, prayer, and good deeds. They often cite scriptures emphasizing mercy over sacrifices, like Hosea 6:6. From the Christian perspective, Jesus is seen as the ultimate sacrifice, fulfilling the need for blood atonement once and for all, which is why animal sacrifices are no longer necessary."
Are Jews saved because they are God’s chosen people?,"While Jews are considered God's chosen people, this doesn't mean all Jews are automatically saved. According to Christian belief, salvation comes through faith in Jesus Christ. Jesus himself said, “No one comes to the Father except through me” (John 14:6), which applies to both Jews and Gentiles. True salvation requires a personal faith in Jesus, not just a cultural or ancestral connection to Abraham. It's about a transformation of the heart through God’s grace, available to everyone who believes, regardless of their background."
What is Luciferianism?,"Luciferianism is a belief system that either reveres Lucifer as a deity or sees him as a symbol of enlightenment and wisdom. Some people worship Lucifer, emphasizing his attributes as a bringer of light and knowledge, much like Satanism but with a focus on his ""positive"" traits. Others view Lucifer symbolically in their pursuit of enlightenment, without acknowledging him as a personal being. However, both views stray from the truth of God, as Lucifer is also known as Satan, the adversary who seeks to lead people astray. The Bible warns against involvement with Satan, urging us to stand firm in our faith in Jesus, who is our true source of light and salvation."
What is Christian mysticism?,"Christian mysticism is about seeking an experiential knowledge of God, sometimes emphasizing personal, mysterious experiences. While Christians do have spiritual experiences, like being filled with the Holy Spirit, our faith is grounded in God's Word and the community of believers. It’s important that whatever we experience aligns with Scripture, as God has already revealed His truth to us through the Bible. Instead of chasing mystical experiences, we grow closer to God through prayer, studying His Word, and living out our faith every day."
What is the concept of Nirvana in Buddhism?,"In Buddhism, Nirvana is the ultimate goal where someone escapes worldly suffering and enters a state of unity with the universe, leaving behind the cycle of reincarnation. It's like a candle being extinguished, transforming into a new form of energy. To reach Nirvana, one must extinguish passion, hatred, and ignorance. However, this differs from the Christian view, where heaven is a gift from God, not something earned through self-effort, and is a place of personal joy and fulfillment in God's presence. In Christianity, desires are not eliminated but fulfilled in alignment with God's will."
What is the Noble Eightfold Path?,"The Noble Eightfold Path is central to Buddhist practice, offering a way to live out the Four Noble Truths. It consists of eight principles grouped into three categories: Wisdom, Conduct, and Concentration, which are meant to be followed together to overcome desires and achieve Nirvana. While there are parallels to Christian teachings, like the emphasis on ethical living and awareness, the methods and goals differ. The Eightfold Path requires self-effort to change desires, whereas Christianity teaches that true change comes from a relationship with God through Christ."
What is the oldest religion?,"The oldest religion is the worship of the One True God, which began when people first started to call on the name of the Lord, Yahweh, during the time of Enosh, Adam's grandson. Although this early worship didn't have formal instructions, it likely included sacrifices, as seen with Cain and Abel. Over time, this pure worship was corrupted by idolatry, leading to many different religions. However, the worship of God has persisted, with Christianity continuing God's plan for salvation through faith in Jesus, tracing its roots back to these early beginnings."
What is the origin of religion?,"Religion has its roots in humanity's innate desire to understand our existence and connect with our Creator. According to the Bible, we were made in God's image and have an inherent longing for eternity, which initially led to worship and religious practices. While some scholars argue that belief in God evolved from primitive superstitions, others, like Rev. Wilhelm Schmidt, suggest monotheism was the earliest form of faith. Historically, God has initiated relationships with humanity, as shown in various covenants, culminating in the New Covenant through Jesus. Different religions emerged due to deception and human attempts to understand the world, but Christianity uniquely emphasizes that God reaches out to us, rather than us striving to reach Him."
What is paganism?,"Paganism, from a Christian perspective, refers to religious practices that fall outside of Christianity, often involving the worship of multiple gods or a focus on worldly pleasures. It originally comes from a term meaning ""country dweller"" and historically included ancient practices like those in Rome. Modern paganism, such as Wicca or Druidry, often emphasizes a connection to nature and sees divinity in the world around us. While pagans typically don't acknowledge Satan, Christian teachings suggest that these practices are influenced by him, emphasizing the importance of staying true to faith in God."
Why can’t religions coexist peacefully?,"Religions often struggle to coexist peacefully because they compete for the hearts and minds of people, each claiming to hold the truth. This competition can lead to conflict, as differing beliefs about life's big questions can clash. Historically, every religion has had its extremists, but this is often due to a twisted application of the religion's teachings rather than the core beliefs themselves. Ultimately, the root issue is sin, which can prompt conflict even in religious contexts. Christianity uniquely addresses this by offering a transformation of the heart through Jesus, aiming for peace and love as seen in Jesus' and the apostles' teachings."
What is religious pluralism?,"Religious pluralism is the belief that multiple religions are equally valid paths to God or gods. While it promotes harmony and cooperation among different faiths, it contrasts with the biblical perspective, which teaches that there is only one true God and one way to know Him—through Jesus Christ. The Bible calls for exclusivity in faith, emphasizing that salvation is found in Jesus alone. While Christians value religious liberty and the freedom to worship, they also uphold the belief in one God and one mediator, Jesus."
What is the difference between a sect and a cult?,"A sect is essentially a branch or subgroup within a larger religion or belief system, like Baptists within Christianity or Sunnis within Islam. It doesn't necessarily have a negative connotation and can simply represent different interpretations or traditions within a faith. On the other hand, a cult is a group marked by harmful practices and control over its members, often led by an authoritarian figure and diverging from accepted religious doctrines. Cults use manipulation and deception, which is why it's crucial for Christians to examine any group's teachings against the Bible, just like the Bereans did in Acts 17:11. Always be cautious and trust your instincts if something feels off."
"What is Seventh-day Adventism, and what do Seventh-day Adventists believe?","Seventh-day Adventism is a Christian denomination that emphasizes worship on Saturday, the Sabbath, instead of Sunday. It began in the 19th century among followers of William Miller, who incorrectly predicted Jesus' return. Ellen G. White, a significant figure in the movement, claimed numerous visions that shaped their beliefs, including Sabbath-keeping, healthy living, and some controversial doctrines like soul sleep and Jesus being Michael the archangel. While there are diverse views within the denomination, some teachings diverge from mainstream Christianity. Thus, joining a Seventh-day Adventist church might present theological challenges for some believers."
What is shamanism?,"Shamanism is a belief system where a shaman acts as a go-between for the natural and spiritual worlds, often using rituals and objects believed to have special powers. It's closely tied to animism, which holds that spirits inhabit both the physical and spiritual realms. In these systems, there's a focus on appeasing spirits to influence the natural world, but it can be a dangerous practice due to its reliance on the occult. From a Christian perspective, the Bible warns against engaging with such practices, encouraging instead a reliance on God's Word and the Holy Spirit's power."
What is Spiritism?,"Spiritism is a philosophy that originated with Allan Kardec, focusing on the relationship between spirits and humans. It teaches that spirits progress morally and intellectually over multiple lifetimes, always inhabiting human bodies and never animals. While Spiritism presents itself as a science, the Bible warns against engaging with spirits or the occult, as these practices are spiritually dangerous and can lead to deception. As Christians, we're encouraged to avoid these activities and rely on God's guidance instead."
What is Unitarian Universalism?,"Unitarian Universalism is a belief system that emphasizes relativism, tolerance, and individual spiritual exploration. It denies the Trinity and the divinity of Jesus, viewing Him as a moral teacher rather than the Savior. This group believes in personal salvation and generally rejects the idea of an afterlife. While they respect diverse spiritual paths, their beliefs significantly differ from traditional biblical Christianity, which teaches salvation only through Jesus Christ."
What does the Bible say about Voodoo?,"Voodoo, which originated from West African religious practices, combines elements of spirit worship with aspects of Roman Catholicism. It involves the worship of spirits and uses practices like divination and sorcery, which the Bible warns against, as seen in various scriptures like Deuteronomy 18:9-13. Voodoo views God as distant and not involved in daily life, making it incompatible with Christianity, which teaches a personal relationship with God through Jesus Christ. By prioritizing spirits over Jesus and involving occult practices, Voodoo contradicts the teachings of the Bible and can lead people away from the truth of the Gospel."
How should Christians view the Book of Mormon?,"When Christians encounter the Book of Mormon, they should approach it with caution. This book, offered by Mormon missionaries, is connected to Joseph Smith, who claimed to translate it from golden plates and is considered a prophet by the Latter Day Saints. However, the core beliefs of Mormonism, found in their other scriptures, differ significantly from traditional Christian doctrine, and their gospel diverges from the New Testament’s teachings about salvation. The Bible advises us to test any prophet or teaching against Scripture, and many of Joseph Smith's prophecies and teachings don't align with biblical truth. It's essential to discern and examine these claims carefully, using the Bible as our guide."
What does the Bible say about black magic?,"The Bible is clear that God opposes all forms of magic, including black magic, as it involves seeking power from evil sources for selfish purposes. Scriptures like Galatians 5:19–21 and Acts 19:19 warn against such practices, highlighting that they lead away from God's kingdom. Instead of seeking power over others or manipulating circumstances through magic, we should turn to God for wisdom and rely on His guidance. Black magic contradicts God’s teachings of love and free will, and ultimately leads to judgment. It's important to seek God's truth and reject anything that draws us away from Him."
Inclusivism vs. exclusivism—what does the Bible say?,"The debate between inclusivism and exclusivism centers on whether personal faith in Jesus is the only path to salvation (exclusivism) or if salvation is available through Jesus' atoning work even to those who haven't explicitly believed in Him (inclusivism). Inclusivists believe that people can be saved through God's revelation in creation or truths in other religions, while exclusivists hold that explicit faith in Jesus is necessary. The Bible, especially passages like John 14:6 and Romans 10:13–15, often supports exclusivism, suggesting faith in Christ is crucial. However, God’s mercy is acknowledged for those unable to make such a choice, like infants or those with mental disabilities. Ultimately, the emphasis is on God's fairness and the importance of evangelism, as the full plan for those who haven't heard the gospel remains beyond our understanding."
Is there such a thing as the evil eye?,"The concept of the ""evil eye"" is rooted in superstition and the idea that jealousy can bring harm just through a look. While some cultures still hold this belief, as Christians, we don't need to fear such things. Jesus has defeated Satan, and God’s protection is greater than any superstition. Instead of relying on charms, we can trust in Jesus and the power of the Holy Spirit. God has given us a spirit of love, power, and a sound mind, freeing us from fear and superstition."
What were the mystery religions?,"Mystery religions were secretive cults from the first to fifth centuries, characterized by hidden rituals and the worship of various pagan gods. They included Greek, Egyptian, Persian, and other cultural deities, and their followers underwent secretive initiation rites. While these religions focused on mystical experiences and personal salvation, unlike Christianity, they blended beliefs from different sources without concern for doctrinal purity. Christianity, on the other hand, is open and centered on the truth of God's Word, with followers encouraged to share their faith openly. Any similarities between these mystery religions and Christianity are surface-level, as Christianity stands on the singular truth of Jesus Christ."
Are Mormons Christians?,"Mormons consider themselves Christians, but there are significant differences between their beliefs and traditional Christian teachings. Mormonism, founded by Joseph Smith, holds that God was once a man and that humans can achieve godhood, which contradicts biblical teachings about God’s eternal nature and the uniqueness of Jesus as both fully God and fully man. They also believe in earning salvation through works, whereas Christianity teaches that salvation is a free gift through faith in Jesus alone. While we should treat Mormons with love and kindness, it's important to recognize these fundamental differences."
What does the Bible say about palm reading?,"Palm reading, while not directly mentioned in the Bible, falls under the broader practice of divination, which is strongly discouraged in Scripture. The Bible warns against seeking guidance through such practices, as they are considered detestable to God (Deuteronomy 18:10-12). Instead, Christians are encouraged to trust in God's control over the future and not to worry about things beyond our understanding, but to seek His kingdom and righteousness first (Matthew 6:25, 32-34). Remember, our hope and direction come from God, not from reading palms or predicting the future."
What is religious syncretism?,"Religious syncretism is when different belief systems combine to create a new, blended faith. This often happens when new beliefs are introduced and mixed with existing ones, like when Roman Catholic practices merged with local traditions in South America. While syncretism might create an evolving religious mix, it doesn't align with Christianity, which is based firmly on the teachings of the Bible. The Bible emphasizes a singular devotion to God and salvation through Jesus Christ alone, so altering these core teachings is considered heretical."
What is a chakra?,"Chakras are considered energy points in the body according to Yoga and Eastern mysticism, often linked to spiritual and physical healing practices like acupuncture. Some people experience powerful spiritual sensations through meditation on chakras, but from a Christian perspective, such experiences can be misleading. The Bible cautions against spiritual practices that don't align with the Gospel, warning that experiences outside of God's truth may lead people away from Him. True spiritual enlightenment, according to Christian belief, comes through a relationship with God, not through practices involving chakras."
Why are there so many televangelist scandals?,"Many televangelist scandals arise because some preach the ""prosperity gospel,"" which wrongly claims that God wants everyone to be wealthy and healthy if they give money. This unbiblical message can mislead people into giving for the wrong reasons. Unfortunately, some televangelists misuse donations for lavish lifestyles, which doesn't align with Jesus' teachings. It's important to remember that these individuals don't represent true Christianity, and I encourage you to explore the Bible for the genuine message of love and faith."
What are tarot cards?,"Tarot cards are often used for fortune-telling and trying to see the future through supernatural means, which goes against biblical teachings. The Bible warns us against practices like divination, as seen in Deuteronomy and Leviticus, because they can lead us away from God and even invite harmful spiritual influences. Instead of seeking answers in tarot cards, we are encouraged to trust God with our future, as He alone knows what is to come. When we put our faith in Jesus, we can find peace and hope, knowing that our future is secure in His hands."
What is a heathen?,"The term ""heathen"" originally referred to people or nations that were not Jewish, often implying they were idol worshipers. Over time, the word has evolved to mean ""pagan"" or ""unbeliever,"" sometimes carrying a negative connotation of being uncivilized. However, the Bible encourages us to share Jesus' love with all nations and people, respecting everyone regardless of their beliefs or culture. God cherishes every person, and Jesus offers salvation to all. Our mission is to spread His love and message with warmth and understanding, as we look forward to a diverse and loving community in heaven."
What is a medium?,"In simple terms, a medium is someone who claims to communicate with spirits from the spirit world. The Bible warns against this practice, as it is seen as contrary to God's teachings. These spirits aren't actually deceased loved ones, but deceiving spirits or demons. The story of King Saul and the medium in 1 Samuel 28 highlights the seriousness of this issue. As Christians, we're encouraged to seek guidance from God rather than through mediums or any form of sorcery."
Witnessing to Hindus – what is the key?,"When sharing your faith with Hindus, it's important to approach the conversation with prayer and understanding. Hindus often see the divine in everything, so explaining God's personal nature and love can be challenging. Instead, focus on Jesus as a historical figure and His resurrection, which is unique and significant. Communicate that while Hinduism sees salvation (moksha) as a difficult, uncertain journey, Christianity offers it as a free gift through Jesus' sacrifice. Presenting Jesus as a spiritual ""Guru"" can bridge cultural gaps, and emphasize that salvation is about a personal relationship with God, not losing oneself."
Witnessing to Mormons – what is the key?,"When sharing your faith with Mormons, remember they often feel an internal pressure to be perfect and question their worthiness. Rather than debating doctrines, it’s more effective to empathize with their struggles and gently point out that achieving perfection on their own is impossible. Use Scripture to show that everyone falls short and needs the grace offered through Jesus. Trust that God’s Spirit will work in their hearts, and always share your faith with love and respect, confident in the hope we have in Christ."
What is the meaning of the yin and the yang?,"Yin and yang is a Chinese philosophical concept about how opposite forces are connected and depend on each other, like light and dark or hot and cold. It is closely related to Taoism, which sees the universe as balanced and interconnected and includes practices like tai chi. However, this idea of balance between good and evil is different from Christianity. In Christianity, goodness exists on its own and doesn't depend on evil to be understood or appreciated. God's holiness is perfect and doesn't need evil for contrast."
Witnessing to Jehovah’s Witnesses – what is the key?,"When witnessing to Jehovah’s Witnesses, focus on the person of Jesus Christ. Their beliefs differ significantly from traditional Christianity, especially regarding Jesus' deity and the Trinity. They often see Jesus as a created being rather than fully God. Share your faith lovingly and compassionately, emphasizing the assurance of salvation through Jesus’ finished work on the cross. Be patient and pray for them, understanding they have been deeply taught their beliefs. Use the Bible as your guide, but be aware their translation might differ. Always speak truth in love, keeping the conversation centered on Christ."
What is the all-seeing eye?,"The ""all-seeing eye,"" also known as the Eye of Providence, is a symbol used in various contexts to represent an omniscient presence, often seen as divine or protective. Its depiction as an eye with rays emanating from it can be found in different cultures and religions, from ancient Egypt's Eye of Horus to its use in European Christian art as a symbol of the Trinity. In the U.S., it's famously featured on the dollar bill, symbolizing divine favor on America's founding. While some associate it with Freemasonry or conspiracy theories, in Christianity, it's simply a reminder of God's all-knowing nature, not a source of power."
Should we allow false teachers into our home?,"The book of 2 John advises us not to welcome false teachers into our homes, especially those who deny Jesus as fully God and fully man. While it's okay to share your faith and the truth of Jesus with them, we mustn't give any impression of supporting their beliefs by inviting them in for extended visits or giving them any assistance. It's crucial to stay grounded in truth and be cautious, remembering that, while these individuals may seem sincere, their teachings don't align with the gospel of Christ. Trust in God's wisdom and be discerning when these situations arise."
What does the Bible say about sorcery?,"The Bible is clear that sorcery, which involves spells, speaking to spirits, and divination, is strongly condemned. It's seen as an evil practice that tries to bypass God's wisdom and power, giving glory to Satan instead. From the Old Testament times in Israel to the New Testament teachings of Paul, sorcery is described as sinful and incompatible with a Christian life. God calls it an abomination and warns of judgment against those who practice it. Instead of seeking power through such means, believers are encouraged to rely on God's wisdom and strength, which are far greater."
What does the Bible say about witchcraft / witches?,"The Bible is very clear that witchcraft and related practices are not pleasing to God. It warns against seeking spiritual power or knowledge apart from Him, which can lead to harmful spiritual consequences. Witchcraft is seen as a form of idolatry and a way to be drawn into Satan’s realm. The Bible advises us to rely solely on God for guidance and power, emphasizing that those who follow Jesus have nothing to fear from such practices. Instead, we are encouraged to seek spiritual truth and strength from God alone."
What does the Bible say about divination?,"In the Bible, divination is seen as trying to gain hidden knowledge through supernatural means, and it's associated with the occult, like fortune-telling or using tarot cards. God clearly tells us in Deuteronomy to avoid such practices because they are deceitful and worthless compared to His truth. Divination is considered a sin and not just harmless fun. Christians are encouraged to seek wisdom from God, not from these practices, as they involve evil spirits. Remember, as believers, we can trust God to guide us in wisdom and truth."
What happened in the Maccabean Revolt?,"The Maccabean Revolt was a courageous Jewish uprising against Greek/Syrian rule around 167-160 BC, sparked by Antiochus IV's harsh bans on Jewish religious practices and his defilement of the temple with pagan rituals. Led by the priest Mattathias and his sons, notably Judas Maccabeus, the revolt aimed to reclaim religious freedom and Jewish identity. Through their efforts, they successfully captured Jerusalem and rededicated the temple, leading to the celebration of Hanukkah. Despite ongoing struggles, the revolt laid the foundation for a period of Jewish independence."
What is Kabbalah?,"Kabbalah is a mystical Jewish tradition that emerged between the 6th and 13th centuries. It is believed to offer secret spiritual knowledge about the Scriptures, but its practices, like using numerology for hidden meanings, go beyond the plain, literal interpretation that the Bible encourages. Kabbalah suggests ideas that don't align with biblical teachings, such as God not directly creating the world. It denies core Christian beliefs about Jesus and salvation, which highlight the difference between Kabbalah and Christian doctrine."
What is Orthodox Judaism?,"Orthodox Judaism is a traditional branch of Judaism that focuses on following the Law of Moses, as interpreted by rabbinic tradition. This includes studying sacred texts like the Torah, Mishnah, and Talmud, with the Babylonian Talmud being particularly important. There are two key forms of Orthodoxy: Modern Orthodoxy, which interacts with broader society and values secular education, and Ultra-Orthodoxy or Haredi Judaism, which tends to be more insular and focuses on religious education. It’s essential to remember that each person is unique, so understanding an individual's beliefs and values is important rather than making assumptions based on labels."
What do Jews believe about the afterlife?,"Jewish beliefs about the afterlife vary widely, with no single unified doctrine. Traditional Judaism teaches that after death, souls are judged by God and may go through a cleansing process in a place called Sheol or Gehinnom, somewhat like a temporary purgatory, before entering the World to Come. This process involves reflecting on one’s life and repenting for sins. While some Jews believe in reincarnation or resurrection, secular Jews often see death as the end. Ultimately, Jewish views are diverse, influenced by cultural, mystical, and historical factors."
What is the meaning ofnamaste?,"""Namaste"" is a common greeting in Hindu and Indian culture, often said with a bow and hands pressed together. While it can be as casual as saying ""good morning"" there, it literally means ""I bow to you"" or ""the god in me bows to the god in you."" For Christians, using ""namaste"" can be problematic because it suggests bowing to another as a god, which goes against the belief in only one true God. It's important to understand the meaning behind such expressions to ensure they align with your faith."
What are patron saints?,"In Catholic tradition, patron saints are those who have been recognized for their holiness and are believed to intercede on behalf of people, places, or professions. Folks might ask these saints for help or protection in specific areas, like St. Christopher for travelers or St. Francis for animals. However, the Bible teaches that all believers are considered saints through faith in Christ. We can approach God directly through Jesus without needing any intermediary, as He is our high priest who understands our struggles and intercedes for us."
What is the Sacred Name Movement?,"The Sacred Name Movement teaches that we should only use the Hebrew names ""Yahweh"" for God and ""Yahshua"" for Jesus, and it emphasizes following Old Testament laws. However, the focus on these specific names and practices doesn't align with the New Covenant established by Jesus, which fulfilled the Old Covenant laws. The Bible shows that using different names for God and Jesus in various languages is perfectly acceptable, and salvation is about faith in Christ, not about the exact pronunciation of names or strict adherence to Old Testament laws."
What is Reform Judaism?,"Reform Judaism is a branch of Judaism that seeks to adapt the faith to modern times while maintaining its traditional roots. It values innovation, embraces diversity, and prioritizes ethical living and social justice over strict religious rituals. Unlike traditional Judaism, it places less emphasis on a personal Messiah or a literal resurrection, focusing instead on human efforts to create a better world and living on through good deeds. Reform Judaism places the individual as the ultimate authority, allowing adherents to choose practices that are personally meaningful. It's particularly prevalent in North America."
Should Christians participate in religious festivals of other religions?,"When deciding whether to join in festivals of other religions, Christians should use discernment. Celebrating cultural events, like Irish Fest, is generally fine, as they honor heritage without endorsing religious beliefs. However, participating in festivals tied to other religions can suggest agreement with those faiths, which is spiritually risky. It's important to pray, seek godly wisdom, and consider whether an event primarily honors another faith before deciding. Always aim to act for God’s glory and, if needed, explain your stance kindly to others."
What is a spirit animal?,"The idea of a spirit animal comes from various ancient belief systems and suggests a mystical connection between humans and animals that guide or protect them. However, from a Christian perspective, this is seen as a form of deception and is not compatible with biblical teachings. Christians are encouraged to seek guidance from the Holy Spirit, who empowers and leads them in truth and godly living, rather than turning to spirit animals or similar practices."
How can I help someone to leave a toxic cult?,"Helping someone leave a toxic cult is a delicate process. Start by praying for them, as God can open their eyes to the truth. Build a trusting relationship, showing them your support and readiness to listen. Instead of overwhelming them with information, ask gentle questions that encourage them to think critically about their beliefs. Show them examples of how other cults operate to help them see similarities with their own group. Most importantly, assure them that you will be there for them if they decide to leave, as having a supportive friend or family member can make all the difference in them finding the courage to break free."
What is a priest?,"A priest is someone who acts as a bridge between people and God, performing religious duties and teaching about their faith. In Christianity, things are unique because we believe all believers are priests in a spiritual sense, thanks to Jesus. Unlike other religions where you might need a priest to connect with God, in Christianity, we have direct access to God through Jesus. When Jesus was crucified, it symbolically opened the way for everyone to reach God directly, without the need for animal sacrifices or a human mediator."
What is a synagogue?,"A synagogue is a Jewish place for worship and community gatherings, similar to a church. It became important during Israel’s Babylonian captivity when the temple was unavailable, giving Jews a place to meet for prayer and Scripture reading. By Jesus' time, synagogues were common, and He often taught there, as did Paul and other apostles, using them as starting points for spreading the gospel. After the temple's destruction in A.D. 70, synagogues became central in Jewish worship."
What is the Shema?,"The Shema is a foundational prayer in Judaism, beginning with the word ""hear"" and found in Deuteronomy 6:4-9. It's a call to love God with all your heart, soul, and might, and to teach these words diligently to your children. Jesus referred to the Shema when asked about the greatest commandment, emphasizing the importance of loving God and loving your neighbor as yourself. For Christians, the Shema reminds us to recognize the Lord as the one true God and to respond with wholehearted love and devotion."
Why did God choose Mary?,"God chose Mary to be the mother of Jesus for several reasons. First, she came from the right lineage, tracing back to King David, which fulfilled the prophecy of the Messiah's heritage. She was also engaged to Joseph, whose ancestry required a visit to Bethlehem, fulfilling another prophecy about Jesus' birthplace. Importantly, Mary was a virgin, fulfilling Isaiah's prophecy about a virgin birth, crucial for Jesus' identity. Lastly, being from Nazareth meant Jesus would be humble and relatable, as prophesied. While Mary was a godly woman, her selection highlights God's grace, favoring her for this unique role, not due to her own virtue. Her response to God's call shows her devotion and is a reminder for us to respond to God's call with a willing heart."
What should be our response when a Christian leader renounces the faith?,"When a Christian leader renounces their faith, it's deeply saddening, and it affects many people around them. Our response should be to first examine ourselves and ensure our own faith is genuine. We should also pray earnestly for the leader's restoration and for those affected. It's important to refocus on Jesus, the true constant in our faith, and remember that the gospel remains unchanged despite human failures. Stay encouraged by the good work true believers are doing and keep spiritually strong by connecting with fellow Christians and relying on God's protection."
What is Conservative Judaism?,"Conservative Judaism, or Masorti Judaism outside North America, finds a balance between Orthodox and Reform Judaism, aiming to conserve Jewish traditions while also allowing for change. Unlike Orthodox Judaism, which strictly adheres to traditional laws, and Reform Judaism, which emphasizes personal autonomy, Conservative Judaism values the collective experience and identity of the Jewish people. It emphasizes practices like keeping the Sabbath as an expression of Jewish identity rather than a divine command. This branch appreciates tradition but also adapts to modern needs and values, often resulting in varied beliefs and practices among its followers. While it has been declining in the U.S., it's gaining popularity in Europe."
"What is grounding / earthing, and is it biblical?","Grounding, or earthing, is a practice where people connect physically with the earth, believing it has healing energy. While enjoying nature is perfectly fine and beneficial, some aspects of grounding lean towards spiritual beliefs not rooted in biblical teachings. The Bible cautions against attributing mystical powers to the earth, as this can lead to idolatry, valuing creation over the Creator. Our healing and life ultimately come from God, and we should be careful not to seek spiritual energy from sources apart from Him."
What is the hadith in Islam?,"The hadith in Islam is a collection of oral traditions about Muhammad's life, his opinions, and behavior, shared by those who knew him, like his wives and generals. While the Qur’an is the primary holy text for Muslims, it's less detailed, so the hadith provides the necessary context and guidance for Islamic beliefs and practices. Different Islamic groups may favor various hadith collections, making interpretation subjective. The most respected collections are Sahih Muslim and Sahih al-Bukhari. Much like how interpretations of laws are crucial for understanding a constitution, the hadith helps Muslims interpret the Qur’an."
What is supernaturalism?,"Supernaturalism is the belief that there's more to reality than what science can observe and test. It allows for things like God, angels, and miracles, suggesting that supernatural events are possible. While naturalism assumes everything can be explained by natural processes, supernaturalists recognize that God can work through both natural and miraculous means. Christians, as supernaturalists, believe in a God who created the world with order and can intervene in ways beyond our understanding, like the resurrection of Jesus. This belief doesn't conflict with science, as both realms can coexist to deepen our understanding of God's creation."
I am a Buddhist. Why should I consider becoming a Christian?,"As a Buddhist, you might find Christianity worth considering because it offers a unique perspective on life and the afterlife. Jesus Christ not only taught profound truths but also demonstrated divine power through His resurrection. Christianity provides a personal God who defines morality, offering a solid foundation for ethics, unlike the impersonal nature of karma in Buddhism. Moreover, Christianity addresses sin through the sacrifice of Jesus, offering forgiveness and a relationship with God that transforms lives. This means you can have assurance of eternal life, knowing that you are loved and accepted by a living God. If you're curious, you might pray for guidance and explore the peace and hope Christianity offers."
Who was Harold Camping?,"Harold Camping was a broadcaster and Christian radio personality known for falsely predicting the end of the world multiple times. His teachings, shared through Family Radio, included a mix of allegorical interpretations and date-setting, which ultimately led many followers astray. After his predictions failed, Camping admitted his error, acknowledging that only God knows the timing of the end of times. Family Radio has since distanced itself from his teachings and now focuses on more sound biblical teachings."
What is the Church of Almighty God?,"The Church of Almighty God, also known as Eastern Lightning, is a religious movement that began in China in 1991 and has been banned by the Chinese government. It teaches that God has taken a new form as a woman named Yang Xiangbin, who is believed to be the second coming of Christ. This group views the Bible as outdated and supplements it with their own teachings. They deny the traditional Christian understanding of the Trinity and claim that full salvation can only be achieved by following their doctrines. There have been troubling reports of coercion and violence associated with the group, and it is widely regarded as a cult. Christians are advised to remain cautious and hold firm to the teachings of Scripture."
What does the Bible say about going into debt?,"The Bible doesn't strictly forbid taking on debt, but it does caution against it and encourages us to avoid it when possible. Romans 13:8 reminds us to owe nothing except love, and the Bible warns against becoming enslaved to debt. It's important to handle money wisely and make sure debt payments are manageable. Lending to those in need without charging interest, particularly to the poor, is highlighted as an act of mercy, reflecting God's grace to us. In certain situations, going into debt might be necessary, but it should be approached with care and responsibility."
Should Christians go to doctors?,"Of course, Christians can go to doctors. God has blessed us with intelligence and the ability to develop medicine and treatments, so using these resources is not a lack of faith. Doctors can be seen as a gift from God, helping us heal and recover. However, while we seek medical help, our ultimate trust and faith should remain in God. Always seek His wisdom and guidance in decisions about health."
Should a Christian exercise?,"Yes, a Christian should feel free to exercise. The Bible points out that taking care of our bodies has value, though it reminds us that spiritual growth is even more important. The apostle Paul uses the imagery of athletic training to highlight spiritual truths, suggesting that he viewed exercise positively. We should aim to balance our physical and spiritual health, exercising to care for our bodies without becoming vain or overly focused on appearance."
What does the Bible say about lawsuits / suing?,"In 1 Corinthians 6, Paul advises Christians to avoid suing each other, especially over church matters, as it reflects poorly on our faith and witness. Instead, we should strive to resolve our differences within the church through forgiveness and reconciliation. If disputes cannot be resolved internally, and the biblical process has been followed, legal action might be considered in rare cases. It's important to ensure our motives are pure, and we should seek wisdom and guidance from spiritual leaders before proceeding. Ultimately, our testimony and the spiritual well-being of others should be our top priority, even if it means accepting wrongs against us."
What does the Bible say about how to find purpose in life?,"Finding purpose in life according to the Bible is about honoring God and enjoying a relationship with Him. Solomon, David, and Paul all discovered that true fulfillment comes from knowing and obeying God, rather than focusing solely on worldly achievements. We are meant to glorify God, build good relationships, and have meaningful work. After sin entered the world, this purpose was distorted, but through faith in Jesus, we can restore our fellowship with God and find true joy and purpose."
What does the Bible say about women working outside the home?,"The Bible doesn't forbid women from working outside the home, but it emphasizes prioritizing family responsibilities. In Titus and Proverbs, scripture highlights women who manage their homes well while contributing financially, as long as family needs are met. The key is balance; if working outside the home allows a woman to still nurture her family, it's acceptable. Ultimately, there's freedom in Christ for women to choose what best aligns with their family's needs without judgment."
Does God expect Christians to vote?,"God doesn't specifically command Christians to vote, but exercising the right to vote is an important way to influence society with Christian principles. By voting, we support leaders who might protect our rights to live out and share our faith. It's a responsibility that comes with the freedom many Christians around the world don't have, so it's valuable to pray, seek wisdom, and make informed choices that align with God's Word."
Should a Christian be a vegetarian?,"Being a vegetarian as a Christian is perfectly fine. The Bible shows that Jesus ate fish and lamb, and God gave permission to eat meat after Noah's flood. However, it also teaches that we shouldn't judge others based on their dietary choices. Each person can choose what to eat as long as they do it with gratitude, and we should remember that God accepts us all, regardless of our diet."
What is the Christian view of retirement?,"In the Christian view, retirement isn't about stepping away from God's service; it's simply about changing how we serve. While you might stop your regular job, the call to share your faith and support others remains. Just like the Levites in the Bible, you can assist and guide others in new ways. Enjoying leisure activities is great, but they shouldn't be your life's main focus. Instead, use this time to leave a spiritual legacy, like through prayer and teaching younger generations. As Psalm 71:18 beautifully puts it, our goal should be to continue declaring God's power to those who come after us."
Why do people reject Jesus as their Savior?,"People reject Jesus as their Savior for various reasons. Some believe they are good enough on their own and don't need saving, not realizing that we all fall short without Jesus. Others fear social rejection or persecution, preferring human approval over God's. Some are too attached to worldly possessions and pleasures to consider eternal life with Christ. Lastly, some resist the Holy Spirit's call to faith. While the reasons vary, rejecting Jesus carries serious eternal consequences, as He is the only way to salvation."
Should a Christian see a psychologist / psychiatrist?,"It's perfectly okay for a Christian to see a psychologist or psychiatrist. These professionals can offer valuable support and guidance in mental health. While they won't have all the answers or fully understand God's design like Scripture does, many of them can still provide help from a perspective that respects your faith. It's important to seek out professionals who share your Christian values and ensure their advice aligns with the Bible. Remember, the ultimate guidance comes from God’s Word, and the Holy Spirit uses it to shape us to be more like Jesus."
Should a Christian take anti-depressants or other mental health medicines?,"It's perfectly okay for Christians to take anti-depressants or other mental health medications. God has allowed the advancement of medicine, and using it is not a sin. Medicine can help manage chemical imbalances, which are often part of mental health challenges, but it’s important to remember that healing involves more than just medication. We should also focus on emotional, physical, and spiritual well-being, relying on God as the ultimate healer. This means embracing healthy habits, seeking counseling, and most importantly, growing in our relationship with God. Whether medication is needed temporarily or long-term, it should be part of a well-rounded approach that includes prayer and community support. Always consult with healthcare providers to make the best decision for your needs."
What does the Bible say about a Christian staying single?,"The Bible tells us that staying single can be a special gift from God, just as marriage can be. In 1 Corinthians 7, Paul talks about how being unmarried allowed him to focus entirely on serving God without the additional responsibilities of a family. Jesus also mentions in Matthew 19 that some people choose singleness for the sake of God's kingdom. It's important to remember that being single doesn't make someone less of a Christian; in fact, it can be a special calling. Whether single or married, the key is to seek God's will for your life and serve Him wholeheartedly."
Should a Christian go into business with an unbeliever?,"It's a common concern for Christians to wonder about going into business with an unbeliever. The Bible, particularly in 2 Corinthians 6:14, advises against being ""unequally yoked"" with unbelievers, which implies that Christians and non-believers have fundamentally different values and goals. In business, this can lead to conflicts, as a Christian's aim is to honor God, which may not align with an unbeliever's priorities. Given these differences, it might be wise to avoid such partnerships to prevent inevitable conflicts and ensure that your business practices align with your faith."
Should Christians go to nightclubs?,"As Christians, we're called to live in the world but not be of it. Nightclubs often focus on activities like drinking and pursuing relationships that may tempt us away from our values. The excitement they offer is usually temporary and can lead to spiritual emptiness rather than fulfillment. God desires us to live righteously and find true joy in Him, not in fleeting pleasures. Going to such places might also affect how others view our faith, as our actions should reflect Christ's love and light."
How can I know if the desires of my heart are from God?,"Understanding whether the desires of our hearts are from God starts with recognizing that our natural inclinations can often be selfish or harmful due to our sinful nature. The Bible tells us that our hearts can be deceitful and lead us astray. However, the good news is that God doesn't leave us in this state. When we turn to Him and embrace His guidance, He transforms our hearts, aligning our desires with His. By seeking His will and trusting Him, we allow Him to plant His desires within us, leading our hearts towards what is good and right."
What does it mean to dress modestly?,"Dressing modestly, according to the Bible, is about showing reverence for God and not seeking attention through our appearance. It's about focusing on inner beauty and good deeds rather than outward adornment. This applies to both men and women, encouraging us to let our lives reflect God's love and truth. Modesty also involves respecting others and not causing them to stumble in their faith. Ultimately, our clothing choices should honor God and show consideration for those around us."
How should a Christian view environmentalism?,"As Christians, we're called to care for the earth as good stewards, recognizing it as a gift from God. While we should manage and protect the environment responsibly, it's important to remember that the earth is not eternal. God has a plan for creation, which includes a new heaven and new earth in the future. So, while we care for the planet, our focus should be on serving God's purposes during our time here."
"If you have a lot of debt, can you temporarily stop tithing while paying off the debt?","It's okay to pause your tithing while focusing on paying off debt, as managing debts is an important responsibility. While tithing was part of the Old Covenant, Christians are encouraged to give out of love rather than obligation. Giving should be an expression of love and generosity from the heart, not a strict requirement. If it's truly impossible to keep tithing while paying your debts, it’s understandable to temporarily adjust your giving. Remember, God values a cheerful giver and wants us to care for one another."
"How can I trust God when I am facing unemployment, foreclosure, or bankruptcy?","Facing tough times like unemployment, foreclosure, or bankruptcy can shake our trust in God, but it's also an opportunity to deepen our faith. The Bible reminds us that work is valuable, and while losing a job can be hard, it’s important to keep looking for new opportunities, even if they aren't what we expected. Accepting help from others and focusing on what truly matters—our faith, family, and community—can offer unexpected blessings. Remember, God promises to be with us through our trials, providing what we need and strengthening our faith along the way. Trust that He is walking with you and will see you through this season."
How should a Christian view wealth?,"As Christians, we should view wealth as a tool, not a treasure. While the Old Testament often depicts wealth as a blessing from God to His people, the New Testament shifts our focus to spiritual riches found in Christ. Jesus warns us about the dangers of wealth becoming a distraction from our relationship with God. Instead of seeking earthly riches, we are encouraged to set our hearts on heavenly treasures and trust in God to provide for our needs. Wealth itself isn’t condemned, but our hearts should prioritize God above all else."
How should a Christian view bodybuilding / weightlifting?,"As Christians, it's important to approach bodybuilding and weightlifting with balance. Physical training has some value, as it helps keep our bodies fit, which can be a way to honor God. However, we must be careful not to let it become an obsession or an idol, taking precedence over our relationship with God. If you’re lifting weights to improve health and fitness for God’s glory, that's great. But if it’s driven by vanity or pride, it might be time to reassess your motivations and ensure your focus remains on serving God in everything you do."
How should a Christian respond to bullying?,"When dealing with bullying, the Bible encourages us to respond with love, wisdom, and justice. If you’re being bullied, you might choose to turn the other cheek without retaliating, but it’s also okay to seek help from authorities to protect yourself and others. Christians should stand up for the oppressed and support victims, sometimes stepping in to stop the bullying or offering comfort and assistance afterward. Importantly, we should also pray for bullies, understanding that their actions might stem from their own pain, and we trust God to bring change and healing to both the bullied and the bully. Remember, overcoming evil with good is at the heart of our faith."
What sort of careers can a Christian consider?,"Christians can pursue almost any career, as long as it honors God and doesn't require sinful activities. Whether you're a teacher, lawyer, artist, or businessperson, what's important is serving God through your work. The Bible encourages us to work with all our hearts for the Lord, no matter our job. Pray for guidance, consider your unique talents, and seek advice from those you trust as you explore career paths."
What does the Bible say about circumcision?,"In the Bible, circumcision was initially a sign of God's covenant with Abraham and was required by Jewish law. However, for Christians today, it's not a requirement for faith or salvation. The New Testament emphasizes the importance of having a ""circumcised heart,"" meaning a heart devoted to God. While the decision to circumcise can involve cultural or health considerations, it's not a religious necessity in Christianity. Always consult with a doctor for health-related concerns."
Should Christians be in cliques?,"It's natural to connect with people who share our interests and values, and having close friends is important. However, as Christians, we should be mindful not to let these friendships become exclusive cliques that shut others out. The Bible encourages us to love everyone and not show favoritism. Jesus had close friends, yet He always reached out to others, teaching and serving them. Our friendships should be open and welcoming, reflecting Christ's love for all people. If a group becomes too exclusive, it's wise to reevaluate and ensure it's not causing harm or division within the church community."
Is it wrong to participate in extreme sports?,"Participating in extreme sports isn't inherently wrong from a biblical perspective, as long as it doesn't involve breaking the law or putting yourself in unnecessary harm's way. It’s important to consider your motives and whether your actions honor God. Ask yourself if you're doing it for God's glory or simply for personal thrill and recognition. Some Christians use their involvement in extreme sports as a way to share their faith, which can be a wonderful opportunity to witness to others. Ultimately, it's crucial to weigh the risks and ensure that your actions reflect your values and commitments as a follower of Christ."
Does the Bible say to follow your heart?,"The Bible doesn't actually tell us to follow our heart. Instead, it encourages us to trust in the Lord with all our heart and not rely solely on our own understanding (Proverbs 3:5–6). Our hearts can be deceitful and unreliable, so it's wise to seek God's guidance, as He knows everything and wants the best for us. When we come to faith in Christ, we're given a new heart, but even then, we should prioritize God's will over our own desires (Galatians 5:17). It's about leaning on God's wisdom rather than our feelings."
Should a Christian have hobbies?,"Of course, Christians can have hobbies! They're a great way to relax and enjoy life. What's important is that our hobbies glorify God and don't distract us from Him. They should be a part of our lives that brings joy and gratitude to God, without becoming idols or taking our focus away from our faith. Always ask yourself if the hobby helps you honor God and maintain your relationship with Him."
What does the Bible say about organ donation?,"The Bible doesn't directly address organ donation because it wasn't a practice back then. However, the principles of love and selflessness in Scripture, like ""love your neighbor"" (Matthew 5:43), can support the idea of organ donation as an act of compassion. Some Christians worry about needing a whole body for resurrection, but Paul clarifies in 1 Corinthians 15 that our resurrection bodies are spiritual, not just a reassembly of our earthly ones. It's important, though, to ensure that organ donation doesn't involve ending a life prematurely. Christians can support organ donation if it's done ethically, ensuring the donor is truly brain dead, respecting God's view on the sanctity of life."
Should a Christian be patriotic?,"Being patriotic as a Christian is fine as long as your love for your country doesn’t come before your love for God. It's about finding the right balance—appreciating your nation while ensuring your ultimate loyalty is to God. Romans 13 encourages us to respect and obey our government, and in places like America, participating in the political process can be part of being a good citizen. However, our faith and obedience should always be directed to God first. Even in difficult circumstances, like living under an oppressive government, we are called to pray for our leaders, trusting that God will guide and judge in His time."
How should a Christian view prescription drugs?,"Christians can view prescription drugs as tools God has provided for healing, just as Jesus healed many in His ministry. Scripture doesn’t forbid seeking medical help; in fact, it shows Jesus’ compassion in healing. It’s important to use medicines wisely and be aware of potential risks, avoiding any kind of dependency. Ultimately, taking medication is a personal decision with God, knowing that He is our ultimate Healer and the wisdom He gives to doctors is a gift."
Should a Christian invest money in the stock market?,"Investing in the stock market as a Christian isn't inherently wrong, but it's important to approach it with the right mindset. The key is to avoid a ""get-rich-quick"" attitude, which the Bible cautions against, and instead focus on long-term, wise financial planning. Stocks differ from gambling because they involve buying a share in a company with the potential for growth over time, rather than relying on luck. As long as your investments honor God, align with your values, and don't detract from your commitments to family and others, investing can be a responsible way to manage your resources."
Should Christians stockpile food/supplies in preparation for a possible future disaster?,"It's wise to prepare for the future, but as Christians, our confidence should be in God's provision rather than our own efforts. Jesus taught us not to worry about tomorrow, because God knows our needs and will provide (Matthew 6:25-34). Examples in the Bible show different approaches to preparation—like Joseph storing grain for a famine, and Jesus advising His disciples differently depending on their mission. The key is to seek God's wisdom and be good stewards of what He provides, ensuring our plans are aligned with His will and trusting Him for our security (James 1:5). It's about being prepared but also remembering that ultimately, our trust is in God."
What should a Christian do when convictions violate a tolerant society?,"When Christians find their convictions clashing with society's idea of tolerance, it's important to approach the situation with prayer, ensuring their beliefs are rooted in the Bible, not personal preference. Christians are called to love others and handle conflicts with kindness and patience, even when society may label them as intolerant. True tolerance means living with differences without needing to always approve, and Christians can accept that people sin while still lovingly standing by their beliefs. Above all, they should demonstrate Christ’s love and truth in every situation."
Should a Christian take a vacation?,"Taking a vacation is not only permissible for Christians, but it's also important. The Bible emphasizes the need for rest and refreshment. God set a precedent for rest after creation, and Jesus himself took time to rest and encouraged His disciples to do the same. Vacations can be a time to recharge and trust in God's provision. However, it's also important to be wise stewards of our finances and time, ensuring our vacations align with our responsibilities and resources. Ultimately, whether simple or elaborate, vacations should be done in a way that honors God."
Who should I donate to?,"When deciding where to donate, consider a few key points. Choose organizations that uphold the gospel and are effective in their mission, using resources wisely. Look for transparency in their finances and leadership. Pray for God's guidance to find causes that align with His heart and your passion. Remember, giving is a personal decision, so trust God and give cheerfully, knowing your generosity can make an eternal impact."
What does the Bible have to say about holistic medicine?,"The Bible encourages us to care for our bodies as the temple of the Holy Spirit, which aligns with the goal of holistic medicine to promote overall well-being (1 Corinthians 6:19-20). Scripture mentions various natural treatments like bandages, oils, and salves that could be seen as part of a holistic approach (e.g., James 5:14, Luke 10:34). While many principles of holistic medicine can benefit Christians, it's important to be cautious. Some practices, like ""energy medicine"" or transcendental meditation, conflict with biblical teachings and could be spiritually harmful. As Christians, our focus should always be on God’s Word and Jesus Christ, the Great Healer."
Is it wrong to take pain medication?,"It's not wrong for Christians to take pain medication when it's prescribed by a doctor and used responsibly. The Bible doesn't forbid the use of medicine; in fact, it's seen as a blessing that can help alleviate pain and illness. The key is to avoid abusing these substances, as that can lead to harm and go against our responsibility to care for our bodies. Medicine, including pain relievers, should be used wisely as a tool that God has provided to help us deal with the effects of illness."
Is it right for a Christian to be involved in martial arts?,"It's generally okay for Christians to participate in martial arts, especially since many modern schools focus on physical technique rather than spiritual teachings. However, it's important to be cautious and make sure the training doesn't involve non-Christian spiritual practices, as these could conflict with your faith. Most martial arts schools operate in a spiritually neutral way, and some even incorporate Christian principles, making it possible for believers to engage with a clear conscience. Just ensure that any training aligns with your beliefs and does not lead you away from focusing on Jesus."
What does the Bible say about getting a sex change?,"The Bible doesn't directly address sex changes, but it emphasizes that God created us male and female, reflecting His design (Genesis 1:27-28). While it views gender as significant, all people are valued for who they are beyond just their gender. For those wrestling with gender identity, the Bible offers hope and healing through Jesus. Intersex conditions, which are rare, might require medical intervention to address physical issues, but this is different from sex-change surgery. Ultimately, true freedom and identity are found in a relationship with God."
"Should a Christian use social media/networking tools (Facebook, Twitter, Pinterest, Instagram, etc.)?","As Christians, using social media can be both a blessing and a responsibility. It's a tool that can help us share God's love and truth with a wide audience, reconnect with friends, and even find new opportunities to share our faith. However, we should be mindful of the potential downsides, like the risk of becoming self-centered or careless with our privacy and time. It's important to always act wisely, being accountable to others and ensuring that our online presence reflects Christ's love and encourages others, just as Hebrews 10:24-25 encourages us to spur each other on toward love and good deeds."
Can a Christian consider a career in acting / entertainment?,"Yes, a Christian can consider a career in acting or entertainment, but it requires careful thought and prayer. It's important to choose roles that honor God and avoid those that glorify sin. The entertainment industry can expose one to challenging lifestyles, so maintaining strong Christian values and seeking godly advice is crucial. Ultimately, whatever you do, aim to glorify God and be mindful of the impact your choices have on yourself and others."
I am a Christian in debt. What should I do?,"If you're struggling with debt, the first thing to do is pray for God's wisdom and avoid letting worry consume you. Start by reducing your lifestyle expenses to the essentials and prepare a strict budget to help manage your finances. It's important to honor God by giving cheerfully, as determined in your heart. Seek advice from a pastor or Christian financial counselor, and contact your creditors to work out a manageable payment plan. Commit to maintaining financial discipline, with the Holy Spirit's help, and consider having an accountability partner to support you. Begin today, and trust that, with commitment and prayer, you can overcome your debt. Always remember to give thanks to God in all circumstances."
What does the Bible say about law enforcement / the police?,"The Bible emphasizes God's desire for justice and the enforcement of law as part of maintaining peace and righteousness in society. While ancient times didn't have modern police, there were roles like watchmen and judges to uphold justice. Romans 13 highlights that government authorities, including today’s police, serve as God’s agents to uphold the law and protect the community. So, a Christian in law enforcement is fulfilling a noble calling, acting as God's servant to promote justice and peace."
Should a Christian wear perfume / cologne?,"Wearing perfume or cologne as a Christian is perfectly okay; it's not sinful. The Bible mentions fragrances positively, like in Esther and Ruth's stories, where scents were used for beauty and enjoyment. However, it's important not to be vain or overdo it, and to be mindful of others' sensitivities. Ultimately, our goal should be to present ourselves as representatives of God's love, embracing good grooming and hygiene as part of that."
How should a Christian respond to contracting a sexually transmitted disease (STD)?,"If a Christian contracts an STD, it's important to remember that God’s love remains constant, regardless of the circumstances. For those who contracted it innocently, such as through a spouse’s infidelity, feelings of hurt and betrayal are normal. Seeking medical help and counseling can be vital, and forgiveness, though challenging, is a key part of healing. For those who contracted an STD through their own choices, repentance and turning back to God is crucial. An STD can serve as a reminder of the consequences of sin, but it also highlights God's grace and forgiveness. Trusting in God’s ability to bring good from even painful situations can lead to a deeper faith and testimony, showing that despite our mistakes, we can still live victoriously in Christ."
Financial crisis - what’s a Christian to do?,"When facing a financial crisis, it's important for Christians to remember that everything we have comes from and belongs to God. This mindset can provide peace and freedom, knowing that God is in control, even in tough times. We're called to use our talents and resources not just for ourselves, but to honor Him. Jesus spoke a lot about wealth because He understood its pull on us, and it's crucial to keep our focus on serving God rather than money. Trust in God's provision, live within your means, and keep praying, as He will supply all your needs."
Why should I not have an abortion?,"Facing an unplanned pregnancy can be incredibly tough, and the decision about abortion is deeply personal and complex. From a Christian perspective, life is sacred and begins in the womb, making abortion the taking of innocent life. God values every human being because we are all His creations, and only He should decide when life ends. While abortion is serious, it’s not beyond God’s forgiveness; through Jesus, anyone can find peace and healing. It's important to seek support, and there are resources available to help guide you through this challenging time."
Is it wrong for a Christian to be a fan of superhero fiction?,"It's not inherently wrong for Christians to enjoy superhero fiction. Many superhero stories can teach valuable lessons about right and wrong, teamwork, and responsibility. However, it's important to be mindful of the content, as some stories may include violence or themes not suitable for all ages. As with any media, it's wise to approach it with discretion, ensuring that what you watch aligns with biblical values and doesn’t interfere with your spiritual walk. Remember, superheroes are fictional, and unlike them, Jesus is real and has already conquered sin and death for us."
Is “you only live once / YOLO” something a Christian should live by?,"The idea of ""YOLO"" suggests we should do whatever we want because we only live once. While it's true that our time here is limited, the Bible encourages us to live wisely and with purpose. Instead of chasing every thrill, we should enjoy life with gratitude and seek to honor God in what we do. Life isn't just about experiences; our choices have lasting consequences. By following God’s guidance, we can make the most of our time while living a meaningful life."
What is the value of attending a Christian university?,"Attending a Christian university can be a wonderful option for Christian students because it immerses them in a supportive environment that values the Bible and a Christian worldview. You'll find role models in Christian professors who can positively influence your faith journey, unlike some secular universities where Christian values might not be upheld. These universities also provide opportunities for spiritual growth through chapel services, Christian clubs, and connections with other believers. While it's not the path for everyone, it can be a wise choice for those wanting their higher education to align with their faith and values."
Should Christians use mediation to settle disputes?,"Mediation can be a great way for Christians to settle disputes peacefully and avoid the stress and cost of going to court. It allows everyone involved to be heard and work towards a mutual agreement. The Bible supports this approach, as seen in examples like Moses, Paul, and even Jesus Himself, who is our ultimate mediator. So, when conflicts arise, seeking mediation can often lead to a better resolution and maintain harmony."
Should a Christian pledge allegiance to the flag?,"Pledging allegiance to the flag is not inherently sinful for a Christian, as long as it doesn't take away from our commitment to Jesus. It's essentially a promise to be a good citizen and to show respect and honor to the country, which aligns with Christian teachings about respecting authorities, as mentioned in Titus 3:1 and Romans 13:7. The Bible suggests that as long as government laws don't conflict with God's Word, Christians can follow them, and pledging loyalty to the nation is a part of that respect. Remember, this is a solemn promise to your country, not an oath that replaces your devotion to God."
"What are vision boards, and are they biblical?","Vision boards are tools to help focus on personal goals by displaying images and affirmations of what one desires in life. While they can be useful for motivation and focus, there's a concern that they may encourage self-focused thinking rather than seeking God's will. In Christian faith, it's important to align our desires and affirmations with God’s Word and His plan. Vision boards can be helpful if they remind us of God's purposes and we're open to His guidance, but they shouldn't replace or overshadow our reliance on God."
How should a Christian respond to jury duty?,"As Christians, when called for jury duty, it's important to see it as part of our responsibility to the governing authorities established by God, as mentioned in Romans 13. Unless it conflicts with our conscience, like involvement in a death penalty case for some, we should participate respectfully. Approach this duty with reverence and humility, praying for wisdom and seeing it as an opportunity to represent Jesus. Even in the mundane moments, your presence can reflect God's love and have a meaningful impact."
Is the paleo diet biblical?,"The paleo diet isn't specifically biblical, and there's no command in Scripture for Christians to eat a certain way. The Bible teaches that dietary restrictions were lifted, and we are free to eat as our conscience allows. While it's important to care for our bodies, we shouldn't assume that following a specific diet makes us holier or closer to God. Our focus should be on eternal spiritual matters rather than temporary food trends. If you feel led to follow a particular diet, that's fine, but remember that what truly matters is what comes from the heart."
"What are life’s biggest questions, and how does the Bible answer them?","Life's big questions like ""Does God exist?"" and ""What is my purpose?"" are beautifully addressed in the Bible. It opens with ""In the beginning God..."" affirming His existence and reveals His loving and holy nature throughout. We learn that we're created in God's image, meant to live in harmony with Him and each other. Pain and suffering stem from humanity's initial disobedience but God offers redemption and joy through Jesus, showing us how to live meaningfully even amid evil. As for life beyond, the Bible assures us that those reconciled to God through faith in Christ will dwell with Him eternally, while history itself is moving toward a restored creation."
Should we trust our feelings?,"Trusting our feelings can be tricky because they can often lead us astray. The Bible reminds us that our hearts can be deceitful and that we're better off putting our trust in God rather than our own understanding or emotions. While feelings can sometimes align with the Holy Spirit's work, it's important to discern whether they're truly from God or just our own desires. God’s Word is a constant guide, and by seeking Him wholeheartedly, He will make our paths straight. So, lean on Him rather than your emotions, and He will provide for all your needs."
What does the Bible say about steroids?,"The Bible doesn't specifically mention steroids, but it does give us guidance that can apply to their use. For non-medical purposes, like boosting athletic performance or muscle growth, using steroids can be problematic for Christians. According to the Bible, we should follow the law, take care of our bodies, and avoid vanity. Steroids without a prescription are illegal, and using them for vanity or sports gains can harm our health and draw us away from honoring God with our bodies. So, it's best for Christians to steer clear of using steroids in these ways."
How should a Christian respond to Hollywood?,"When it comes to Hollywood, Christians should approach it with discernment and a heart aligned with God's values. Hollywood often showcases materialism and lifestyles that can lead us away from the true joy and contentment found in Christ. It's essential to be mindful of what we watch and how it influences us, ensuring our entertainment choices honor God. Ask yourself if you'd be comfortable sharing your viewing choices with Jesus, and remember to focus your heart and mind on things that reflect His goodness and truth."
What is SoulCycle? Should a Christian participate in SoulCycle?,"SoulCycle is a popular fitness program known for its energetic spin classes with a spiritual twist, as it creates a sanctuary-like setting. While exercise is a good thing, SoulCycle's focus on self-discovery and finding one's soul is misleading from a Christian perspective. Our souls need saving through Jesus, not discovering through a workout. It's important for Christians to enjoy fitness but remain discerning, ensuring their spiritual journey is grounded in Christ, who truly fulfills our souls."
Is it wrong to do charitable giving for tax deduction purposes?,"It's all about your heart's intention when giving. If you're donating just for a tax deduction, that might not align with the spirit of generosity God desires. However, if your motives are pure and you're supporting God's work, there's nothing wrong with benefiting from the tax deduction—it’s a wise use of the resources God has given you. Jesus teaches us to give sincerely and privately, without seeking recognition, but using a tax benefit is simply being a good steward of what you have."
How should a Christian respond to chain letters?,"Chain letters and messages, whether shared by mail or online, often rely on superstition or fear to spread, promising rewards or misfortune. As Christians, it's important to be discerning and not to part-take in spreading these messages without verifying their truth. Before sharing, ask yourself if it’s true, coercive, superstitious, or a substitute for genuine faith. True Christian witness involves more than just forwarding a message; it’s about sharing genuine faith and love. We’re called to be wise and share our faith thoughtfully and authentically."
"Does the Bible tell us, “Don’t waste your life”?","While the Bible doesn't explicitly say ""Don't waste your life,"" it teaches us to live with purpose by loving God and others wholeheartedly. True success isn’t found in wealth or fame but in following God's will and acting justly, loving mercy, and walking humbly with Him. Jesus teaches that gaining the world but losing oneself is a tragedy, so we should seek to honor God in all things. In giving our lives to Christ, we find true fulfillment, knowing that living for Him is never in vain."
Should Christians go on a pilgrimage to Jerusalem?,"Christians aren't required to make a pilgrimage to Jerusalem, as our salvation isn't based on any act but on God's mercy (Titus 3:5). Visiting the Holy Land can be meaningful, as it brings the Bible to life, but it's important to remember it doesn't change our standing with God (Ephesians 2:8-9). Before planning such a trip, consider your finances and motives. Ensure you're not seeking to earn grace or falling into idol worship of relics. If approached wisely, a trip to Jerusalem can be a wonderful experience but should not be viewed as a necessity for faith."
What does the Bible say about how you should treat others?,"The Bible teaches us to treat others the way we want to be treated, known as the Golden Rule, from Matthew 7:12. Essentially, it means being honest, kind, and loving, just as we want others to be towards us. Jesus summed it up with two key commandments: love God with all your heart, and love your neighbor as yourself. By doing this, we naturally follow God’s laws. Like Jesus, who set aside His divine rights to connect with us, we should set aside our preferences to truly care for others, allowing love to guide our actions."
Should a Christian join a militia?,"As Christians, our actions should reflect Jesus' teachings, focusing on God's kingdom rather than earthly conflicts. Jesus didn't advocate for joining militias, and the Bible encourages us to submit to government authorities unless it requires us to disobey God. When faced with government actions we disagree with, prayer and living out our faith are more powerful than taking up arms. Instead of joining militias, our mission remains the Great Commission—sharing the love and message of Jesus with the world. Remember, Jesus will return to make all things right, so we trust in His ultimate justice."
How can a Christian avoid being a diva?,"To avoid being a diva, Christians should focus on humility and serving others, just like Jesus did. Pride and self-importance can sneak into our lives and make us demanding or difficult. Instead, we should strive to be others-focused, valuing Christ’s importance over our own, and be willing to serve in quiet ways that don’t attract attention. By confessing our pride to God and seeking His help, we can cultivate a servant's heart and live in a way that honors Him. Remember, God favors the humble and opposes the proud, so let's aim to reflect Christ’s humility in our actions."
Who were the twelve (12) disciples / apostles of Jesus Christ?,"The twelve disciples, also known as apostles, were the group of men who followed Jesus closely during His time on earth. They included Peter, Andrew, James, John, Philip, Bartholomew, Thomas, Matthew, James son of Alphaeus, Thaddaeus, Simon the Zealot, and Judas Iscariot, who was later replaced by Matthias after his betrayal. These men came from various backgrounds, such as fishermen and a tax collector, and though they were ordinary people with their own struggles and doubts, they were transformed by their time with Jesus. After His resurrection and ascension, they were empowered by the Holy Spirit and went on to spread His message, greatly impacting the world."
Why do Jews and Arabs / Muslims hate each other?,"The tension between Jews and Arabs, often linked with Muslims, is complex and deep-rooted. Historically, it traces back to Abraham's sons, Isaac and Ishmael, whose descendants are the Jews and Arabs, respectively, leading to familial rivalry. Religious differences also play a role, as Islam and Judaism have differing views on the lineage of Abraham's promise. Politically, the situation intensified when Israel was established in 1948, leading to conflict over land and national identity. While there's no simple fix, it's important to pray for peace and understanding, as Psalms suggests. Remember, not all Jews and Arabs harbor animosity toward each other, and it's essential to avoid stereotyping."
Do Christians have to obey the laws of the land?,"As Christians, we're called to respect and obey the laws of the land because God has placed those authorities over us to maintain order and justice. However, if a law directly contradicts God's commands, our priority should be to follow God, even if it means facing consequences. We see this example in the Bible when Peter and the apostles chose to obey God over human laws but still respected the governing authorities, accepting whatever repercussions came their way."
Why did God choose Israel to be His chosen people?,"God chose Israel not because they were the biggest or most powerful, but because of His love and promises to their ancestors. They were meant to be the people through whom Jesus, the Savior, would be born. Besides bringing the Messiah into the world, Israel was also intended to teach others about God, acting as a light to the nations. While they struggled with this task, God's purpose through them was fulfilled in Jesus Christ."
Does God still give visions to people today?,"Yes, God can still give visions today, but it's not something we should expect to happen regularly. In the Bible, visions were a way God communicated His messages to people. While there are reports of visions bringing people closer to the gospel, especially in areas with little Christian presence, we must be cautious. Any vision must align with the Bible, as Scripture is our complete guide. Our main focus should always be on Jesus and His teachings, not on personal experiences or visions."
Does the Bible condone slavery?,"The Bible doesn't outright condemn slavery, but it does set guidelines for fair treatment and eventual freedom, especially in the Old Testament. In those times, slavery was a part of society, and while the practice wasn't abolished, the Bible introduced laws for humane treatment, which was revolutionary for that era. In the New Testament, while Jesus and the apostles didn't call for the immediate end of slavery, the teachings of love and equality sowed the seeds for eventual emancipation. Christianity focuses on changing hearts, and through transformed lives, societal changes like the end of slavery naturally followed."
Is there such a thing as absolute truth / universal truth?,"Yes, there is such a thing as absolute truth. While some believe everything is relative and depend on individual perspectives, others argue that without absolute truths, like the laws of science or moral standards, our world would descend into chaos. Our human conscience, scientific principles, and religious beliefs point to these universal truths. The Bible teaches that absolute truth exists and is ultimately found in God, who revealed Himself through Jesus Christ, the embodiment of truth."
What is the Christian view of psychics / fortune tellers?,"In Christianity, psychics and fortune-tellers are seen as practices that go against God’s teachings. The Bible is clear that such activities are linked to spiritism and the occult, which are not from God, but rather from deceptive forces. Often, information obtained through these means is either gathered through ordinary methods or influenced by demonic entities. God encourages us to seek guidance directly through prayer and studying the Bible, which provide wisdom and understanding aligned with His will."
Why did God command Abraham to sacrifice Isaac?,"God's command for Abraham to sacrifice Isaac was a profound test of faith, showing the depth of Abraham's trust and obedience. It demonstrated faith in action, as Abraham obeyed without hesitation, trusting God to provide. This event also foreshadowed God's ultimate sacrifice of His own Son, Jesus, through parallels like the location and the idea of a beloved son being offered. In the end, God provided a ram as a substitute, revealing Himself as Jehovah-Jireh, the Lord who provides. This story highlights the essence of faith, obedience, and God's provision."
What does the Bible mean by binding and loosing?,"When Jesus talked about ""binding and loosing"" in Matthew 16:19, He was giving the apostles, starting with Peter, the authority to teach and guide the early church according to God's will. This meant they could declare what was permitted or forbidden, reflecting decisions that were already determined in heaven. It’s not that they changed God’s mind, but rather, they were fulfilling His plans on earth. This authority was important for church discipline and guiding believers in their faith."
What were the Christian crusades?,"The crusades were a series of wars from the 11th to 13th centuries where people claiming to be Christians tried to reclaim land in the Middle East from Muslims. Unfortunately, many actions during these crusades were cruel and deeply opposed to true Christian teachings. The crusades are a complex part of history where the name of Christ was misused, and today, we should remember that these actions don't reflect the core message of Christianity. It's important to see these events in historical context and not hold modern Christians responsible for them."
What is the Great Commission?,"The Great Commission, found in Matthew 28:19-20, is Jesus' command for His followers to make disciples of all nations. This involves going out, baptizing people, and teaching them to obey Jesus' teachings. It's about helping others become followers of Christ, empowered by the Holy Spirit, as we share the good news worldwide. The heart of this mission is God's desire for everyone to know the truth and be saved."
What happened in the intertestamental period?,"The intertestamental period, spanning the time between the Old and New Testaments, was a time of significant change for Israel. It began after the prophet Malachi, around 400 BC, and lasted until John the Baptist's preaching, around AD 25. During these ""400 silent years,"" there were no prophets, but the region saw the rise and fall of various empires, starting with the Persians, then the Greeks under Alexander the Great, and finally the Romans. Each empire influenced Jewish culture and religion, with Greek and Roman cultures mixing with Hebrew traditions.

This period also saw the emergence of groups like the Pharisees and Sadducees. Under Roman rule, the Jews were longing for the Messiah, and many were ready for a change, as both Jews and Gentiles began seeking something more than their current religions offered. The stage was set for Jesus' arrival, fulfilling prophecies and bringing hope to both Jews and Gentiles, as the gospel began to spread across a world connected by Roman roads and a common language."
Should Christian women wear makeup or jewelry?,"When it comes to wearing makeup or jewelry, it's more about the heart and intentions than the items themselves. The Bible encourages women to focus on inner beauty and good deeds, rather than outward appearances. It's not wrong to wear these things as long as they're done modestly and don't become a distraction from worshiping God or serving others. The key is to prioritize spiritual life and humility over vanity."
What does it mean to have a personal relationship with God?,"Having a personal relationship with God starts when we acknowledge our need for Him, admit our sins, and accept Jesus as our Savior. It's about inviting God into our everyday lives—talking to Him through prayer, seeking wisdom, and learning more about Him through the Bible. Jesus bridged the gap between us and God, and when we trust in Him, the Holy Spirit comes to guide and help us. Over time, this relationship grows, bringing us closer to God's love and peace."
Should a Christian listen to secular music?,"Deciding whether to listen to secular music comes down to considering a few key things: the purpose of music, the style, and the content of the lyrics. Music can be for worship, but it can also entertain and soothe, which the Bible acknowledges. There's no biblical rule against any music style, so it's really about personal and cultural preferences. What's really important is the lyrics—do they reflect truth and goodness like Philippians 4:8 suggests? If a song promotes values that align with God's, it can be a good listen, even if it's secular. However, if a song glorifies things that oppose God, it's best to avoid it. Ultimately, what fills our minds influences our actions, so choose music that uplifts and glorifies God."
What was the significance of the temple veil being torn in two when Jesus died?,"When Jesus died, the temple veil tearing from top to bottom was a powerful symbol. It showed that His sacrifice was enough to atone for our sins, opening the way for everyone to come into God's presence directly. Before this, only the high priest could enter the Holy of Holies once a year, but now, through Jesus, we all have access to God. This moment marked the end of the old religious system and the beginning of a new covenant where Jesus is our High Priest, and through Him, we can confidently approach God."
What is Zion?,"Zion is often referred to as the ""city of God"" and is synonymous with Jerusalem, particularly the hill where King David built his fortress. Initially, Zion was a specific fortress in Jerusalem, but over time, its meaning expanded to include the temple area and even the entire city. Spiritually, Zion represents God's kingdom and His people. In the New Testament, it is seen as the heavenly Jerusalem. Despite current disputes over its location, the Bible promises that Zion will one day be fully restored and belong solely to the Lord Jesus."
Christian archaeology – why is it important?,"Christian archaeology is crucial because it helps us understand and validate the historical and cultural context of the Bible. By studying ancient sites and artifacts, archaeologists can fill in gaps and confirm details from biblical texts, offering evidence that supports the Bible's historical accuracy. Despite some attempts to challenge biblical accounts, Christian archaeologists have consistently helped verify many biblical events. Their work serves as a tool to strengthen our faith and answer questions about the Bible's truthfulness."
Can a Christian be cursed?,"As Christians, we don't need to worry about being cursed. The Bible assures us that any curse without a reason has no power over us because God has blessed and justified His children. Curses, spells, and any form of witchcraft have no hold on us because we are under God's protection and His Spirit lives within us. Satan and his schemes are no match for God's power, so we can live in confidence and freedom, knowing that God is our strength and salvation."
Who were the early church fathers?,"The early church fathers were influential figures in Christian history, and they are grouped into three categories: apostolic, ante-Nicene, and post-Nicene. Apostolic fathers, like Clement of Rome, were direct followers of the apostles, focused on maintaining the purity of the Gospel. Ante-Nicene fathers, such as Irenaeus and Ignatius, defended the faith against false teachings before the Council of Nicea in A.D. 325. Post-Nicene fathers, like Augustine and Jerome, contributed to the development of church doctrine but sometimes drifted from earlier orthodoxy. They all sought to uphold and protect the Christian faith, though they were not perfect and had differing beliefs. It's important to remember that while their writings offer valuable insight, our ultimate faith should rest in the Word of God."
Why did Judas betray Jesus?,"Judas betrayed Jesus for a few reasons. He never truly believed in Jesus as Lord, often seeing Him only as a teacher. Judas also had a weak personal relationship with Jesus and was consumed by greed, even stealing from the group's funds. He might have hoped Jesus would lead a political rebellion against Rome, and when Jesus made it clear He would die instead, Judas was disillusioned. Though Judas' betrayal was known to God and fulfilled prophecy, he still had the choice, and he was held accountable for his actions. Despite Satan's influence, Judas had the responsibility for his betrayal."
"What does it mean that Jesus fulfilled the law, but did not abolish it?","When Jesus said He came to fulfill the law and not abolish it, He meant that His life and work completed and embodied the purpose of the Old Testament laws and prophecies. Jesus perfectly followed the moral laws, lived out their teachings, and through His death fulfilled the ceremonial aspects that pointed towards Him. This doesn't mean the laws are invalid, but rather that He completed their purpose, showing us a new way through His example. Now, as Christians, we live under the law of Christ, focusing on faith and grace, rather than the old law's strict regulations."
Are we to love the sinner but hate the sin?,"The phrase ""love the sinner, hate the sin"" isn't directly from the Bible, but the idea is there. We are called to show mercy and love to others while recognizing sin as something destructive that we should avoid and speak against. God uniquely loves perfectly, hating sin without malice and loving sinners through grace and forgiveness. As humans, we're encouraged to respect and pray for others, sharing God's love while being honest about sin's consequences. It's truly loving to help someone turn away from sin and towards the life God offers."
What were the different missionary journeys of Paul?,"Paul, once a fierce opponent of Christianity, became one of its most dedicated missionaries after meeting Jesus on the road to Damascus. He embarked on three major journeys to spread the message of Jesus across Asia Minor and Europe. During his first journey, Paul, with Barnabas, focused on preaching to both Jews and Gentiles, often facing rejection and persecution. On his second journey, he formed a new team with Silas and brought the gospel to Europe, founding churches and making disciples like Timothy and Lydia. His third journey was marked by miracles and opposition, yet he continued to strengthen the believers and spread the gospel. Throughout all his journeys, Paul's commitment was to share the grace of God and establish the church, a mission that came with great personal sacrifice yet had a profound impact on the Christian faith."
Why did God harden Pharaoh’s heart?,"God hardening Pharaoh's heart might seem puzzling, but it's a story of divine justice and mercy. Pharaoh was a cruel ruler who enslaved the Israelites and committed terrible acts. He repeatedly hardened his own heart against God's commands even before God intervened. By hardening Pharaoh's heart further, God allowed the plagues to showcase His power and bring about the Israelites' freedom, demonstrating mercy by not completely destroying Egypt. God's actions were just, considering Pharaoh's and Egypt's longstanding sins. Ultimately, it was about showing God's glory and fulfilling His purpose."
What are the differences between the Sadducees and Pharisees?,"The Pharisees and Sadducees were two influential Jewish groups during Jesus' time. The Pharisees believed in the resurrection, the afterlife, angels, and placed importance on oral traditions alongside Scripture. In contrast, the Sadducees did not believe in the resurrection or an afterlife, focusing instead on a literal interpretation of Scripture alone. The Sadducees were often wealthier and held powerful positions, while the Pharisees were more connected to the common people. Despite their differences, they united against Jesus when they saw Him as a threat. After Jerusalem's fall, the Sadducees disappeared, but the Pharisees' influence continued, shaping modern Rabbinic Judaism."
How does psychology work with biblical counseling?,"Biblical counseling and secular psychology approach helping people in fundamentally different ways. Biblical counseling relies on Scripture for guidance, believing the Bible alone can address spiritual issues and transform lives through a relationship with God. In contrast, secular psychology often focuses on humanistic ideas and self-improvement without recognizing the spiritual dimension. While some Christian counselors may combine both approaches, biblical counseling remains centered on God's Word, emphasizing spiritual growth and healing through Christ."
What does the Bible mean by “you are gods” / “ye are gods” in Psalm 82:6 and John 10:34?,"In Psalm 82:6, the term ""gods"" refers to those who hold authority, like judges, as a reminder that they must act justly because they will eventually face God's judgment. When Jesus uses this in John 10:34, He's pointing out that if Scripture calls certain human authorities ""gods,"" it's not blasphemous for Him to call Himself the Son of God, given His unique divine mission. Jesus is emphasizing that His claim is consistent with Scripture, underscoring His divinity. This doesn't mean humans can become gods—it reminds us of our accountability to God."
How can I experience healing and recovery after an abortion?,"Experiencing healing and recovery after an abortion is possible, and it begins with knowing that God offers forgiveness to anyone who seeks it. Even if you're feeling guilt or regret, remember that God is full of love and ready to forgive us when we turn to Him. Romans 3:22 assures us that we are made right with God when we trust in Jesus. It's important to recognize that while an abortion cannot be undone, it is not unforgivable. God invites you to experience His peace and healing, allowing you to grow stronger and perhaps even help others through your experience. You might also consider reaching out for Christian counseling or resources like Found & Woven to support you on this journey. Remember, God’s love and forgiveness are always available."
What does the Bible say about anointing oil?,"Anointing oil in the Bible was mainly used in the Old Testament to set people and things apart as holy, like the high priests and the tabernacle. It was made with specific ingredients and was not to be used for personal purposes, emphasizing God's holiness. In the New Testament, anointing with oil is mentioned in the context of healing and worship, but there's no command for Christians to use it today. However, using anointing oil isn't forbidden either, and it can serve as a reminder of the Holy Spirit's presence and work in our lives."
What is the Ark of the Covenant?,"The Ark of the Covenant was a sacred chest made by the Israelites under God's instructions. It housed the stone tablets of the Ten Commandments, a jar of manna, and Aaron's staff, symbolizing God’s covenant with Israel. The ark was also topped with a ""mercy seat,"" a significant feature where the high priest would sprinkle blood for the atonement of sins once a year. This act foreshadowed the ultimate atonement through Jesus Christ. While the ark played a central role in Israel's history, its final fate remains unknown, but it reminds us of God's holy presence and promises."
Are there any black people mentioned in the Bible?,"Yes, the Bible does mention black people, though it doesn't focus on anyone's skin color. Skin color is not important to the Bible's message, which is more concerned with the heart. There are a few references to people who may have been black, like Moses’ wife Zipporah, the Ethiopian eunuch, and the Queen of Sheba. Ultimately, God's love and the invitation to salvation is for everyone, regardless of their skin color."
What is the day of Pentecost?,"The Day of Pentecost is a profound moment in Christian history, marking the birth of the Church. Originally a Jewish festival known as the Feast of Weeks, it occurred fifty days after Passover. On this day, as described in the book of Acts, the Holy Spirit descended on the disciples, symbolized by wind and tongues of fire, signifying God's presence and power. This event empowered the disciples to speak in different languages, allowing them to share the message of Jesus with people from diverse backgrounds. Peter's bold sermon that day led to the conversion of about three thousand people, illustrating the Spirit's transformative power and the beginning of the church's mission."
What is the Dome of the Rock?,"The Dome of the Rock is a significant Islamic shrine in Jerusalem, built on the Temple Mount, known as Mount Moriah in the Bible. It's a place of deep historical and religious significance for Muslims, Jews, and Christians. Muslims believe it's where the Prophet Muhammad ascended into heaven, while Jews and Christians connect it to Abraham's willingness to sacrifice Isaac and as a possible site of the Holy of Holies from the Jewish Temple. The site is highly contested due to its importance to multiple faiths, making it a focal point for religious and political tensions today."
Why did God send an evil spirit to torment King Saul?,"God allowed an evil spirit to trouble King Saul as part of His judgment for Saul's disobedience. This was not just a random act; it served a purpose in God's plan. It opened the door for David to enter Saul’s life, eventually becoming a comforting presence and paving the way for his future as king. Evil spirits, like the one tormenting Saul, are ultimately under God’s control and can only act within His will. Today, if God permits such things, it's meant for our growth and His glory. Remember, God is stronger than any evil, and we should trust Him and rely on His strength, seeking wisdom in every situation."
How should Christians respond to global poverty and hunger?,"Christians are called to respond to global poverty and hunger with compassion, action, and hope. This means being aware of the needs around us, caring deeply, and taking steps to help, just like Jesus did. While prayer is essential, Christians are encouraged to actively contribute to alleviating suffering, whether by sharing resources or supporting organizations like Compassion International. Our actions not only honor God but also serve as an investment in eternity, as we trust that God will secure justice for the poor and reward those who give selflessly. Even as we await Jesus' return, we have countless opportunities to serve others and spread His love."
What is the Golden Rule?,"The Golden Rule, taught by Jesus in Matthew 7:12, is about treating others the way you want to be treated. It's a call for proactive love and kindness, which is unique compared to other philosophies that emphasize avoiding harm. Jesus’ version encourages us to actively do good, reflecting the love God asks us to have for everyone, including our enemies. This principle isn't just about not doing harm but about actively loving others, which is a cornerstone of Christian living."
What is the significance of high places in the Bible?,"High places in the Bible were elevated spots often used for worship, initially by pagans for idols like Molech and Baal. Unfortunately, the Israelites sometimes got involved in these practices despite God's disapproval. Solomon even set up high places for his foreign wives' gods, causing trouble in his kingdom. However, not all high places had negative connotations; important biblical figures like Abram and Jacob built altars to God at various high places. Ultimately, God designated the temple in Jerusalem as the sole proper high place for worship, instructing the Israelites to dismantle all others, which King Josiah later did."
Was John the Baptist really Elijah reincarnated?,"John the Baptist was not Elijah reincarnated. Instead, Jesus explained that John came in the ""spirit and power of Elijah,"" fulfilling a role similar to Elijah's as a forerunner for the Lord. Elijah didn’t die; he was taken to heaven, so reincarnation doesn't apply here. John himself denied being Elijah and was seen as his own person, preparing the way for Jesus. Jesus’ reference to John as Elijah was about recognizing John’s role for those who were willing to see it, not a literal reincarnation."
Was Jonah truly swallowed by a whale?,"Yes, according to the Bible, Jonah was indeed swallowed by a large fish or whale. While this event and the accompanying miracles may seem incredible to skeptics, the story illustrates God's power over nature and His desire for repentance. Jonah's arrival in Nineveh would have been particularly striking due to the region's worship of Dagon, a fish-god, making his message even more compelling. Jesus Himself referenced Jonah's story as a real historical event, symbolizing His own death and resurrection. So, it's a tale of genuine faith and divine intervention."
Was Judas Iscariot forgiven / saved?,"The Bible suggests Judas Iscariot was not saved. Jesus Himself referred to Judas as ""doomed to destruction"" and said it would have been better for him not to have been born, highlighting the gravity of his betrayal. While Judas was part of Jesus' group and had opportunities to repent, he chose not to. Instead, after his betrayal, he felt remorse but didn't turn to God for forgiveness, ultimately leading to his tragic end."
Does the Bible teach that life begins at conception?,"The Bible teaches that life begins at conception. Scripture shows us that God knows us even before we are born, as seen in verses like Jeremiah 1:5 and Psalm 139. These passages reveal that God is intimately involved in our creation, valuing us from the very start. While society's views may change, the Bible affirms that our worth and life start at conception, as God is our Creator and knows us fully from the beginning."
Who was Mary Magdalene?,"Mary Magdalene was a devoted follower of Jesus after He cast seven demons out of her. She came from Magdala, and while she's often mistakenly portrayed as a prostitute or sinner, the Bible does not support these claims. She was present during Jesus' crucifixion, witnessed His resurrection, and was the first to share the news with others. While some fictional stories suggest a marriage between Jesus and Mary Magdalene, there is no biblical evidence for this."
Who were the Samaritans?,"The Samaritans were a group of people living in what was once the land of the tribes of Ephraim and Manasseh, with their capital in Samaria. After the Israelites were exiled, foreigners settled there and intermarried with the remaining Israelites. They developed a religion that mixed Judaism with other beliefs, which led to deep tensions with the Jews. These tensions were fueled by historical conflicts, like when the Samaritans opposed the rebuilding of the Jerusalem temple and built their own on Mount Gerizim. Despite this animosity, Jesus reached out to the Samaritans, demonstrating God's love and breaking down barriers, a practice continued by His apostles."
What is the Sermon on the Mount?,"The Sermon on the Mount is a famous teaching by Jesus, found in Matthew chapters 5 through 7. In it, Jesus shares wisdom on living a life that's pleasing to God, emphasizing love, grace, and authenticity. He covers various topics like the Beatitudes, being the salt and light of the world, fulfilling the law, and loving your enemies. The Sermon offers guidance on prayer, fasting, and trusting God, encouraging us to live with integrity and compassion."
What are the seven spirits of God?,"The ""seven spirits of God"" found in Revelation symbolize the Holy Spirit. This isn't about seven separate spirits, but rather the Holy Spirit's complete and perfect presence and work, described using symbolic language. The number seven often represents perfection in the Bible. Revelation, along with Isaiah’s seven-fold description, highlights the fullness of the Holy Spirit's wisdom, understanding, counsel, power, knowledge, and the fear of the Lord. This imagery in Revelation points to the Holy Spirit's perfect ministry in God's plan."
Stigmata - what is it? Is it biblical?,"Stigmata refer to the appearance of Christ's crucifixion wounds on a person's body, but there's a lot of skepticism about their authenticity, with many cases being self-inflicted. The Bible doesn't teach that stigmata are a sign from God or something believers should seek. When Paul mentions bearing the ""marks of Jesus"" in Galatians, he's speaking metaphorically about his sufferings for Christ, not literal crucifixion scars. Jesus bore those wounds for us, and His sacrifice means we don't need to physically experience them ourselves."
Who was Asherah?,"Asherah was a prominent goddess worshiped in ancient regions like Syria and Canaan, often associated with fertility and sometimes linked to Baal. Her image was typically represented by a carved tree trunk, leading to worship sites being referred to as ""groves."" Despite God's command against her worship, Asherah's influence persisted in Israel, often causing spiritual conflict, notably promoted by figures like Queen Jezebel. Efforts to eradicate her worship were made by leaders such as Gideon and King Josiah."
Who was Baal?,"Baal was a prominent god worshiped in ancient Canaan and Phoenicia, often seen as a fertility god who helped crops grow and people have children. He was also worshiped as a storm and sun god, depicted with a lightning bolt. Baal worship infiltrated Israel and involved practices like ritual prostitution and even human sacrifice. Despite God's warnings, the Israelites sometimes turned to Baal, leading to confrontations like the famous showdown on Mt. Carmel with the prophet Elijah. In the New Testament, Jesus connects Baal with Beelzebub, suggesting that these idols were actually demons in disguise."
Who was Moloch?,"Moloch was a pagan god worshiped by ancient civilizations, especially in Canaan. Worship of Moloch was infamous for its extreme rituals, including child sacrifice, where children were passed through fire in hopes of gaining prosperity. This practice was something the God of the Israelites strongly condemned, as evidenced by His commands to avoid such rituals. Despite this, some Israelites, including King Solomon, fell into Moloch worship. It wasn't until the Babylonian captivity that the Israelites finally abandoned these practices. Later, the Valley of Hinnom, where sacrifices to Moloch took place, became a symbol for hell in the teachings of Jesus."
What is Zionism / Christian Zionism?,"Zionism started as a political movement aimed at establishing a homeland for the Jewish people in Israel, based on promises found in the Hebrew Scriptures. Over time, it has evolved into an ideology, with different perspectives on its implications and significance. Christian Zionism, on the other hand, is when Christians, often evangelicals, support Jewish Zionism because they see the return of Jews to Israel as fulfilling biblical prophecy. This support is generally rooted in biblical passages and is viewed by some as a sign of the end times."
What is an apostle?,"An apostle is someone who is ""sent out,"" and in the New Testament, there are two main uses of this term. First, it refers to the twelve apostles of Jesus, who held a special place as the foundation of the early church with Jesus as the cornerstone. These apostles were unique as they witnessed the resurrected Christ, were chosen by the Holy Spirit, and performed miracles. In a broader sense, the term can describe others who were sent out, like Barnabas and possibly Andronicus and Junias, similar to how we think of missionaries today. However, it's generally best not to use the title ""apostle"" today because it can cause confusion and has often been misused by those seeking undue authority. Ultimately, all Christians are called to be ambassadors for Christ, sharing His love and message."
What was the practice of casting lots?,"Casting lots was a method used in the Bible to determine God's will in various situations, similar to flipping a coin today. While the exact method is unknown, it was used in decisions like dividing land or choosing leaders. In the New Testament, the apostles cast lots to replace Judas, but the practice isn't mentioned after the Holy Spirit came at Pentecost. Today, Christians rely on the Bible, the Holy Spirit, and prayer to discern God's will, rather than casting lots."
When is civil disobedience allowed for a Christian?,"As Christians, we're called to respect and obey our government, understanding that God allows rulers to be in their positions. However, there are times when civil disobedience is appropriate, particularly if the government requires us to do something that directly contradicts God's teachings. In such situations, like those of the Hebrew midwives or Daniel, acting against unjust commands aligns with our faith. If we choose to disobey, we should be prepared to face consequences and always pray for our leaders, asking God to guide them toward righteousness."
How can we discern counterfeit miracles?,"To discern counterfeit miracles, it's crucial to look beyond the miracles themselves and examine the messenger's life and teachings. Jesus warned that false prophets can perform signs to deceive. True messengers of God bear good fruit, live Christlike lives, and their teachings align with Scripture. While God can perform miracles, we should not chase after signs but seek truth in God's Word, which is a reliable guide in discerning His true messengers. Remember that miracles can be faked, but God's Word is a steadfast light on our path."
What is the Day of Atonement (Yom Kippur)?,"Yom Kippur, or the Day of Atonement, is a deeply significant Jewish holy day. Once a year during this solemn occasion, rituals were performed to seek forgiveness for the sins of the Israelites. The high priest would enter the most sacred part of the temple, offer sacrifices, and use two goats to symbolize cleansing from sin—one was sacrificed and the other, known as the scapegoat, was sent into the wilderness. For Christians, this ancient practice foreshadows the complete and final sacrifice of Jesus, who took upon Himself the sins of humanity, offering salvation once and for all. Today, Jews observe Yom Kippur with fasting and prayer, reflecting on forgiveness and renewal."
Is “do unto others as you would have them do unto you” a biblical statement?,"Yes, the phrase ""Do unto others as you would have them do unto you"" is indeed biblical and comes from Matthew 7:12, often referred to as the Golden Rule. Jesus taught this principle to encourage us to treat others with the kindness and respect we desire, reflecting God's love. It's a guiding principle for Christian living, urging us to love our neighbors and fostering empathy, but it's not a means to earn salvation. Instead, it's about living out God’s commandments through loving actions."
What is an evangelist?,"An evangelist is someone who shares the good news of Jesus, much like a preacher or missionary. Philip, mentioned in the Bible, is a great example—he traveled, shared the gospel, and helped people come to faith, showing that evangelists play a vital role in building up the church. They're called to spread God's love and message, ensuring everyone has the chance to hear about Jesus' saving grace. This important work will continue until we all reach full maturity in Christ."
What does it mean that we live in a fallen world?,"Living in a fallen world means we constantly face the reality of sin, pain, and brokenness in our lives and around us. It's a world where injustice, suffering, and conflict are common, none of which was part of God's original design for us. However, the good news is that through Jesus, God is in the process of repairing this brokenness, offering us friendship with Him and beginning the restoration of all things. One day, Jesus will return to fully set everything right, and until then, we are invited to come to God through faith in Jesus and experience His healing and hope."
What happened in the Garden of Gethsemane?,"In the Garden of Gethsemane, Jesus spent a deeply emotional night praying before His crucifixion. He brought Peter, James, and John along and asked them to stay awake and pray, but they struggled to do so. During this time, Jesus prayed intensely, asking God if there was another way but ultimately submitted to God's will, showing His deep sorrow and commitment. Judas arrived with soldiers to betray Jesus, and despite Peter's attempt to defend Him by cutting off a servant's ear, Jesus healed the man and allowed Himself to be arrested. This night is pivotal, highlighting Jesus' willingness to endure suffering for our sake, a moment that continues to resonate through history and scripture."
How long is a generation in the Bible?,"In the Bible, a ""generation"" usually means the people living at the same time, typically around thirty years. However, it can also refer to a longer period or a group characterized by certain traits, like stubbornness or rebellion. The context is key to understanding whether ""generation"" means a literal age span or something more symbolic, such as a cultural or spiritual condition."
What does the Bible say about hair length?,"In 1 Corinthians 11:3-15, Paul discusses hair length in the context of cultural norms of the time. In Corinth, women wore veils to show respect and submission, while men did not cover their heads. Paul used this cultural practice to illustrate that men and women should present themselves in ways that reflect their respective roles as intended by God. Today, while specific symbols like veils may not be used, the passage encourages us to honor God by respecting the roles He has established, and to express our gender appropriately according to contemporary cultural norms. Ultimately, it's not about strict rules on hair length, but about our hearts and willingness to respect God's design."
What was the Holy of Holies?,"The Holy of Holies was the most sacred part of the ancient Jewish temple, where God's presence was believed to dwell. Only the high priest could enter, and only once a year on the Day of Atonement, to perform rituals to atone for sins. This area was separated by a heavy veil, symbolizing the barrier between God and humanity. However, when Jesus died, this veil was miraculously torn, signifying that through Jesus' sacrifice, we can all now approach God directly. His death opened a new way for everyone to have a personal relationship with God, without the need for yearly sacrifices."
What is the meaning and importance of the Last Supper?,"The Last Supper is a pivotal moment where Jesus shared a final meal with His disciples before His crucifixion. It was a Passover meal that Jesus transformed to symbolize the New Covenant, highlighting His sacrifice for our salvation. By breaking bread and sharing wine, He gave us a way to remember His love and sacrifice, which saves us from spiritual death and bondage. Moreover, the Last Supper teaches us about servanthood and forgiveness, as Jesus washed His disciples' feet. Today, we commemorate this profound event through Communion, reflecting on Jesus as our Passover lamb, whose sacrifice offers eternal life to all who believe."
What happened to the lost tribes of Israel?,"The ""lost tribes of Israel"" refers to the ten tribes from the Northern Kingdom that fell to Assyria in 722 BC. While some people believe these tribes were lost or spread across the world, the Bible indicates they weren't lost at all. Many rejoined the tribes in the south, and God has always kept track of each tribe. Scriptural accounts confirm that all twelve tribes still exist, and they'll have a role in the end times. So, the idea of them being lost is more legend than truth."
What is the mercy seat?,"The mercy seat was the lid on the Ark of the Covenant in the Old Testament, located in the Holy of Holies. It was a sacred place where God's presence was believed to dwell, and where the high priest would sprinkle the blood of sacrifices to atone for the people's sins. This act symbolized God's mercy, covering the people's sins and removing the condemnation of the Law. In the New Testament, Jesus is seen as our ultimate ""mercy seat"" or propitiation, meaning through His sacrifice, our sins are covered, and we can find forgiveness and righteousness through faith in Him."
What is the purpose of the Mosaic Law?,"The Mosaic Law was given to Israel to show God's holiness, set them apart from other nations, and reveal human sinfulness. It provided ways for worship and forgiveness through sacrifices while guiding their well-being. Ultimately, the Law shows us that we can't achieve God's standards on our own, pointing us to rely on Jesus, who fulfilled and completed the Law for us. By trusting in Him, we receive His righteousness. So, the real question is whether you're trusting in your efforts or in Jesus, who has already done it all for you."
What is a prophet in the Bible?,"In the Bible, a prophet is someone chosen by God to deliver His truth to others. Prophets had roles in both teaching and revealing insights about the future, guiding God's people like the Israelites and the early church. Not all who claim to be prophets truly speak for God, so it's important to discern their messages against God's Word. True prophets are dedicated to speaking only what God reveals to them and never contradict His Word."
What is the meaning of sackcloth and ashes?,"In the Bible, sackcloth and ashes symbolize deep mourning, repentance, or humility before God. People wore sackcloth—a rough, uncomfortable fabric made from goat's hair—and sat in ashes to visibly show their sorrow and desire for change. This practice was particularly used in times of personal or national disaster, and as a way to express genuine repentance. It wasn't just about the act itself but the heartfelt humility behind it that God responded to. For example, when the people of Nineveh repented in sackcloth and ashes, God showed mercy and turned away His judgment."
What is the Shekinah glory?,"The Shekinah glory refers to the presence of God dwelling among His people. Though the term isn't in the Bible, it describes moments when God visibly revealed Himself, like in the cloud and fire that led the Israelites out of Egypt. It was a powerful sign of His presence and protection. In the New Testament, Jesus embodies this glory, being fully God in human form. While His divine presence was more subtle on earth, one day we'll fully see the glory of God without any veil."
What is spiritual death?,"Spiritual death is when our souls are separated from God, much like how Adam and Eve felt disconnected from God after they sinned. This separation means we can't experience the life that comes from God. However, through Jesus, we can be spiritually reborn and brought back to life. Just as Jesus raised Lazarus from physical death, He can bring us from spiritual death to life with Him. Those who don't accept this new life in Christ face a final separation, called the ""second death,"" as mentioned in Revelation."
What are the twelve tribes of Israel?,"The twelve tribes of Israel are named after the twelve sons of Jacob, who was renamed Israel by God. These sons are Reuben, Simeon, Levi, Judah, Dan, Naphtali, Gad, Asher, Issachar, Zebulun, Joseph, and Benjamin. When the Israelites settled in the Promised Land, Levi's tribe became priests and didn't receive land, while Joseph's sons, Ephraim and Manasseh, each received a portion, making up the twelve tribes with land. The tribes split into two kingdoms after Solomon's reign: Judah and Benjamin formed the southern kingdom, while the others were in the northern kingdom. Although identifying people's tribes today is challenging, Scripture suggests God is still aware of their lineage, as seen in Revelation, where 144,000 Jews from these tribes are sealed during the tribulation."
What is the significance of unleavened bread?,"Unleavened bread, eaten during Passover, reminds us of the Israelites' swift escape from Egypt, as there was no time for the dough to rise. It's more than just a historical symbol—it carries spiritual meaning too. In the Bible, leaven often represents sin, which spreads and brings death. By eating unleavened bread, we reflect on this and remember Christ's sacrifice, which offers us freedom from the bondage of sin."
What is the Via Dolorosa?,"The Via Dolorosa, or ""the sorrowful way,"" is the path in Jerusalem that Jesus walked on His way to crucifixion. Although not mentioned by name in the Bible, it represents the journey Jesus took from Pilate's judgment seat to Mount Calvary, where He was crucified. This path is marked by fourteen stations, some based on tradition rather than Scripture. As Easter approaches, we remember the immense suffering and sacrifice Jesus endured for our sins, a reminder of the profound gift of salvation He provided for us."
Who were the Amalekites?,"The Amalekites were a nomadic tribe who lived south of Canaan and were longtime enemies of the Israelites. They first attacked the Israelites after the exodus from Egypt and continued to be a thorn in their side for generations. God instructed the Israelites to completely destroy them due to their relentless hostility and brutal tactics. Despite attempts to wipe them out, they persisted in causing trouble until their downfall, with the last mention of their lineage appearing in the book of Esther. Their story is a stark reminder of the consequences of opposing God’s plan."
Who were the Ammonites?,"The Ammonites were a people closely related to the Israelites, descending from Lot, Abraham's nephew. They lived in what is now Jordan, with their capital named Amman. Despite their shared ancestry, they were often enemies of Israel, worshiping pagan gods like Milcom and Molech. Throughout history, the Ammonites were known for their cruelty and idolatry, and they eventually became absorbed into Arab society by the Roman period, losing their distinct identity."
What are the biblical qualifications for apostleship?,"To be an apostle, someone had to have been with Jesus during His ministry, witnessed His resurrection, and been specifically chosen by Him. The twelve apostles were personally selected by Jesus, and Matthias was later chosen to replace Judas. Paul, who had a unique encounter with Jesus, was also appointed as an apostle to the Gentiles. Apostles held a foundational role in the early Church, and once they laid this foundation, their specific office wasn't passed on to others since their role was tied to being eyewitnesses of Christ's life and resurrection."
What was the Babylonian captivity/exile?,"The Babylonian captivity was a crucial time in Israel's history when the Jewish people were taken captive by King Nebuchadnezzar II of Babylon, starting around 607 B.C. This exile was God's judgment on Israel for their idolatry and rebellion. Over several invasions, Jerusalem was besieged, the temple destroyed, and many Jews were exiled. After 70 years, as prophesied, the Jews were allowed to return to Jerusalem under Persian King Cyrus's rule, which led to a spiritual revival and the rebuilding of the temple. This period highlights God's faithfulness and the fulfillment of His promises, as well as His commitment to guide His people back to Him."
Who was Beelzebub?,"Beelzebub, originally a Philistine god known as ""lord of the flies,"" became associated with Satan in Jewish tradition, particularly as a term of contempt. In the New Testament, the Pharisees used this name to accuse Jesus of casting out demons by demonic power rather than divine. Jesus reminded His followers that if He, their teacher, was called such names, they should expect similar treatment. As Christians, we might face misunderstandings or hostility for our faith, just as Jesus did, but we can take heart knowing He faced it first and walks with us through it."
What is a blessing according to the Bible?,"In the Bible, a blessing is both a wish for happiness and well-being and the fulfillment of those wishes through God's favor. It often involves God speaking good over His people, like when He blessed the creatures and Adam and Eve in Genesis. Blessings can come from people too, as seen when families and leaders in the Bible pronounced them over others. Ultimately, the greatest blessing is the new life and forgiveness we receive through faith in Jesus Christ, which brings eternal joy and peace. While material blessings are temporary, spiritual ones last forever."
Who were the Canaanites?,"The Canaanites were ancient people living in the land called Canaan, which is now modern Lebanon, Israel, and parts of Jordan and Syria. They were known for being strong and idol-worshiping, descending from Noah's grandson, Canaan, who was cursed due to a family sin. God promised this land to Abraham's descendants, the Israelites, who needed divine help to conquer it because the Canaanites were fierce and lived in fortified cities. Despite their fear, under the leadership of Joshua, the Israelites eventually entered the land, starting with the miraculous fall of Jericho. However, the Israelites didn't fully drive out the Canaanites, leaving some strongholds that caused ongoing challenges."
"What is the difference between the ceremonial law, the moral law, and the judicial law in the Old Testament?","In the Old Testament, the laws are grouped into three categories: moral, ceremonial, and judicial laws. The moral laws, like the Ten Commandments, are based on God's nature and are timeless, guiding us on justice and right living. The ceremonial laws focused on rituals and symbols pointing to Jesus and don't apply to Christians because Jesus fulfilled them. Judicial laws were specific to the culture of Israel at that time and included civil matters. For Christians today, while these laws provide guidance, our focus is on loving God and others, as taught by Jesus."
Who were the Edomites?,"The Edomites were the descendants of Esau, Jacob's twin brother, who became known as Edom after selling his birthright for red soup. They lived in the red sandstone region south of the Dead Sea, known also as Seir, Bozrah, and Sela (Petra). Though close relatives, the Edomites often clashed with the Israelites, refusing them passage during their exodus and engaging in various conflicts over the centuries. Eventually, they were subdued by the Israelites and other empires, with their influence waning until they disappeared from history. Notably, King Herod the Great was an Idumaean, a later term for Edomites during the Roman era. Through it all, God's prophecy to Rebekah about Esau serving Jacob was fulfilled, with Israel proving stronger in the end."
What does the Bible say about foot-washing?,"In biblical times, foot-washing was a task for the lowliest servants, and Jesus’ disciples were shocked when He washed their feet, illustrating humility and selfless service. Through this act, Jesus teaches us about spiritual cleansing and living with humility, embodying selfless love. While some groups practice foot-washing as a ritual, the focus for Christians should be on the lesson of humble service and not on the act itself. Jesus’ example reminds us to serve others with humility, as no servant is greater than their master."
What is the meaning ofhosanna?,"""Hosanna"" is a word we often hear during Palm Sunday, and it comes from Hebrew. While it’s usually thought of as a shout of praise, it actually means ""please save us"" or ""I beg you to deliver us."" When the crowds shouted ""Hosanna"" as Jesus entered Jerusalem, they were recognizing Him as the Messiah and expressing their hope and need for salvation. Jesus didn’t dismiss their cries; instead, He embraced them, knowing He came to fulfill that very prayer for salvation."
How did Judas die?,"Judas Iscariot's death involves two biblical accounts. Matthew describes Judas hanging himself after feeling remorse for betraying Jesus. Acts adds that his body later fell in a field, bursting open. It's likely that Judas hanged himself, and after some time, his body fell and ruptured. As for the field, Judas may have initially arranged to buy it with the betrayal money, but the priests completed the purchase with the returned silver, leading to it being called the ""Field of Blood."""
What does “maranatha” mean?,"""Maranatha"" is an Aramaic word meaning ""the Lord is coming"" or ""come, O Lord."" Early Christians, persecuted under Roman rule, used this greeting to encourage one another with the hope of Jesus' return. It reminded them—and reminds us today—to focus on the eternal promise of Christ's coming, rather than the troubles of this world. So whenever you're feeling anxious or discouraged, remember, ""Maranatha!"" Our Lord is coming!"
Who were the Moabites?,"The Moabites were a tribe descended from Moab, the son of Lot, who was born from a complicated family situation. They lived near the Dead Sea, and although they initially held more territory, they were later confined south of the Arnon River. During the Exodus, the Israelites approached their region, which worried the Moabite king, Balak, prompting him to seek help from others. Moab is also notable for being where Moses viewed the Promised Land before his death. A significant discovery was a stone inscription from King Mesha, detailing his victories. Perhaps the most famous Moabite is Ruth, who, despite her pagan background, embraced the God of Israel and became an ancestor of Jesus."
Why did God sometimes change a person’s name in the Bible?,"When God changed someone's name in the Bible, it often marked a new identity or mission for that person. For example, Abram became Abraham, symbolizing his future as ""father of a multitude,"" and Jacob became Israel after wrestling with God, signifying his transformation from a trickster to someone who had ""struggled with God and with humans and overcome."" Similarly, Jesus renamed Simon as Peter, or ""rock,"" reflecting his role in the early church. These name changes conveyed God's promises and purposes for these individuals' lives."
What were the various sacrifices in the Old Testament?,"In the Old Testament, there were five main types of sacrifices: burnt, grain, peace, sin, and trespass offerings. The first three—burnt, grain, and peace—were voluntary and often expressed devotion, gratitude, or fellowship with God. The sin and trespass offerings were mandatory and focused on atoning for sins and making things right with God. Each type involved specific rituals and was meant to point forward to Jesus, who is the ultimate and final sacrifice, making it possible for us to have a direct relationship with God today."
Who were the Philistines?,"The Philistines were a seafaring people who settled in the area southwest of Israel and often clashed with the Israelites. Known for their advanced use of iron, they were formidable enemies, frequently mentioned in the stories of Samson, Samuel, Saul, and David. They worshiped several gods and were famous for their breweries and love of beer. Over time, they faded from history, but their name lives on in the region of Palestine. Despite being seen as uncivilized by the Israelites, they were actually quite sophisticated for their time."
Who were the scribes that often argued with Jesus?,"The scribes in Jesus' time were experts in the Jewish Law, known for their meticulous work in copying Scriptures and their respected teaching. They started with good intentions to preserve and teach God's Word, but over time, they added many man-made rules and traditions that overshadowed the true spirit of the Law. This led to conflicts with Jesus, who criticized them for focusing on outward appearances rather than genuine faith and obedience to God. Despite their knowledge, many scribes became hypocritical, prioritizing human traditions over God's commandments, and some even played a role in Jesus' arrest and crucifixion. The lesson for us is the importance of a sincere heart, seeking to truly follow God rather than just appearing righteous."
What is the seal of God?,"The seal of God, mentioned in several Bible passages, represents His protection and ownership over His people. In Revelation, those with God's seal are safeguarded during tribulation, contrasting with the mark of the beast. Paul speaks of this seal as a foundation of truth, where God knows those who are His, urging believers to turn from sin. Jesus Himself was sealed by God, and those who trust in Him have the Holy Spirit as their seal, a guarantee of their salvation and security in God's family. It’s a comforting assurance that, in a world full of chaos, believers are preserved by God's loving presence."
What is the Star of David and is it biblical?,"The Star of David isn't mentioned in the Bible, but it's a well-known symbol associated with Judaism and Israel. It consists of two overlapping triangles, one pointing up to God and the other down to man, symbolizing their relationship. Its earliest uses date back to a Jew's tombstone in the 3rd century and a synagogue in the 6th century, but it became widely recognized much later, particularly with its adoption by the Zionist movement and its inclusion on Israel's national flag. Though it's rich in symbolic meaning, its exact origins and significance have varied over time and are not explicitly biblical."
Why is so much of the world still unevangelized?,"The world remains largely unevangelized for several reasons. Some people groups are in remote areas or speak languages that are hard to decipher, making outreach challenging. There are also places that are hostile to Christianity, where sharing the gospel can be dangerous. Additionally, many Christians in wealthier countries may not be as engaged or feel a sense of urgency in spreading the gospel. Each of us can make a difference, whether through supporting missions financially, considering full-time missionary work, or using our unique skills to help spread the message of Jesus. Jesus entrusted this mission to His followers, and when we all participate, we can help reach those who haven't yet heard."
What is the Wailing Wall / Western Wall?,"The Wailing Wall, or Western Wall, is a deeply cherished site in Jerusalem, built by Herod the Great as part of the Temple Mount complex. It's a place of prayer and reflection for Jews, who have gathered there since the 16th century to pray and celebrate life events like Bar and Bat Mitzvahs. The wall is made up of enormous stones, and visitors often place written prayers in the crevices. Although once associated with mourning the loss of the temple, today it stands as a symbol of Jewish resilience and renewal, especially after Jerusalem was reclaimed by Israel in 1967. While the Jewish nation has been restored geographically, there remains a spiritual journey, as Christians believe in the eventual fulfillment of God's promises with Israel through faith in Jesus Christ."
Is “you reap what you sow” biblical?,"Yes, ""you reap what you sow"" is a biblical principle. It appears in both the Old and New Testaments, like Galatians 6:7 and 2 Corinthians 9:6, emphasizing that our actions often lead to corresponding outcomes. However, God’s mercy means we don’t always face the full consequences of our wrong actions. Jesus took our punishment so we could have eternal life. While generally true, reaping what you sow doesn't mean every hardship is a result of our actions, as seen in Job's story. Trusting in Jesus and living by the Spirit yields eternal life."
What does the Bible say about the power of words?,"The Bible teaches us that words hold incredible power. Just as God's words brought the world into being, our words can greatly impact those around us. They can either uplift and encourage or hurt and destroy. Jesus and Paul remind us to use our words wisely, speaking with love, truth, and grace. Our words should reflect the change Christ has made in our hearts, showing others the hope and love we find in Him. So, let's strive to use this gift of speech to share God's love and build others up."
What does the Bible say about ego?,"While the Bible doesn't use the word ""ego,"" it does warn against self-centeredness and pride, emphasizing humility instead. Ego, or an inflated sense of self, leads us away from God. Scripture teaches that real contentment comes not from focusing on ourselves but from humbling ourselves before God and serving others. Jesus and Paul are perfect examples of this humility, showing us that true greatness comes from loving God wholeheartedly and putting others before ourselves. In the Christian life, the focus shifts from ""I will"" to ""thy will."""
What does the Bible say about sexism?,"The Bible acknowledges the equal worth and dignity of both men and women, as both are created in God's image (Genesis 1:27). While some historical accounts in the Bible reflect cultural norms that were unfair to women, the Bible itself doesn’t endorse sexism. Instead, God's laws and Jesus' actions often elevated women's status and protected their rights. In the New Testament, Paul and Peter affirm the equal value of all believers, regardless of gender (Galatians 3:28, 1 Peter 3:7). Although men and women have different roles both in the family and the church, this does not imply inequality. The focus is on complementarity and honoring each other's God-given strengths and roles. In the family of God, there's no room for sexism, as God values each person equally."
How should a Christian respond to evidence of paranormal activity?,"As Christians, when we encounter stories of paranormal activity, it's important to remember that while some experiences might have logical explanations or be hoaxes, genuine spiritual occurrences could be the work of demons. The Bible teaches that after death, people face judgment, not haunting earth, which means these spirits are not disembodied humans but potentially demonic. We should not be drawn to these dark forces but instead be reminded of the spiritual battles we face as believers. Our focus should remain on Jesus, who came to conquer evil, and we should avoid engaging with anything related to the paranormal."
What does the Bible say about zombies?,"The Bible doesn't mention zombies like the ones in movies—reanimated, decaying corpses. It does talk about resurrection, which is completely different. Resurrection means coming back to life fully, with a living, functional body, as seen in the accounts of people like Lazarus and, most importantly, Jesus. Jesus' resurrection wasn’t like a horror story; He was completely alive and will live forever. The Bible teaches us about His power over death, offering us hope and life through faith in Him."
What does the Bible say that would apply to selfie culture?,"While the Bible doesn't mention selfies directly, it offers guidance on the mindset behind what's now known as selfie culture—a focus on self-expression and self-promotion. Jesus taught humility and service to others, contrasting sharply with the self-centered nature of constantly seeking attention through selfies. The Bible encourages us to love God with all our heart and serve Him, rather than being absorbed by self-obsession. As we enjoy taking and sharing photos, we should remember to prioritize godliness and humility, keeping our focus on God’s love and serving others, rather than just ourselves."
What does the Bible say about friends?,"The Bible highlights that friendships are vital, emphasizing the importance of choosing the right friends. A true friend shows unconditional love, gives wise advice, offers constructive criticism, forgives, remains loyal, and helps in times of need. The Bible also warns us about friends who can lead us astray, reminding us to choose wisely, as “bad company corrupts good character.” Ultimately, the greatest friend we can have is Jesus, who showed His love by laying down His life for us."
What is the meaning ofpestilencein the Bible?,"In the Bible, ""pestilence"" often refers to a deadly disaster, like a widespread disease, and is sometimes seen as a sign of God's judgment. Examples include events where God punished people for their disobedience, as seen in stories like David's census or the rebellion of Korah. While not every disease today is a direct judgment from God, pestilence in Scripture reminds us of the brokenness of the world and God's control over all things. As believers, we trust in God's sovereignty and find peace knowing we're not condemned, even during challenging times (Romans 8:1)."
What does the Bible say about protection?,"The Bible tells us that God is our ultimate protector, caring for us both physically and spiritually. Scriptures like Psalm 18:30 and Psalm 121 highlight how those who trust in God find refuge and strength in Him. While we may not always be shielded from life's hardships or our own mistakes, God promises His spiritual protection, providing us with the armor of faith and the presence of the Holy Spirit. Trials can come, but God uses them to strengthen us, and we can rest assured that nothing can separate us from His love. Heaven is our eternal home, and God remains in control, ensuring we are spiritually safe."
Where does faith come from?,"Faith is a wonderful gift from God, given to us purely out of His love and grace, not because we've earned it. Just like receiving a free gift, faith is something we simply accept—like signing to receive a generous check, it doesn't mean we earned it. Faith comes to us through hearing the message about Christ, whether through a sermon, reading the Bible, or any time the gospel is shared. It's essential to ask God for faith or an increase in faith, trusting that He is able to give generously to those who seek Him. And remember, God promises to grow and complete the faith He plants in us."
Who was Adam in the Bible?,"Adam was the first man God created and placed in the Garden of Eden, making him the ancestor of all humanity. God formed him from the ground and breathed life into him, giving humans a unique spirit distinct from animals. Adam, along with Eve, faced a choice to obey or disobey God and chose the latter, bringing sin and its consequences into the world. While Adam introduced sin, Jesus, known as the ""second Adam,"" offers us new life and redemption."
Who was Eve in the Bible?,"Eve was the first woman created by God and the wife of Adam, making her the mother of all living people. Her name means ""living"" or ""life."" God created Eve to be Adam's perfect partner, and together they lived in the Garden of Eden. Sadly, Eve was deceived by the serpent, leading her and Adam to eat the forbidden fruit, which brought sin and death into the world. This act led to consequences like pain in childbirth and struggles in relationships, but through Jesus, often called the ""second Adam,"" redemption is offered to all, including Eve."
Who was Noah in the Bible?,"Noah was a remarkable figure in the Bible, known for his faith and obedience to God. Described as righteous and blameless, he stood out in a world filled with wickedness. Despite never having seen rain, he trusted God's command and built an ark to save his family from the flood, demonstrating deep faith. This story reminds us that we are saved by grace through faith and highlights the importance of walking closely with God, just like Noah did. Noah's life serves as a call to be ""heralds of righteousness,"" sharing God's message of reconciliation and preparing for the eventual judgment."
Who was Job in the Bible?,"Job was a faithful and upright man in the Bible whose life was marked by immense suffering. Despite losing his wealth, children, and health, he never lost his faith in God. Job's story challenges the idea that good people won't experience hardship and shows us that God's ways are beyond our understanding. Through his trials, Job remained steadfast, trusting in God's sovereignty and ultimately saw his fortunes restored. His perseverance is an example of unwavering faith and trust in the midst of suffering."
Who was Abraham in the Bible?,"Abraham is a central figure in the Bible, known for his deep faith and obedience to God. He is often called ""God's friend"" and is recognized as the father of the faithful (James 2:23, Galatians 3:7). His story begins in Genesis, where God calls him to leave his homeland and travel to a new land with promises of blessings, including becoming the father of a great nation. Though he faced challenges and had moments of doubt, Abraham's life is a testament to living by faith and trusting God's promises. His willingness to follow God, even in difficult situations like the near-sacrifice of his son Isaac, demonstrates profound trust in God's goodness and faithfulness. Abraham's legacy extends to all who have faith in God, making them his spiritual descendants (Galatians 3:29)."
Who was Sarah in the Bible?,"Sarah, originally named Sarai, was Abraham's wife and half-sister. She started her life in Ur and traveled with Abraham as they followed God's call to a new land. Though Sarah struggled with barrenness and took matters into her own hands by suggesting Abraham have a child with her servant, God ultimately blessed Sarah with a son, Isaac, in her old age. She is remembered for her faith, as she trusted God's promises even when they seemed impossible. Despite her mistakes, Sarah was a devoted wife who played a critical role in God’s plan, and her story is a testament to the faithfulness of God."
Who was Isaac in the Bible?,"Isaac, whose name means ""he laughs,"" was the son of Abraham and Sarah, born when they were well advanced in age. He played a key role in the Bible as the child through whom God continued His covenant, the same line that would eventually lead to Jesus. Isaac was obedient to God and his parents, even in challenging times, such as when Abraham was instructed to sacrifice him, which God ultimately prevented. He married Rebekah, loved her dearly, and fathered twins—Jacob and Esau—though this led to family rivalry. Isaac lived a life marked by trust in God's promises, and he is remembered as one of the patriarchs, along with Abraham and Jacob, whose God is often referred to in Scripture."
Who was Jacob in the Bible?,"Jacob, in the Bible, is known for being a complicated character whose life was filled with struggles and deceit. Born as a twin to Esau, he often found himself in contentious situations, starting with the infamous story of him deceiving his father, Isaac, to receive the blessing meant for Esau. Despite his flaws and the conflicts in his family, God chose Jacob to fulfill His promises. Jacob's journey was marked by dreams, divine encounters, and a transformative wrestling match with God, after which he was named Israel. This name would become the foundation for the nation of Israel. Through Jacob's story, we see how God can use imperfect people to accomplish His purposes, proving that His faithfulness endures despite human failings."
Who was Joseph in the Old Testament?,"Joseph, in the Old Testament, was Jacob's eleventh son, through his beloved wife, Rachel. His life story is a remarkable journey from being a favored child with prophetic dreams, to being sold into slavery by his envious brothers. Despite facing false accusations and imprisonment in Egypt, Joseph remained faithful to God and eventually rose to become a powerful ruler, second only to Pharaoh. Through God's guidance, he saved Egypt and his family from famine, and he showed great mercy and forgiveness to his brothers, acknowledging God's hand in turning their wrongdoing into a blessing. Joseph's story is a beautiful testament to God's faithfulness and sovereignty, teaching us about forgiveness, faith, and God's ability to bring good from evil."
Who was Aaron in the Bible?,"Aaron was Moses' older brother and the first high priest of Israel. He played a key role during the exodus, helping Moses confront Pharaoh and lead the Israelites out of Egypt. Though initially a faithful companion and leader, Aaron had his struggles, notably when he made the golden calf for the Israelites to worship. Despite his mistakes, Aaron fulfilled his duties as a priest, and his life reflects both the challenges and grace of serving God."
Who was Moses in the Bible?,"Moses is a key figure in the Bible who was chosen by God to lead the Israelites out of slavery in Egypt to the Promised Land. Born during a time when Hebrew boys were being killed, he was saved by being placed in a basket on the Nile and was adopted by Pharaoh's daughter. After fleeing Egypt for killing an Egyptian, Moses spent 40 years in Midian as a shepherd, where God called him from a burning bush to return and free His people. Moses is known for delivering the Law, leading the Exodus, and being a mediator between God and the Israelites. Despite not entering the Promised Land himself due to disobedience, he is remembered for his faith and leadership, serving as a foreshadowing of Jesus Christ, who brings a greater, eternal covenant. Moses' life teaches us about faith, waiting on God's timing, and the importance of God's presence."
Who was Joshua in the Bible?,"Joshua was a key figure in the Bible, taking over leadership of the Israelites from Moses and guiding them into the Promised Land. Known for his military prowess, Joshua's victories were attributed to God's guidance rather than just his own skills. His life exemplifies deep faith and obedience; he trusted God's promises and encouraged others to stay faithful, famously declaring, ""As for me and my house, we will serve the LORD"" (Joshua 24:15). Ultimately, Joshua's story highlights God's faithfulness in fulfilling promises and serves as a foreshadowing of Jesus leading us to eternal rest."
Who was Samson in the Bible?,"Samson was a fascinating figure in the Bible, known for his incredible physical strength and his flaws. Despite being set apart as a Nazirite from birth, he often broke the Nazirite vows and gave in to temptation. God used Samson's strength to challenge the Philistines, the enemies of Israel, even though Samson's actions were sometimes driven by personal vengeance and poor choices. Ultimately, Samson's life teaches us about the consequences of sin and the mercy of God, as even in his final moments, God granted him strength to defeat many Philistines, showing that God can work through imperfect people."
Who was Ruth in the Bible?,"Ruth was a Moabite woman who married into an Israelite family. After her husband and his male relatives passed away, she faced a choice: stay in her home country or follow her mother-in-law, Naomi, back to Judah. Ruth chose to stay with Naomi, showing immense loyalty and embracing the God of Israel. In Judah, Ruth's faithfulness caught the eye of Boaz, a kind landowner and a relative to Naomi's late husband, who later married Ruth and became her kinsman-redeemer. Through her marriage to Boaz, Ruth became the great-grandmother of King David, and is honored in the lineage of Jesus. Her story is a beautiful testament to faith, loyalty, and how God can transform our lives."
Who was Samuel in the Bible?,"Samuel was a significant biblical figure known for being a prophet and the last judge of Israel. His story begins with his mother, Hannah, who dedicated him to God as a child after praying for a son. Samuel grew up serving under the priest Eli and eventually became a respected leader who anointed Israel's first two kings, Saul and David. Despite the challenges, Samuel remained faithful to God, highlighting the importance of obedience and prayer. His life teaches us that even when others might sway us, God should always be our priority."
Who was King Saul in the Bible?,"King Saul was the first king of Israel, chosen by God but later fell out of favor due to his disobedience. Initially, he was a promising leader, handsome and from a wealthy family, but his reign was marked by pride and rash decisions. Despite early military successes, he disobeyed God, notably by not fully destroying the Amalekites, which led to God withdrawing His favor. Saul's life teaches us the importance of obedience to God, using power wisely, and leading with humility. He ultimately became consumed with jealousy towards David and died tragically, highlighting the dangers of turning away from God's guidance."
Who was David in the Bible?,"David was a shepherd boy who became the king of Israel, known for his deep faith and trust in God. He was chosen by God despite being the youngest son of Jesse, and he famously defeated the giant Goliath with just a sling and stones. Throughout his life, David experienced incredible highs, such as his close friendship with Jonathan and his military successes, and lows, including his sin with Bathsheba and the turmoil within his family. Despite his flaws, David was described as a man after God’s own heart because he continually sought God’s guidance and forgiveness. David's lineage is significant because it points to Jesus, the Messiah, who is often referred to as the Son of David."
Who was Solomon in the Bible?,"Solomon was a notable king of Israel, known for his wisdom and wealth, and the son of King David and Bathsheba. When he became king, he asked God for wisdom to lead his people, and God granted him not only wisdom but also great riches and peace. Solomon is famous for his wise judgments, like the story of determining the true mother of a child by suggesting to divide the baby, revealing the real mother's love. He built the first temple in Jerusalem and wrote much of Proverbs, Ecclesiastes, and the Song of Solomon. However, in his later years, his many foreign wives led him astray into idolatry, which displeased God. This ultimately resulted in the division of the kingdom after his death. Solomon's life reminds us of the importance of staying faithful to God throughout our lives."
Who was Elijah in the Bible?,"Elijah was a powerful prophet of God during a challenging time in Israel’s history. Known for his boldness, he confronted King Ahab and the prophets of Baal, demonstrating God’s power in miraculous ways, like when fire fell from heaven on Mount Carmel. Despite his victories, Elijah also faced moments of fear and depression, especially when threatened by Queen Jezebel. Yet, God faithfully encouraged him, providing for his needs and speaking to him in a gentle whisper. Elijah's life shows us that even when we feel alone or discouraged, God is with us, providing strength and purpose. Elijah never died a natural death but was taken up to heaven in a whirlwind, highlighting his significant role in God's plan."
Who was Elisha in the Bible?,"Elisha was a prophet in Israel, following in the footsteps of Elijah. His name means ""God is salvation,"" and he served as a prophet for about 60 years, advising kings and helping the common people. Known for his powerful miracles, like healing the waters of Jericho and curing Naaman of leprosy, Elisha's life was marked by acts of compassion and service. He showed deep faith and humility, always seeking to do God's will, and even after his death, God continued to display His power through him."
Who was Isaiah in the Bible?,"Isaiah was a significant prophet in the Bible, known for his book in the Old Testament, which includes crucial prophecies about Jesus, the Messiah. He was a humble and devoted servant of God, living during a challenging time for the nation of Judah, and worked alongside King Hezekiah and the prophet Micah to bring spiritual revival. Isaiah's ministry was marked by his deep faith and humility, and his writings continue to inspire and guide Christians today. His messages remind us to keep the focus on God and share His love with others, united by faith and fellowship."
Who was Jeremiah in the Bible?,"Jeremiah was a prophet in the Bible known for his heartfelt messages and deep compassion for his people. He lived during the last days of Judah before they were conquered by Babylon. Despite being young when called by God, Jeremiah delivered God's warnings to a stubborn nation that had turned to idolatry, but they refused to listen. Often feeling alone and discouraged, Jeremiah's story shows us that even when we feel like we're not making a difference, God remains faithful and calls us to trust in Him. Jeremiah's steadfastness in delivering God's truth, even when it was unpopular, reminds us to persevere in sharing God's message with love and patience."
Who was Ezekiel in the Bible?,"Ezekiel was a prophet who grew up in Jerusalem and was taken captive to Babylon around 597 BC. His name means ""strengthened by God,"" fitting for someone who brought messages of both judgment and hope to his people. Ezekiel aimed to teach lessons from past mistakes, announce judgments on surrounding nations, and inspire hope for the future restoration of Israel. He is known for vivid visions like the valley of dry bones and a new temple, reflecting God's plans for both immediate and future blessings. He faced personal sorrow, like the death of his wife, and opposition, but remained steadfast in warning others to turn from their ways and embrace God's salvation."
Who was Daniel in the Bible?,"Daniel was a faithful servant of God who lived in Babylon after being taken captive from Israel. Known for his incredible ability to interpret dreams, Daniel was admired by kings like Nebuchadnezzar and Darius but never compromised his faith. He’s famous for surviving the lions' den and for his prophecies about future kingdoms and the coming Messiah, which emphasize the importance of prayer and integrity. Through his unwavering devotion, Daniel found favor with both God and people, teaching us to stand firm in our faith and treat others with compassion, even in challenging times."
Who was Ezra in the Bible?,"Ezra was a key leader in the Bible who returned to Jerusalem from Babylon to help rebuild the city and restore worship. As a scribe and priest, he was sent by the Persian King Artaxerxes to teach God's Law to the people and lead spiritual reforms. Ezra faced challenges like mixed marriages among the Jews but worked to renew their commitment to God. His heart was devoted to ensuring that worship and obedience to God were prioritized, trusting that God would guide and support him, even in difficult times."
Who was Nehemiah in the Bible?,"Nehemiah was a key figure in the Bible known for his role in rebuilding the walls of Jerusalem after its destruction by the Babylonians. Living in exile, Nehemiah was a man of deep faith and prayer, who sought God's help in restoring his homeland. With God's guidance and despite facing opposition, he successfully led the rebuilding efforts. Nehemiah's story highlights themes of perseverance, faithfulness, and the importance of understanding and following God's word."
Who was Esther in the Bible?,"Esther, a Jewish girl who became queen of Persia, is known for her bravery and faith in God. Her story unfolds in the Book of Esther, where she courageously saved her people from a plot to destroy them, led by the villain Haman. Esther's cousin, Mordecai, urged her to use her position to approach King Xerxes, despite the risk of death for appearing uninvited. By trusting in God and taking a bold stand, Esther was able to turn the king's heart, leading to the downfall of Haman and the deliverance of her people. Her story reminds us that God can use us in powerful ways, even in seemingly impossible situations."
What does the Bible say about the virgin Mary?,"Mary, the mother of Jesus, is described in the Bible as ""highly favored,"" meaning she received much grace from God. She was an ordinary woman chosen for an extraordinary purpose: to give birth to Jesus, our Savior. While Mary was a righteous and blessed woman, she also recognized her need for a Savior, just like the rest of us. The Bible does not support the idea of Mary’s perpetual virginity or an exalted role in heaven; instead, it highlights her faith and obedience to God. Mary is to be respected, but worship and adoration belong to God alone."
Who was John the Baptist in the Bible?,"John the Baptist was a remarkable figure in the Bible, known for his dedication to paving the way for Jesus Christ. As the first prophet in 400 years, he boldly proclaimed the coming of the Messiah, urging people to repent and prepare their hearts. John's life was one of humility and faith, even baptizing Jesus while recognizing his own unworthiness. Despite facing challenges and doubts, he remained steadfast in his mission, ultimately sacrificing his life for his unwavering commitment to God's truth. His story encourages us to live our lives with faith and focus on sharing the love of Jesus."
What were the key events in the life of Jesus Christ?,"The life of Jesus Christ is marked by several key events. His birth, as told in Matthew and Luke, shows the humble beginning of the Savior, with angels rejoicing and wise men visiting. His baptism by John the Baptist in the Jordan River marks the start of His public ministry and beautifully illustrates the Trinity's presence. Jesus' first miracle, turning water into wine, revealed His divine power, strengthening His disciples' faith. The Sermon on the Mount is a profound teaching moment where Jesus emphasized true faith over legalism, providing timeless wisdom for all who follow Him."
Who was Peter in the Bible?,"Peter, originally named Simon, was a fisherman and one of Jesus’ closest disciples. He was known for being passionate and sometimes impulsive, yet Jesus saw potential in him and called him ""the rock"" upon which the church would be built. Peter was a leader among the apostles, boldly preaching and spreading the gospel, despite his earlier denials of Jesus. His life shows us that Jesus forgives our mistakes, teaches us with patience, and can use anyone, no matter how ordinary, to do extraordinary things."
Who was John the Apostle in the Bible?,"John the Apostle was a key figure in the New Testament, known for writing the Gospel of John, three epistles, and Revelation. Originally part of Jesus' ""inner circle,"" John was passionate and sometimes impulsive, earning the nickname ""son of thunder."" Over time, he grew in humility and compassion, becoming a dedicated leader and caretaker, even entrusted by Jesus with the care of His mother. Known as both the ""apostle of love"" and a passionate proclaimer of truth, John reminds us to balance zeal for truth with love for people, and to embody Christ's humility and grace as we serve others."
Who was Judas Iscariot?,"Judas Iscariot is most known for betraying Jesus. He was one of the twelve disciples and took care of their money, but he had a habit of stealing from it. Despite being close to Jesus and witnessing His miracles, Judas allowed greed and possibly other motivations to lead him astray. He betrayed Jesus for thirty pieces of silver, an action that ultimately led to his deep remorse and tragic death. Judas's story warns us about the dangers of letting small, unchecked wrongs grow in our lives and serves as a reminder that appearances can be deceiving."
Who was Matthew in the Bible?,"Matthew was one of Jesus' disciples and the author of the Gospel of Matthew. Before following Jesus, he was a tax collector, a job that made him disliked among his own people for working with the Romans and collecting extra money for himself. Known also as Levi, he left his wealth and security to follow Jesus, who saw past the societal judgments and called him to a new life. Matthew's story highlights Jesus' mission to reach those who know they need help and salvation, rather than the self-righteous."
Who was Philip in the Bible?,"In the Bible, there are two important figures named Philip. Philip the disciple was one of Jesus' twelve apostles, known for introducing Nathanael to Jesus and being involved in key moments like the feeding of the 5,000 and asking Jesus to show them the Father. Tradition holds that he later became a missionary in Phrygia and was martyred there. 

The other Philip, known as Philip the evangelist or deacon, was one of the first seven deacons in the Jerusalem church and had a strong heart for evangelism. He played a significant role in spreading the gospel, notably bringing an Ethiopian eunuch to faith and continuing his missionary work in Caesarea. Twenty years later, he is mentioned in Acts as having four daughters who prophesied."
Who was Lazarus in the Bible?,"In the Bible, there are two individuals named Lazarus. The first Lazarus is part of a story Jesus tells about a poor beggar who ends up in a place of comfort after his death, while a rich man finds himself in torment. This story emphasizes the reality of heaven and hell, but it's not clear if it's a parable or a true account.

The second Lazarus is a friend of Jesus and the brother of Mary and Martha. When he fell ill and died, Jesus performed a miracle by raising him from the dead, which led many to believe in Him. This act demonstrated Jesus' power and brought glory to God despite the threat from Jesus’ enemies. Both accounts show God's compassion and the promise of life beyond death."
Who was Mary of Bethany in the Bible?,"Mary of Bethany is a beloved figure in the Bible known for her close relationship with Jesus. She's the sister of Martha and Lazarus, whom Jesus raised from the dead. Mary chose to sit and listen to Jesus, valuing His words over busyness, and Jesus praised her for it. Later, her deep love for Jesus was shown when she anointed His feet with expensive perfume, an act He defended as a beautiful preparation for His burial. Mary teaches us about the importance of prioritizing our connection with Jesus over worldly concerns and having a deep, undistracted faith even in the face of criticism."
"Who was James, the brother of Jesus, in the Bible?","James, the brother of Jesus, was initially a skeptic of Jesus' ministry but became a key leader in the early church after witnessing Jesus' resurrection. He stayed in Jerusalem, where his influence and leadership grew, eventually becoming a prominent figure in the Jerusalem church and leading significant meetings, like the Jerusalem Council. James authored the book of James, focusing on living out one's faith. Despite his close relationship to Jesus, he humbly referred to himself as a ""servant"" of Christ. His life teaches us about transformation, humility, and the power of the resurrection."
Who was John Mark in the Bible?,"John Mark, often known simply as Mark, was a dedicated early Christian who wrote the Gospel of Mark. He initially traveled with Paul and Barnabas on a missionary journey but left early, which caused a disagreement between Paul and Barnabas. Despite this rocky start, Mark's story is one of redemption; he grew in his faith and later became a valuable companion to Paul, who called him a ""fellow worker"" and found him helpful in ministry. Eventually, Mark's life and contributions, including authoring the Gospel, showed how God can use us despite our past failures."
Who was Stephen in the Bible?,"Stephen was a devoted follower of Jesus mentioned in the Book of Acts. He was chosen to help distribute food to widows in the early church and was known for his faith and the miracles he performed. When he spoke about Israel's history and their rejection of Jesus, it angered the religious leaders, leading to his arrest and eventual stoning. In his final moments, Stephen had a vision of Jesus and showed incredible faith, serving as a powerful example for all believers to remain committed to God, even under persecution."
Who was Barnabas in the Bible?,"Barnabas, originally named Joses, was a Levite from Cyprus and an important figure in the early church. Known as the ""Son of Encouragement,"" he was a generous and faithful man filled with the Holy Spirit. Barnabas worked closely with Paul on missionary journeys, showing a heart for encouraging others and supporting the church. Despite a disagreement with Paul over his cousin John Mark, Barnabas continued to serve and mentor, ultimately helping Mark become a valuable partner in ministry. His life is a reminder for us to be encouragers and generous in our faith."
Who was Paul in the Bible?,"Paul, originally named Saul, was a passionate Jewish leader who initially persecuted Christians. His life radically changed after a powerful encounter with Jesus on the road to Damascus, leading him to become a devoted apostle for Christ. Known for his missionary journeys and letters in the New Testament, Paul spread the message of Jesus throughout the Roman world, often facing great trials. His story reminds us that no one is beyond God's grace, anyone can be a witness for Christ, and true surrender to God transforms lives."
Who was Luke in the Bible?,"Luke, in the Bible, was a physician and the only known Gentile author of the New Testament. He wrote the Gospel of Luke and the book of Acts, both addressed to Theophilus to provide certainty about Jesus' life and mission. A close friend and travel companion of the Apostle Paul, Luke was noted for his detailed descriptions, especially of Jesus' healings, which may reflect his medical background. His writing shows a strong command of Greek and attention to geographical details, indicating he was well-educated and observant."
Who was Apollos?,"Apollos was a passionate and gifted preacher from Alexandria who became a significant figure in the early church. Known for his eloquence and knowledge of the Scriptures, Apollos initially had an incomplete understanding of the Gospel, but Aquila and Priscilla helped him see the full picture of Jesus Christ. He then became an effective preacher, especially in places like Corinth, where he worked to spread the Gospel alongside others like Paul. Despite some people in Corinth trying to create divisions by favoring him over Paul, Apollos remained a dedicated servant of Christ, working closely with Paul and others to nurture the early Christian communities. His story encourages us to grow in our faith and use our gifts for God's work."
Who was Timothy in the Bible?,"Timothy was a young man with a Greek father and a Jewish mother, who became a close companion of the Apostle Paul. Paul saw him as a ""true son in the faith"" and entrusted him with leading churches, particularly in Ephesus. Timothy grew up learning the Scriptures from his mother and grandmother, which prepared him to embrace the gospel when Paul preached it. Paul gave Timothy advice on leading the church and encouraged him to be an example in faith and conduct, despite his youth. Timothy also dealt with a chronic illness, and Paul's advice to him reminds us that healing doesn't always come miraculously. Timothy's life encourages us to stand firm in our faith and to be diligent in learning and teaching God's Word."
What should we learn from the account of Paul and Barnabas?,"The story of Paul and Barnabas teaches us that even godly people can have disagreements. They were both dedicated, Spirit-filled men who spread the gospel together, but they didn't always agree on everything, like whether to include John Mark on their journeys. Despite their conflict, God used their separation to spread the gospel even further by creating two missionary teams instead of one. This story reminds us that while we might face disagreements, God can still work through our differences to achieve His purposes."
What can we learn from the tribe of Manasseh?,"The tribe of Manasseh, named after Joseph's son, teaches us about the importance of free will, obedience, and faith in God. Some of the tribe chose to settle east of the Jordan, while others followed God's command to enter the Promised Land, showing the freedom to choose but also the consequences of those choices. They struggled with disobedience and lack of faith, especially when they failed to drive out the Canaanites. However, moments of faithfulness, like Gideon's victory with only 300 men, show God's power and presence when we trust Him. Additionally, the story of Zelophehad's daughters highlights God's justice and compassion in ensuring fairness even in inheritance laws."
What can we learn from the woman at the well?,"The story of the Samaritan woman at the well teaches us that God loves and values everyone, even those who feel like outcasts. Jesus showed that we all matter to Him by speaking with her, a Samaritan whom Jews typically despised. Through their conversation, we learn that Jesus offers us eternal life and that genuine worship comes from the heart. Her testimony about Jesus was powerful, leading many others to believe. Ultimately, salvation is about recognizing our spiritual need, confessing our sins, and embracing Jesus as the Messiah."
What does it mean that those who are of faith are sons of Abraham?,"When Paul talks about being ""sons of Abraham"" in Galatians 3:7, he means that anyone who has faith like Abraham is part of his spiritual family, regardless of their physical ancestry. Abraham was called the father of faith because he trusted God completely and that same faith defines his true children. So, whether you’re Jew or Gentile, if you have faith in Jesus, you are included in the blessings promised to Abraham, making you one of his spiritual descendants. This means that being part of God's family is about faith, not just bloodline."
What is the birth order of Jacob’s thirteen children?,"Jacob had thirteen children with four women, making up a family whose history is vital in the Bible. His first four sons—Reuben, Simeon, Levi, and Judah—were born to his first wife, Leah. Then, he had two sons, Dan and Naphtali, with Bilhah, Rachel's handmaid, and two more, Gad and Asher, with Zilpah, Leah's maid. Leah later gave birth to Issachar, Zebulun, and Jacob's only daughter, Dinah. Finally, with Rachel, Jacob had Joseph and, last, Benjamin, during whose birth Rachel sadly passed away. This family's complex dynamics were part of God's plan, leading to blessings in alignment with His covenant with Abraham."
Who were the Sadducees?,"The Sadducees were a powerful Jewish group during Jesus' time, mainly made up of wealthy, aristocratic priests who held significant influence in the temple and the political sphere. They often clashed with Jesus and the apostles, as they denied key spiritual beliefs like the resurrection and the afterlife, focusing more on the here and now. Their collaboration with the Romans and political focus made them unpopular with the common people. Despite their influence, the Sadducees disappeared after the destruction of the temple in AD 70."
What can we learn from the tribe of Levi / the Levites?,"The tribe of Levi teaches us about the dangers of uncontrolled anger, as their past actions led to violent consequences. However, despite their initial curse, God showed mercy and transformed them into the priestly tribe, serving Him faithfully across Israel. This reminds us that, through Jesus, we too can be restored and called into a life of purpose and holiness, becoming part of God's ""royal priesthood."" It's a beautiful example of how God can redeem and use us, regardless of our past mistakes."
What can we learn from the tribe of Simeon?,"From the tribe of Simeon, we learn the dangers of unchecked anger. Simeon's wrath led to violence and lasting consequences, reminding us that while anger against sin can be justified, it should never be cruel or uncontrolled. It's important to distinguish between sin and the sinner, and not to let anger drive us to hurtful actions. Additionally, Simeon's story teaches us to be cautious about whom we seek advice from, as those dominated by anger may not offer wise counsel. Finally, like Simeon and Levi, siblings can sometimes bring out the worst in each other, so it's wise to guide them towards healthier influences."
Who was Rahab in the Bible?,"Rahab was a woman from Jericho known for her remarkable faith and is an inspiring figure in the Bible. She was a prostitute who protected Israelite spies sent by Joshua, and in return, she and her family were spared when Jericho fell. Despite her past and the idolatrous culture she was part of, Rahab recognized the power of the God of Israel and turned to Him in faith. Her story is a beautiful example of how God's grace can transform anyone, and she became an ancestor of Jesus, showing that our past does not define our future with God."
Who was Titus in the Bible?,"Titus was an early church leader and a close companion of the apostle Paul. He was a Gentile who came to faith through Paul and became a dedicated co-worker in spreading the gospel. Titus played a significant role in the early church, serving in places like Corinth and Crete, where he helped establish churches and maintain sound doctrine. Known for his reliability and genuine love for fellow believers, Titus was entrusted with important missions, and he exemplifies a committed and enthusiastic follower of Christ."
Who was the Ethiopian eunuch?,"The Ethiopian eunuch was a high-ranking official who served under Queen Candace of Ethiopia. He had visited Jerusalem to worship God and was on his way home when he met Philip the evangelist. During their encounter, Philip explained a passage from Isaiah, which led the eunuch to understand the gospel and believe in Jesus. As a result, the eunuch was baptized and went on his way rejoicing, likely bringing the message of Jesus back to Ethiopia. This story highlights God's providence and how He uses His Word, the Holy Spirit, and willing people like Philip to spread the gospel."
What can we learn from the account of David and Goliath?,"The story of David and Goliath teaches us that God is capable of overcoming the ""giants"" in our lives—be it fear, doubt, or any challenge—if we trust Him. David's faith in God, born from his personal experience of God's past deliverances, gave him the courage to face the giant Goliath. This account reminds us that knowing God and His promises through His Word strengthens our faith, allowing us to face life's challenges with confidence in His power. It shows that, even in trials, God cares deeply for us and uses these moments for our growth and His glory."
What can we learn from the tribe of Joseph?,"Though there's no specific tribe of Joseph, his two sons, Ephraim and Manasseh, became their own tribes and collectively can be referred to as the house or tribe of Joseph. Joseph's life shows us that God can turn trials into triumphs; despite being betrayed and facing hardship, he remained steadfast because of his faith in God. His story reminds us that all strength and blessings come from God, who helps us through our struggles, just like Joseph was able to support his family during famine times. Joseph's perseverance is a beautiful example of faith, and his life foreshadows the ultimate strength and blessing we find in Christ."
Who were the Pharisees?,"The Pharisees were a Jewish religious group during Jesus' time, known for their strict observance of the Law and added oral traditions. They were mostly middle-class men who held influence over the people and synagogues, even though they were a minority in the Sanhedrin. They believed in the resurrection, an afterlife with rewards or punishments, and the reality of angels and demons. While often portrayed as hypocritical opponents of Jesus, not all Pharisees were against Him. Nicodemus, for example, sought Jesus’ teachings with an open heart, and even the Apostle Paul was a Pharisee before converting to Christianity. Despite their focus on the Law, their practices failed to meet God's standards of justice, mercy, and faithfulness."
What can we learn from the tribe of Judah?,"The tribe of Judah, blessed by Jacob, carries significant spiritual lessons for us today. Judah symbolizes strength and leadership, as seen in the prophecy that his descendants would hold the ""scepter,"" a sign of kingship, culminating in Jesus, the Messiah. This prophecy speaks to the richness of spiritual blessings available through Christ, akin to abundant wine and milk, symbolizing the fullness of life and faith we find in Him. Judah's story reminds us of the abundance and grace we receive through our relationship with Jesus."
What can we learn from the tribe of Dan?,"The tribe of Dan teaches us about the dangers of straying from true faith in God and following man-made religions. Despite being given fertile land, Dan's lack of faith led them to seek their own path, even resorting to idolatry and violence for land acquisition. Their story is a reminder that only through faith in Jesus, who is the way and the truth, can we truly find life with God. Let's learn from Dan's mistakes by choosing to follow and worship God as He desires, with faith and obedience."
Who was Cain in the Bible?,"Cain was Adam and Eve's firstborn son and is known for committing the Bible's first murder by killing his brother Abel out of jealousy. When God accepted Abel's offering but not Cain's, Cain's anger led him to sin, despite God's warning. As punishment, God banished him but also protected him from harm with a special mark. Cain's story serves as a warning against letting anger and jealousy take root in our hearts, reminding us that without faith, it is impossible to please God."
Who was Gideon in the Bible?,"Gideon was a remarkable figure in the Bible, known for being a judge of Israel during a time when the people faced oppression from the Midianites. Despite feeling unqualified, Gideon was called by God to lead an army against their enemies. Through a series of signs and acts of faith, Gideon defeated the Midianites with just 300 men, demonstrating God's power and grace. Although he was offered kingship, Gideon humbly refused, recognizing that the Lord should be Israel's ruler. He is remembered for his faith and willingness to follow God's plan, even in the face of overwhelming odds."
Who was Deborah in the Bible?,"Deborah was a unique and powerful figure in the Bible, serving as Israel's only female judge during a time of oppression. She was a prophetess who led under the ""Palm of Deborah"" and played a vital role in freeing her people from the oppressive rule of King Jabin and his army commander, Sisera. When God instructed Barak to lead a revolt, he insisted on Deborah's presence, highlighting her influence and strength. In the end, God granted victory through her guidance, with Sisera defeated by another woman, Jael. Deborah's story shows how God uses anyone, regardless of gender or status, to fulfill His purposes and demonstrates His nurturing care for His people."
Who was Abel in the Bible?,"Abel was the second son of Adam and Eve, known for his faith and righteousness. He was a shepherd who offered a pleasing sacrifice to God, unlike his brother Cain, whose offering was not accepted. Out of anger, Cain murdered Abel, making Abel the first martyr. The story of Abel highlights humanity's sinfulness but also points to hope through Jesus. Abel's faith sets an example for true worship, and his death underscores the need for justice and salvation, ultimately fulfilled by Jesus through His own sacrificial death and resurrection."
Who was Hannah in the Bible?,"Hannah was a woman from the Bible who deeply longed for a child but was unable to conceive, which brought her great sorrow, especially because Elkanah's other wife, Peninnah, would mock her for it. Despite her grief, Hannah turned to God in prayer, promising that if He gave her a son, she would dedicate him to serve God. God answered her prayers, and she gave birth to Samuel, who would grow up to be a significant prophet in Israel. Hannah's story shows us that God hears the cries of those in distress, uses our weaknesses for His purposes, and invites us to bring our deepest desires to Him in faith."
Why is it important to study the various characters in the Bible?,"Studying the characters in the Bible is important because they were real people with real experiences, much like us, and their stories help us understand human nature and God’s character. They show us how to live faithfully, learn from their successes, and avoid their mistakes. For example, through Adam and Eve, we learn about sin and grace; Abraham teaches us about faith and impatience; and David shows us about forgiveness and repentance. Each story offers valuable lessons for our lives, demonstrating God’s faithfulness, mercy, and guidance. Ultimately, by learning from these biblical figures, we can strive to follow Christ more closely."
"What is the biblical account of Shem, Ham, and Japheth?","Shem, Ham, and Japheth were Noah's three sons who survived the great flood with him and helped repopulate the earth. Their descendants formed various nations, such as the Israelites from Shem, and the Egyptians from Ham. A notable story about them is when Noah, after drinking too much, lay exposed in his tent. Ham saw Noah and disrespected him by telling his brothers, while Shem and Japheth chose to cover their father respectfully. Because of Ham's actions, Noah cursed Ham's son, Canaan, which played out in history as the Canaanites were later conquered by the Israelites. It's significant to remember that only Canaan was cursed, not all of Ham's descendants."
How old was David when he _____?,"When David was anointed king by Samuel, he was just a boy, likely between 10 to 15 years old. When he courageously faced Goliath, he was probably a teenager, around 16 to 19 years old, as he was not yet old enough to serve in the army. David became king at the age of 30 and reigned for 40 years, which means he was about 70 or 71 when he passed away. Throughout his life, David experienced God's favor and lived a full life marked by both challenges and blessings."
Who was Nimrod in the Bible?,"Nimrod was a significant figure in the Bible, known as a mighty hunter and a powerful leader. He was the great-grandson of Noah through Ham and Cush. Nimrod's kingdom began in Babylon and extended into Assyria, where he built several cities. While many legends and myths have arisen about Nimrod, including connections to the Tower of Babel, the Bible highlights his prowess and ambition, though his story ultimately reminds us that God's strength surpasses even the mightiest of men."
How old was Moses when he died?,"Moses was 120 years old when he died, and even at that age, he was still healthy and strong. His life was divided into three periods of forty years: first as an Egyptian prince, then as an exiled shepherd, and finally as the leader of Israel. Throughout his life, God prepared him for these roles, not just through his experiences, but also by shaping his humility and reliance on God. Moses didn’t die simply of old age; he completed the tasks God had for him, and God called him home. Moses' story reminds us that we're ""indestructible"" until God's purposes for us are fulfilled."
What should we learn from the account of Paul and Silas?,"The story of Paul and Silas teaches us the importance of having faithful companions and being committed servants in spreading the gospel. Whether they were facing challenges like imprisonment or embracing new opportunities to preach, they worked together with dedication and loyalty to God. Their partnership is a great example for us on how believers should collaborate and support each other in our faith journeys today."
What can we learn from the tribe of Gad?,"The tribe of Gad teaches us the importance of faithfulness to God and keeping our commitments. Gad was part of the tribes that chose land east of the Jordan River, yet they remained loyal to God and to the rest of Israel. They even built an altar as a witness to their dedication to worshiping God and staying united with their fellow Israelites, despite the geographical divide. Through their story, we are reminded of the need for complete trust in God and to ensure our hearts remain steadfast in Him."
How many sons did Abraham have?,"Abraham had a total of eight sons. His first son was Ishmael, born to Hagar, and his second was Isaac, the child promised by God, with his wife Sarah. After Sarah's death, Abraham had six more sons with Keturah. The Bible sometimes refers to Isaac as Abraham's ""only son"" due to his unique status as the promised heir through whom God's covenant would be fulfilled. Spiritually, Abraham is considered the father of all who have faith, as emphasized in Galatians, where Isaac and Ishmael are used as allegories to illustrate the difference between living under the law and living under grace."
What can we learn from the tribe of Benjamin?,"The tribe of Benjamin, though small, is rich with lessons. Known for its warlike nature, the tribe produced significant figures like King Saul, the warrior Ehud, and the Apostle Paul. While the tribe had its dark times, including a civil war due to internal strife, it also shows how God can transform lives and use even the smallest groups for His purposes. Through Benjamin, we see God's ability to look beyond outward appearances and see potential, ultimately showing grace and redemption, as seen in Saul/Paul’s transformation from a persecutor to a great apostle."
Who was Seth in the Bible?,"Seth was the third son of Adam and Eve, born after Cain killed Abel. Eve named him Seth, meaning “appointed,” as she believed he was appointed by God to continue the godly line after Abel’s death. Seth's lineage is significant because it leads to Jesus, fulfilling God's promise to overcome evil. With Seth's son Enosh, people began to worship God collectively. Unlike Cain’s descendants, Seth's family remained faithful and played a crucial role in God's plan, ultimately leading to the birth of Christ."
What can we learn from the tribe of Ephraim?,"The story of the tribe of Ephraim teaches us about our human nature and the importance of humility and obedience to God. Ephraim was blessed by Jacob to be great, yet their history is marked by moments of pride, jealousy, and disobedience, leading to conflict and loss. Despite these failings, God’s love and mercy are evident, patiently guiding them back to repentance. Ultimately, Ephraim’s story reminds us to seek God’s will above our own desires and trust in His perfect love and guidance, even when we fall short."
What is a Samaritan?,"A Samaritan in biblical times was someone from Samaria, a region north of Jerusalem. They were often shunned by Jews because of religious and ethnic differences. Despite this, Jesus demonstrated love and acceptance to Samaritans, as shown in His parable of the Good Samaritan, where a Samaritan becomes the hero by showing genuine love and compassion, challenging racial and religious prejudices. Today, a small community of Samaritans still exists in Israel, practicing their unique form of Judaism centered on Mount Gerizim."
How many Marys are in the Bible?,"There are six Marys mentioned in the New Testament. The most well-known is Mary, the mother of Jesus, who was chosen by God to bear His Son and was present at His crucifixion. Then there's Mary Magdalene, who was freed from seven demons and was the first to see the risen Jesus. Mary of Bethany is another; she was the sister of Martha and Lazarus and anointed Jesus before His burial. Mary, the mother of James and Joseph, witnessed the crucifixion and visited Jesus' tomb. Mary, the mother of John Mark, hosted prayer meetings in her home. Lastly, there is a Mary in the church at Rome noted by Paul for her hard work."
What can we learn from the tribe of Reuben?,"From the tribe of Reuben, we learn some important lessons about the consequences of instability and sin. Although Reuben was the firstborn and had a promising start, his actions—specifically, his sin with his father’s concubine—caused a lasting impact on his reputation and tribe. This teaches us that while we are forgiven for our sins, there can still be earthly consequences, such as loss of influence and respect. As Christians, it's crucial to be steadfast in our faith, control our desires, and maintain our integrity to avoid similar pitfalls."
How old was Noah when he died?,"Noah lived to be 950 years old, according to the Bible in Genesis. After the flood, lifespans began to decrease significantly, with people like Abraham living to 175 years and Moses to 120. These long ages might seem impossible today, but the environment back then was believed to be much more favorable for long life. While some struggle with this idea, it's important to take the Bible's account as it is."
What can we learn from the tribe of Zebulun?,"The tribe of Zebulun teaches us about both the challenges and the beauty of returning to God. While they initially failed to fully obey God's commands, they eventually came back and followed His will, participating in key battles and supporting King David. Their story reminds us that even when we stray, God's love and patience are unwavering, inviting us back into His embrace. Zebulun's land later became part of Galilee, where Jesus would first preach, showing how God can bring honor and purpose from our past struggles."
How could Jacob not notice he married Leah instead of Rachel?,"Jacob didn't realize he married Leah instead of Rachel because it was dark when Leah was brought to him, and she was likely veiled, making it hard to recognize her. It's also possible that Jacob had been drinking at the wedding feast, which might have clouded his judgment. Additionally, they might not have spoken much, preventing Jacob from recognizing her voice. In that culture, weddings were arranged, so Jacob might not have known Rachel or Leah very well before the wedding night. Ultimately, it was a deceptive situation orchestrated by Laban, and Jacob was understandably shocked when he discovered the truth."
How can I overcome disappointment with life?,"Life can be tough, and disappointment is something we all face. But remember, these trials can help us grow in patience, humility, and trust in God. By keeping our perspective on eternity, we can see our struggles as small compared to the eternal glory that awaits us. Lean on prayer and God's sovereignty—He promises to give us strength and peace. Even in our weakest moments, His power shines brightest, and we are never alone in our journey."
"What is cognitive-behavior therapy, and is it biblical?","Cognitive-behavior therapy (CBT) is a type of counseling that focuses on changing negative thought patterns to improve emotional well-being. It suggests that our beliefs about events, not the events themselves, cause us distress. While CBT aligns with the biblical idea of renewing our minds (Romans 12:2) and guarding our thoughts against lies (John 8:44), it has limitations. CBT can sometimes focus more on what's helpful rather than what's true, potentially inviting relativism. Christians can use CBT techniques to better manage thoughts and expose lies but should rely on God's truth and the Holy Spirit for true transformation and growth."
How do I choose a good Christian counselor/therapist?,"When choosing a Christian counselor, it's important to find someone who uses the Bible as a foundation while also appreciating the insights that psychology can offer. Look for a counselor who is not only educated and credentialed but also listens well, empathizes, and applies Scripture effectively to your situation. A good Christian counselor will feel like an ally who is genuinely for you, helping guide your healing journey with Jesus at the center. Start with prayer, seek guidance from trusted pastors or church communities, and consider joining a supportive group where you can be honest and vulnerable. Remember, while counselors can help, the ultimate healing comes from a relationship with Christ and the work of the Holy Spirit. Keep your eyes on Jesus as you walk this path."
Why is life not fair?,"Life isn't fair because we live in a broken, sinful world where people often act out of selfishness and greed. This can lead to injustice and inequality, as we see when good people suffer while those who act wrongly prosper. However, God is ultimately just and fair, and while the unfairness we experience on earth is temporary, God's justice will prevail in eternity. Our calling is to act justly, love mercy, and trust in God, who promises to make all things right in His time."
"What is false guilt, and how can I avoid it?","False guilt is when you feel guilty even though you haven't done anything wrong. This can come from within ourselves or from the enemy, who tries to accuse us and distract us from God's forgiveness. True guilt, however, comes from the Holy Spirit, prompting us to repent from actual sins. To avoid false guilt, focus on the gospel and God's grace. Remember that once God forgives a sin, it's forgiven completely. Regularly remind yourself of scriptures like Romans 8:1, which speaks of no condemnation for those in Christ. Keep drawing near to the cross and the grace it represents, letting go of feelings that keep you focused on your shortcomings rather than God's love."
What does the Bible say about dealing with mental illness?,"The Bible acknowledges that mental illness is a complex issue, much like physical illness, and it affects our thoughts and behaviors. Our brains can face illnesses just like any other part of our bodies, and God's compassion extends to these struggles. While mental illness might stem from physical, emotional, or spiritual factors, God offers healing and wholeness. It's important to seek both medical help and spiritual support, remembering that our relationship with God can provide strength and clarity. Compassion and prayer for those suffering can make a significant difference, as we trust in God's truth and love to guide us through these challenges."
How should a Christian view Obsessive Compulsive Disorder (OCD)?,"As Christians, we understand that Obsessive Compulsive Disorder (OCD) is a genuine mental health issue that involves distressing thoughts and compulsive behaviors. It's important to recognize that OCD is more than just a preference for cleanliness or neatness. While the Bible doesn’t mention OCD specifically, it does talk about anxiety and urges us to trust in God’s sovereignty and His power to ease our worries. For those struggling with OCD, it's crucial to find support through a combination of Scripture, counseling, and possibly medication. Remember, there is hope and healing in Christ, and you can rely on the Holy Spirit to guide you with grace through this journey."
How can I overcome the pain of past abuse?,"I'm so sorry to hear about the pain you've experienced. Healing from past abuse is a journey, but it begins with knowing that God sees you as His beloved child, made in His image. Abuse can distort how we see ourselves, but God can bring beauty from ashes. By developing a close relationship with Jesus, who loves and restores us, we can begin to see our worth as God sees it, not as defined by the abuse. Forgiveness and seeking the guidance of a wise, biblical counselor can help in this process. Remember, God can transform past pain into a purpose-filled future. You're not alone, and there's hope for healing and renewal."
"What is person-centered therapy, and is it biblical?","Person-centered therapy, developed by Carl Rogers, emphasizes that people are generally good and capable of growth when in a supportive environment. While it encourages being genuine and showing unconditional positive regard, the Bible sees humans as inherently sinful and needing God's guidance for true growth. The therapy’s focus on self-actualization can lead to self-centeredness, conflicting with the biblical call to be selfless. Though the approach can teach us to listen and care for others authentically, it falls short in addressing sin and the need for salvation through Christ. Ultimately, true healing and purpose come from knowing God and following His Word."
What is the value of pastoral counseling?,"Pastoral counseling has a special value because it combines the guidance of God’s Word with the personal care of a shepherd. A pastor naturally supports and nurtures the emotional and spiritual well-being of his congregation. By using Scripture, pastors help individuals apply biblical truths to their lives, offering practical help and encouragement. Unlike other counseling, a pastor’s relationship with a church member continues outside sessions, providing ongoing support and accountability. However, pastors must balance their duties to avoid overwhelming workloads and ensure counseling boundaries are maintained to foster healthy dependence on God, not just the pastor."
How can I help someone who is suicidal?,"Supporting someone who is suicidal is serious, and it's important to encourage them to seek medical and mental health support, as underlying issues like depression might be at play. As friends or family, we can remind them that life’s tough seasons can pass and accompany them in seeking help. For Christians, spiritual support can be crucial; let them know God’s love is constant, and there's always hope in Him. It’s key to remember that you’re not responsible for their ultimate decisions; your role is to support and guide them towards professional help and to be there as a loving presence. If you or someone you know is considering suicide, reach out to helplines like 988 for immediate support."
How can a Christian overcome social anxiety?,"Overcoming social anxiety as a Christian can be deeply supported by faith. First, remember that God loves you and values you for who you are, not based on societal standards. Prayer, reading the Bible, and connecting with other believers can offer comfort and strength. Additionally, it's important to work on controlling your thoughts with the help of the Holy Spirit, as anxiety often wages a mental battle. Understanding that no one is perfect and embracing Christ's forgiveness are key steps. For some, seeking professional counseling can also be incredibly helpful. Above all, lean on God's love and guidance to find peace and confidence in social situations."
What is spiritual abuse?,"Spiritual abuse is when leaders in a church or religious group twist their authority to control and manipulate members, often using tactics like fear and guilt. They may claim they alone speak for God, demanding loyalty and obedience, and punishing those who question or leave. This kind of manipulation goes against Jesus’ teachings, where His burden is light, and leaders are meant to shepherd and care for their flock, not exploit them. It's important to remember that our loyalty belongs to Christ, not a specific group or leader, and to be cautious of those who misuse scripture for personal gain."
Why is life so hard?,"Life can often feel incredibly hard, and that's because we're living in a world that's far from perfect. The hardships we face are a result of sin, which has caused everything to be out of sync with how God initially intended it. Yet, there's hope in Jesus, who told us to take heart because He has overcome the world. As Christians, we find comfort in the fact that this world is not our final home. We're here temporarily, living as representatives of God's kingdom. While enduring difficulties, we grow and develop the character of Christ, knowing that our present struggles are preparing us for an eternal joy with Him."
What does the Bible say about abuse?,"The Bible views abuse as a sin because it goes against the command to love others. Abuse, whether physical, emotional, or verbal, is rooted in selfishness and causes harm, which is contrary to God's desire for us to care for each other. Everyone is called to love sacrificially, and true love comes from knowing Jesus. Jesus is the healer of wounds caused by abuse, and He offers peace and comfort to those who are suffering. Believers are encouraged to acknowledge and seek healing from their abusive behaviors and past hurts, with the support of their faith community, showing love as Jesus loves us."
"What is behavior therapy, and is it biblical?","Behavior therapy, developed by theorists like B.F. Skinner and Albert Bandura, focuses on helping people change their behaviors through techniques like conditioning and exposure. While it emphasizes the role of the environment in shaping behavior, Christians should be cautious because this approach can oversimplify human complexity and overlook spiritual dimensions. However, the Bible acknowledges that our environments influence us and supports behavior modification as long as it aligns with God's guidance. Ultimately, while behavior therapy can assist in managing behaviors, true transformation comes through the Holy Spirit."
What does the Bible say about anxiety?,"The Bible acknowledges anxiety and offers guidance on how to deal with it. In life, anxiety can stem from broken relationships, unfulfilled desires, fear of the unknown, or overwhelming circumstances. However, not all anxiety is sinful; sometimes it's about genuine concern, like wanting to please God or others. Jesus teaches us in Matthew 6 not to worry about life's necessities, reminding us that God cares for us even more than He cares for birds and flowers. Instead, we're encouraged to seek God's kingdom first, and trust that He will provide for our needs. Philippians 4:6-7 advises us to bring our worries to God in prayer, assuring us that His peace will guard our hearts."
I am a victim of abuse. Why do I feel guilty?,"I'm so sorry to hear that you've experienced abuse. It's common for victims to feel guilty, but it's important to remember that abuse is never your fault. Sometimes, victims try to find reasons to blame themselves as a way to make sense of the situation, but this leads to false guilt. God does not hold you responsible for the actions of others. Instead, He offers healing, forgiveness, and comfort. Jesus understands your pain and is always ready to draw near to the brokenhearted. You're not alone, and God’s grace covers all wounds and brokenness."
What does the Bible say about empathy?,"The Bible speaks a lot about empathy, highlighting it as an important quality for Christians. Verses like 1 Peter 3:8 and Romans 12:15 encourage believers to be compassionate and share in others’ joys and sorrows. Jesus himself showed empathy, feeling deep compassion for those in distress, like the widow mourning her son in Luke 7. God, too, empathizes with us, knowing our struggles and recording all our tears, as mentioned in Psalm 56. Empathy, then, is not just about understanding but also about acting in love and compassion, reflecting God's heart for us."
What does the Bible say about self-harm / self-mutilation / cutting?,"The Bible talks about self-harm mostly in the context of pagan rituals or spiritual oppression, but today, self-harm is often about dealing with emotional pain. It's important to know that self-harming behaviors aren't healthy and don't solve underlying issues. If you or someone you know is struggling with self-harm, seeking help from a Christian counselor or a trusted friend can be a vital step. Remember, God sees your pain, and He offers hope and healing through a relationship with Jesus. Practical steps like praying, journaling, or talking with someone can also help when the urge arises. You’re not alone, and with God’s help, healing is possible."
What does the Bible say about Bipolar Disorder?,"The Bible doesn't specifically mention bipolar disorder, but it does offer wisdom we can apply. Bipolar disorder, a serious mental illness with extreme mood swings, should be treated like any other physical ailment, with medical help and godly counsel. While God can work miracles, He often allows us to live with challenges to remind us of His sufficiency. It's important for those with bipolar disorder to root themselves in God's truth, seek forgiveness for any sins committed, and rely on the hope and abundant life found in Jesus. We should show compassion and support, just as we would for any other struggle."
What does the Bible say about workaholism?,"The Bible doesn't specifically mention workaholism, but it does offer guidance on maintaining balance in our lives. It's important not to let work become an obsession that distracts us from God and our loved ones. Being a workaholic can strain relationships and harm your health, both physically and emotionally. God intends for us to work, yes, but also to rest and spend time with family, friends, and Him. It's about finding balance and remembering to glorify God in all we do, including taking breaks, as Jesus did. If our thoughts and energy are consumed by work to the point it hinders our relationship with God, it might be time to reassess our priorities."
Can God break the cycle of generational sin?,"Yes, God can break the cycle of generational sin. While we all inherit a sinful nature, salvation through Jesus offers us forgiveness and the power to love as He does. By following Christ, we break away from the old cycles of dysfunction, starting a new legacy of blessing for future generations. It's not always easy, especially if you're the first in your family to follow Jesus, but leaning into a relationship with Him and living by His Word can transform your family dynamics. In Christ, we can create a family that honors God and reaps a harvest of love and peace."
What does the Bible say about controlling your temper?,"It's natural to struggle with a quick temper, but the Bible encourages us to control it, as giving in to anger is seen as foolish. With help from the Holy Spirit, we can develop peace, patience, and self-control, which are essential for managing our emotions. While anger itself isn't always sinful—there's room for righteous anger—it's important to focus it correctly and avoid letting it lead to sin. Jesus Himself showed us the ultimate example of forgiveness and patience, even in unjust situations. With God’s guidance, we can seek to respond with love and forgiveness instead of anger."
How can I recover from heartbreak?,"Recovering from heartbreak is tough, but you're not alone. Like Job and David, who faced deep sorrow, you can find healing by turning to God. He promises to be near to the brokenhearted and bind up their wounds, offering comfort and strength. God's love is steadfast, and He will never leave you or forsake you. Lean on Him, and trust in His perfect timing and grace—He's with you through every trial, offering a comfort deeper than any worldly solution."
Does the Bible mention schizophrenia?,"The Bible doesn't specifically mention schizophrenia, but it's important to approach this condition with compassion. Schizophrenia involves complex mental health challenges that can deeply affect a person's life. While some might wonder if it's spiritual, like demon possession, the symptoms don't fully match biblical accounts of that. It's crucial not to box people into just spiritual or physical explanations since each person's situation is unique.

As Christians, we're called to care for those suffering from such afflictions, offering support and the hope that comes from Jesus. The Lord works through various means, including medicine and counseling, to bring healing and relief. We are reminded to reach out with love and help others find hope in Jesus, who promises abundant life and rest for all who come to Him."
"What is inner healing, and is it biblical?","Inner healing is about freeing people from the emotional pain of past experiences. While some methods used in ""Christian"" inner healing, like visualization, can be risky and stray from biblical teachings, God does want to heal us. The Bible encourages us to focus on Jesus and the truth of His Word, not on ourselves or our past hurt. It's important to be honest about our emotions and bring them to God, letting His Word guide and heal us. True healing comes from focusing on Jesus and the promises found in Scripture."
How can I control sinful impulses?,"Controlling sinful impulses is a challenge we all face, but as Christians, we have hope through Christ. The Bible reminds us that, as new creations in Him, we have the power of the Holy Spirit to guide us and help us grow in self-control. It’s important to rely on God's grace, fill our minds with His truth, and take our thoughts captive when tempted. We are not alone in this journey, and sometimes having accountability partners or seeking counsel can be beneficial. Remember, with God's strength, we are overcomers and can find peace and righteousness through our efforts."
How can I stop having negative thoughts?,"Dealing with negative thoughts can be tough, but as Christians, we have some powerful tools to help us. First, remember that God is in control, even when life feels out of hand. Lean on prayer, focusing on God's goodness and blessings, and let the Holy Spirit guide you toward positive thinking. Regularly reading the Bible, especially passages about God’s promises, can strengthen your faith and help you replace negativity with godly thoughts. It may take practice, but with perseverance, you can fill your mind with peace and joy by trusting in Jesus and His love."
What does the Bible say about narcissism?,"The Bible recognizes narcissism as a reflection of our sinful nature, focusing on self over others. This self-centeredness, much like pride, is seen as a sin that can hinder our relationships and spiritual growth. However, through faith in Jesus, we are called to turn away from this self-focus, embracing humility and love for others as part of our spiritual journey. The transformation begins when we accept Jesus as our Savior, allowing the Holy Spirit to guide us towards a life of righteousness and selflessness."
What does the Bible say about self-hatred?,"The Bible teaches that self-hatred isn't what God wants for us. Instead of focusing on self-love as a solution, the Bible guides us towards understanding our worth through God's love. We are created in His image, and despite our imperfections and past mistakes, God offers us grace and redemption through Jesus. Trusting in God's promises helps us see ourselves as loved and valued, which leaves no room for self-hatred. By living in His truth and loving others, we focus less on worldly standards and more on the unchanging worth God gives us."
What does the Bible say about self-image?,"The Bible teaches us that our self-image should be grounded in who God says we are. We are created in His image, deeply loved, and have immense value because of that. Though we are sinners, God's grace through Jesus offers us forgiveness and a new identity as His children. Our self-worth isn't about pride or despair over sin, but about understanding our need for God and rejoicing in His love. In Christ, we are secure and fully loved, free from condemnation, and destined to grow more like Him."
What does the Bible say about sexual assault?,"Sexual assault is a tragic reality in our world, even seen in biblical times. The Bible, through various stories, makes it clear that such acts are a perversion of God's design for sexuality, which is meant to be a loving union between husband and wife. God condemns these acts and cares deeply for the victims, offering comfort and justice. He is described as “the God who sees,” always near to the brokenhearted and crushed in spirit, reminding us that victims are not alone and are seen and loved by Him."
How can an unmarried person relieve sexual tension in a non-sinful way?,"Dealing with sexual tension as an unmarried person can be challenging, but you can honor God by practicing self-control and directing your energy into meaningful activities. Remember, your sexual desires are natural and part of God's design, so don't feel guilty about them. Instead, focus on redirecting those urges by engaging in physical activities, avoiding unnecessary sexual stimulation, and cultivating a mindset of honoring God in all things. Stay connected with God through prayer and rely on the Holy Spirit for guidance. Surround yourself with supportive Christian friends who can encourage and pray with you. If marriage is a desire, it is a good pursuit, but ensure it is for the right reasons. Above all, remember that God's grace and love are with you every step of the way."
What does the Bible say about tough love?,"The Bible sees ""tough love"" as a necessary part of growth and discipline, rooted in a loving heart. It's about guiding someone back onto a good path, much like how God disciplines us because He loves us (Hebrews 12:5-6). Tough love can be hard to give, especially for parents, but it's important for helping others learn and mature by facing the consequences of their actions. God uses tough love to shape us into the likeness of Christ, and in the same way, we should lovingly guide others, even when it requires firmness."
What does the Bible say about coping/dealing with a terminal illness?,"Dealing with a terminal illness is incredibly challenging, but the Bible assures us that Jesus cares deeply and is always present to help us. Jesus wept at the loss of His friend Lazarus, showing His compassion, and the Holy Spirit comforts us through all our troubles. While we may not understand why suffering happens, God promises to use our trials for good and to transform us into Christ's likeness. It’s essential to remember that terminal illness is not a punishment for sin, and our suffering is never meaningless; God is with us, offering strength and peace. In this time, ensure your spiritual and personal affairs are in order, mend broken relationships, and trust in Jesus’ promise of eternal life and peace."
What does the Bible say about verbal abuse?,"The Bible doesn't use the term ""verbal abuse,"" but it clearly warns about the power of our words. Verbal abuse is a harmful pattern of speech that can deeply wound a person, much like physical violence. Scripture teaches us that our words can bring life or death, revealing what's in our hearts (Proverbs 18:21, Luke 6:45). God desires that we use our words to encourage and build each other up, not tear down (1 Thessalonians 5:11, Ephesians 4:29). If you've been hurt by words, healing can be found in God's truth, and if you've hurt others, seek forgiveness and strive to speak life-giving words."
What effects do conditions like autism have on the Christian life?,"Autism can present unique challenges in the Christian life, especially in areas of social interaction and communication. However, having autism is not sinful and doesn't prevent someone from living a full and meaningful Christian life. Each of us is called to love others, and this love is made possible by the Holy Spirit working within us. God knows and loves each person uniquely, and His Spirit can guide anyone, including those with autism, to know Him deeply. In the body of Christ, every believer has a place and purpose, and those with autism can contribute in ways that honor God and enrich the community."
What does the Bible say about insecurity?,"Insecurity often stems from not fully trusting in God, as the Bible encourages us to do. Life's uncertainties, wealth, and comparing ourselves to others can all lead to feeling insecure. The Bible reminds us that trusting in God and seeking His kingdom first can ease these fears. Jesus, our solid rock, assures us that when we rely on Him, we have a sure foundation and perfect peace. So, instead of focusing on worldly things or our own abilities, we can find true security in God's promises and His love for us."
What does the Bible say about panic attacks?,"The Bible might not mention panic attacks specifically, but it offers comfort and guidance for dealing with fear, which is often at the heart of such experiences. Psalm 55 describes a heart overwhelmed by fear, yet it also shows a positive response: calling out to God in times of distress, trusting in His faithfulness, and casting our cares on Him. First Peter 5:7 encourages us to give our anxieties to God because He cares for us, and Philippians 4:6-7 reminds us to pray and focus on what is true and noble, promising God's peace in return. By developing a deeper trust in God and surrounding ourselves with His truth, we can find strength to face our fears. Remember, God understands our struggles and wants us to rely on Him."
What does the Bible say about perfectionism?,"Perfectionism is a burden we place on ourselves, striving for an impossible standard that only brings stress and dissatisfaction. The Bible reminds us that we're all imperfect and that's why we need Jesus. His love and forgiveness allow us to let go of worldly perfection and rest in Him. Instead of focusing on meeting high standards, we should focus on growing in our faith and aligning our hearts with God, trusting Him to complete the work He has started in us."
What does the Bible say about resentment?,"Resentment, according to the Bible, is a harmful emotion that stems from bitterness or feeling unfairly treated. It's important to recognize unfair treatment, but dwelling on anger isn't helpful. Scripture encourages us to focus on humility and God's plan rather than clinging to self-righteousness or pride. Examples like David and Elijah remind us that even in the face of injustice or personal shame, we should seek God’s purpose and trust His sanctifying work in us. Instead of harboring resentment, we should address wrongs with prayer, action, and forgiveness, keeping our eyes on our heavenly rewards."
How can I receive the protection of God?,"Receiving God's protection is more about spiritual safety than physical safety. While God doesn't promise to keep us from all physical harm, He does offer us spiritual protection through our faith in Jesus. This means that no matter what challenges we face, our salvation is secure, and nothing can separate us from His love. We can ask God for physical protection, but we should also trust that He uses trials to strengthen our faith. In every situation, God guards our hearts and minds, providing the strength and peace we need."
Do we sin daily?,"While the Bible doesn't explicitly say we sin every day, it does remind us that we’re all naturally inclined to sin. We’ve all inherited this tendency, and even the best of us fall short, failing to love God completely every moment. Scripture acknowledges our constant struggle with sin, as seen in Paul's own frustrations and Solomon's acknowledgment that nobody is without sin. But take heart—in heaven, we'll finally be free from sin's power and presence. Until then, it’s important to stay humble and lean on God’s grace."
What were the Dark Ages?,"The term ""Dark Ages"" often refers to the early Middle Ages, roughly from 450 to 1000 AD, after the fall of Rome. During this time, Europe faced invasions and lacked strong central authority, leading to the rise of the feudal system and smaller, rural communities. Despite these challenges, the church played a crucial role in preserving knowledge and culture through monasticism. Monks and priests safeguarded important texts, including the Bible, and provided a beacon of hope in a turbulent era. While the church faced its own challenges, it remained a light in the darkness until the Reformation rekindled a fuller understanding of Christ's message."
What occurred at the Council of Nicea?,"The Council of Nicea, held in AD 325, was a significant gathering of church leaders called by Emperor Constantine to address disagreements within the early church, especially about Jesus' divine nature. The council resulted in the Nicene Creed, which affirmed that Jesus is fully divine and co-equal with God the Father, thus upholding the doctrine of the Trinity. This decision countered the teachings of Arius, who argued that Jesus was not eternal. The council sought to bring unity to the church and the troubled Roman Empire by clearly defining and affirming the biblical understanding of Jesus' divinity."
What were the ecumenical councils?,"The ecumenical councils were gatherings of church leaders from across the Christian world, meant to address and decide on important theological matters. Initially, these councils included leaders from the entire church, but over time they became primarily Roman Catholic. Each council addressed specific issues, like affirming the deity of Christ and clarifying teachings about the Holy Spirit and Christ's nature. While the Catholic Church recognizes 21 councils, other denominations may only acknowledge the early ones, and some, like Protestants, don't hold ecumenical councils in the same regard because of their focus on personal interpretation of Scripture."
Who was Flavius Josephus?,"Flavius Josephus was a first-century Jewish historian whose writings are a key source for understanding Judeo-Christian history. Born in AD 37, he was a learned man who initially observed different Jewish sects and later aligned with the Pharisees. He became a commander during the Jewish revolt against Rome but was captured and befriended by the Romans. Josephus settled in Rome, where he was supported by the Emperor Vespasian. His major works include ""The Wars of the Jews,"" ""The Antiquities of the Jews,"" and ""Against Apion,"" providing valuable historical insights, including one of the earliest references to Jesus outside the New Testament. Despite some biases, his writings remain important for understanding Jewish life and the Jewish War in the first century."
What was the Great Schism?,"The Great Schism, which occurred in the 11th century, was a major split within the Christian Church, dividing it into the Roman Catholic (Western) Church and the Greek Orthodox (Eastern) Church. This divide was influenced by differences in language, culture, and theology, as well as political and geographical factors. Over time, Western Christianity leaned heavily on Latin and the authority of Rome, while the East maintained a more diverse theological landscape and allowed local languages in worship. Although the dispute over the ""filioque"" clause is often highlighted, it was merely the tipping point in a long history of growing differences and tensions."
What was the Holy Roman Empire?,"The Holy Roman Empire was a group of smaller kingdoms in western and central Europe, existing from 962 to 1806, governed by an emperor who worked closely with the Catholic Church. It aimed to revive the old Roman Empire's glory, but it was distinct from the ancient Roman Empire that controlled the Mediterranean. The church and state were deeply intertwined, and the church often held the upper hand in power. Over time, dissatisfaction with the Catholic Church's dominance led to the Protestant Reformation, which reshaped Christianity and weakened the empire's influence. The Reformation's emphasis on salvation through grace and the authority of Scripture continues to impact Christianity today."
What is the Nicene Creed?,"The Nicene Creed is a foundational statement of Christian faith, created in 325 A.D. to unify the church's beliefs about the Trinity and the nature of Jesus. It's widely accepted and outlines core beliefs in one God, Jesus Christ, the Holy Spirit, the church, and eternal life. When it mentions a ""catholic and apostolic Church,"" ""catholic"" means universal, not specifically Roman Catholic, and ""apostolic"" refers to following the apostles' teachings. There are also discussions about the phrase ""baptism for the remission of sins,"" which is sometimes misunderstood. Overall, it's a helpful summary of Christian beliefs."
Who was Origen of Alexandria?,"Origen of Alexandria was a significant early Christian scholar who lived from AD 185 to 254. Known for his vast writings on theology and biblical interpretation, he was deeply committed to purity and learning. Origen's major works include the *Hexapla* and *Contra Celsum*, where he defended and explained Christian beliefs using contemporary philosophy. Despite his significant contributions, some of Origen's views, such as his ideas on the Trinity and pre-existence of souls, were controversial and later led to debates over whether he was a heretic. His life was marked by extreme asceticism and unwavering faith, even in the face of persecution."
What were the Inquisitions?,"The Inquisitions were a series of tribunals set up by the Roman Catholic Church to combat what they saw as heresy, aiming to maintain religious unity. They began in the 12th century and were notorious for their harsh methods, including torture, to extract confessions. The most infamous was the Spanish Inquisition, initiated by King Ferdinand and Queen Isabella, which targeted Jews, Protestants, and others perceived as threats to Catholic orthodoxy. These efforts were often harsh and sometimes brutal but were a significant historical attempt to enforce religious conformity."
Who was Ignatius of Antioch?,"Ignatius of Antioch was an early church leader who lived around AD 110 and was martyred for his faith. He served as the bishop of Antioch and was a disciple of John the Apostle. On his way to Rome for his execution, Ignatius wrote seven letters to various churches, warning them against heresies like Gnosticism and Docetism, which distorted the true nature of Jesus. He emphasized the reality of Jesus' humanity and the importance of church unity under a single bishop to preserve correct beliefs and prevent divisions."
What is Pietism?,"Pietism is a movement within Christianity that emphasizes personal holiness and living a consistent Christian life. It arose as a response to perceived hypocrisy in the larger church and was often led by laypeople or local pastors. Over time, Pietism influenced the formation of new denominations and fellowships, impacting groups like the Moravian Church, the Methodist movement, and some Evangelical churches. At its core, Pietism encourages believers to live out their faith genuinely, guided by the authority of God’s Word."
Who was Polycarp?,"Polycarp was an early Christian bishop and a disciple of the apostle John. Known for his strong faith and wisdom, he is one of the Apostolic Fathers, who were early church leaders directly connected to the apostles. He was martyred for his faith, famously refusing to renounce Christ, even when faced with death. His writings, especially his letter to the Philippians, show his deep reliance on the teachings of the apostles and the early New Testament texts, inspiring us with his faithfulness and dedication to the truth of the Gospel."
What is the Restoration Movement?,"The Restoration Movement, which began in the early 19th century, was a push by Christians from various denominations like Methodists, Baptists, and Presbyterians to return to the simple, New Testament-based practices of early Christianity. They aimed to set aside denominational divisions and focus solely on Jesus and the Bible, striving for unity among believers. While the movement hoped to eliminate the barriers of creeds and church traditions, it eventually led to new divisions, resulting in groups like the Christian Church (Disciples of Christ), the Churches of Christ, and the Independent Christian Churches. Their emphasis was on practices like weekly communion and sometimes excluding musical instruments, but some teachings, such as the necessity of baptism for salvation, have sparked debate and differ from mainstream Christian doctrine. Despite its challenges, the movement is appreciated for its intent to unify and simplify Christian faith."
What is Restorationism?,"Restorationism is a belief among certain Christian groups that the true faith and practices of the early church were lost over time and need to be restored. Some groups like Jehovah's Witnesses, Mormons, and others, feel they alone hold the true form of Christianity and often reject other Christian denominations. While they aim to return to a New Testament model, this can sometimes lead to exclusivity and a rejection of key Christian doctrines, like the Trinity and salvation by grace. It's important to remember that throughout history, God has preserved a faithful remnant, and His Spirit continues to work in the world, guiding His people until Jesus returns, as promised in Matthew 28:20."
Who was Saint Augustine of Hippo in church history?,"Saint Augustine of Hippo was a significant early Christian theologian and philosopher who greatly influenced both Protestant and Catholic thought. Born in 354 A.D. in what is now Algeria, he initially led a hedonistic life and explored various philosophies, including Manichaeism, before converting to Christianity in 387 A.D., encouraged by his mother, Monica. He became the Bishop of Hippo and was a prolific writer, known for works like ""Confessions"" and ""City of God."" His teachings on predestination, original sin, and grace shaped Reformed theology, while his ideas on the Eucharist and the perpetual virginity of Mary contributed to Catholic doctrine. Augustine is recognized as a patron saint of several professions and is celebrated by Catholics on August 28. His thoughts on the Church and just war theory continue to be influential across Christian traditions."
Who was Tertullian?,"Tertullian was a significant early church figure, known as the father of Latin theology because he was the first to write Christian works in Latin. Born around AD 145 in Carthage, he converted to Christianity after witnessing the martyrdom of believers. He became a presbyter and wrote extensively to defend Christianity from both outside persecution and internal heresies. Tertullian introduced the term ""trinity"" and emphasized that tradition must align with Scripture. Although he later adopted Montanism, his earlier writings continue to influence Christian theology today."
Who was Nero?,"Nero was the fifth emperor of Rome, starting his rule at just 16 after being adopted by his great uncle Claudius. His early reign was marked by cultural achievements, guided by his advisers, but it eventually turned cruel and tyrannical. Nero is infamous for persecuting Christians, using them as scapegoats for the Great Fire of Rome in 64 AD, and even using them as human torches. His reign ended in chaos when he was declared a public enemy and took his own life, marking the end of the Julio-Claudian dynasty and sparking a brief period of civil unrest known as ""The Year of the Four Emperors."""
What is the Apostles' Creed?,"The Apostles’ Creed is a statement of Christian beliefs that summarizes what the apostles taught, even though it wasn't written by them directly. It's a way to express faith in God as Creator, Jesus Christ's life, death, and resurrection, and the work of the Holy Spirit. While it mentions Jesus “descended into hell,” that phrase has been debated, and “the holy catholic church” refers to the universal body of Christians, not just the Roman Catholic Church. This creed helps us unite in the foundational truths of Christianity."
Who were the Apostolic Fathers?,"The Apostolic Fathers were early Christian writers and leaders who lived shortly after the apostles, around AD 80–180. They often had personal connections to the apostles, like Polycarp, who was a disciple of John. Their writings, which were highly esteemed by the early church, aimed to address heresies like Gnosticism and Docetism and included letters to churches (like First Clement to Corinth), teachings, hymns, and more. These works reflect the church's respect for apostolic teachings and showcase the early church's dedication to maintaining the truth of the faith."
What is apostolic action?,"Apostolic action in Roman Catholicism refers to acts done with the intention of sharing Jesus and influencing others for His Kingdom. It's about building relationships to bring people closer to Christ, seen as an essential part of Christian life. While the term might be misleading since we can't be apostles today like those in the Bible, the essence is that our actions should flow from our love for God, not as a means to earn salvation. It’s vital to understand our motivation behind these actions and strive to live like the apostles did, with genuine faith and love."
What does the Bible say about the three wise men (Magi)?,"The Bible tells us about the wise men, or Magi, who brought gifts to Jesus, but it doesn't specify how many there were. Tradition says three, based on the gifts of gold, incense, and myrrh, but it could have been more. These men likely came from Persia, traveled a great distance guided by a star, and visited Jesus in a house, not at the stable, possibly some time after His birth. They knew of prophecies like those in Daniel and Numbers, which led them to seek Jesus. The wise men are remembered for recognizing Jesus' worth, worshiping Him, and obeying God's guidance rather than Herod's orders."
Why was Jesus born in a manger?,"Jesus was laid in a manger after His birth because there was no room available for Mary and Joseph where they were staying in Bethlehem. This humble beginning wasn't an accident; it beautifully symbolizes how Jesus, the Son of God, came to earth in the most accessible and approachable way, without the barriers of wealth or power. His birth in such simple surroundings shows God's desire for everyone to come to Him, no matter their status. It’s a reminder that Jesus came to be with us, right where we are."
What is an advent calendar?,"An Advent calendar is a special way to count down the days to Christmas, helping us prepare for the celebration of Jesus' birth. Originally, it started with marking days on doors and evolved into a delightful calendar with little windows to open each day, each revealing a picture or treat. While today some might miss its deep meaning, the Advent calendar still offers a chance to pause, reflect, and share the story of Jesus’ coming with others. As we open each window, let it remind us of the hope and joy we have in Christ and His promise to return."
Does Luke’s claim that Jesus was born in Bethlehem at the time of Quirinius’ census match the historical record?,"Luke's mention of Jesus' birth during Quirinius' census raises questions because Quirinius was known to govern Syria years after Jesus' birth. There are a few ways to understand this: some suggest a translation issue might mean the census was before Quirinius was governor, or that Quirinius governed Syria twice, with two censuses. Luke, known for his careful historical writing, likely referred to the first census. The Bible's accuracy is supported by the belief in its divine inspiration, leading many to trust the historical account given in Luke."
What was the star of Bethlehem?,"The star of Bethlehem is famously associated with the magi, or wise men, who followed it to find Jesus after His birth, as described in Matthew 2. This star wasn’t a typical celestial body; it seemed to appear specifically to the magi and led them directly to Jesus' location, which is something no natural star could do. Some believe it was a miraculous sign, possibly an angel or the Shekinah Glory, which is God's visible presence. This unique guidance shows how God used a special sign to announce the birth of His Son."
Is Christmas a pagan holiday?,"Christmas itself isn't a pagan holiday; it's a Christian celebration of Jesus Christ's birth, honoring Him as Immanuel, ""God With Us."" While some Christmas traditions may have roots in other cultures, their meanings today are shaped by how we celebrate them now, not their origins. Christians should thoughtfully consider their celebrations, embracing aspects that honor God and setting aside any unbiblical practices. Ultimately, each believer should follow their conscience, respecting others' choices as well in the spirit of love and understanding."
How did Jesus bring joy to the world?,"Jesus brought joy to the world in many ways. When He healed the sick, cast out demons, or forgave sins, it brought immediate joy. People finding hope and purpose in Jesus as the Savior filled them with joy. His birth was announced as ""good news of great joy,"" because God came to be with us, offering forgiveness and a relationship with Him. Through His death and resurrection, Jesus made it possible for us to be close to God, conquer death, and have eternal life, which fills us with hope and joy. Even today, we look forward to His return, when He will reign with justice and righteousness, giving us even more reason to rejoice."
Should we give gifts at Christmas?,"Gift-giving at Christmas can be a beautiful way to show love, much like the wise men who gave gifts to Jesus. It's important to remember that Christmas is about celebrating God’s incredible gift to us—His Son, Jesus. As long as our focus remains on God as the ultimate gift-giver and we give from a place of genuine love, gift-giving can enhance our celebration rather than distract from it. Keep in mind that it's about sharing love and gratitude, not just about the presents themselves."
Is the resurrection of Jesus Christ true?,"Yes, the resurrection of Jesus Christ is considered true according to the Bible. The Gospels and the Book of Acts provide consistent accounts of His resurrection, and many people, including the disciples and Paul, witnessed the risen Christ. These encounters transformed the disciples from being fearful to boldly sharing the gospel, and even changed Paul's life dramatically. Additionally, the empty tomb and Jesus' appearances to over 500 people serve as evidence. The resurrection is crucial because it confirms that Jesus' sacrifice for our sins was accepted by God, offering believers the promise of eternal life and victory over death."
What is Holy Monday?,"Holy Monday is recognized as the last Monday before Easter, the day after Palm Sunday. It's part of Holy Week and is notably remembered for Jesus cleansing the temple and cursing the fig tree. While some Christian traditions observe Holy Monday with special readings and hymns, not all do. It's important to remember that the Gospels weren't written in strict chronological order, so the exact timeline of events can be tricky to pin down."
What is Easter Monday?,"Easter Monday, right after Easter Sunday, is celebrated by some Christian groups, mainly Eastern Orthodox and Roman Catholics. It's known by various names, like Bright Monday or Wet Monday, and different cultures have their own unique traditions for the day. Some are solemn, while others involve fun activities like outdoor processions or Easter egg-rolling. Although the Bible doesn't mention Easter Monday, many enjoy cultural traditions as long as they don't take away from the core message of Jesus' resurrection."
What is Spy Wednesday / Holy Wednesday?,"Holy Wednesday, also known as Spy Wednesday, is the day before Maundy Thursday in Holy Week. It's called ""Spy Wednesday"" because it's traditionally believed to be when Judas planned to betray Jesus. While the Bible doesn't specifically mention this day, many churches, particularly in the Eastern Orthodox tradition, observe it with Scripture readings and hymns. Events leading up to Easter aren't always presented chronologically in the Gospels, so we should be careful about assigning precise days to these events."
What is Passion Week / Holy Week?,"Passion Week, or Holy Week, is the sacred time from Palm Sunday to Easter Sunday. It commemorates Jesus' journey to the cross, beginning with His triumphant arrival in Jerusalem and including significant events like cleansing the temple, sharing the Last Supper with His disciples, and praying in Gethsemane before being betrayed and arrested. This week highlights Jesus' deep love and sacrifice for us, culminating in His crucifixion and glorious resurrection. During this time, Christians are encouraged to reflect on His passion and express their gratitude through worship and sharing His message."
Did Jesus go to hell between His death and resurrection?,"There's often confusion about whether Jesus went to hell after His death. The Apostles’ Creed mentions He ""descended into hell,"" but it's important to clarify what this means. In biblical terms, Jesus went to ""sheol"" or ""hades,"" a temporary place for the dead, not a place of torment. Specifically, He went to the blessed side known as ""Abraham's side"" or ""paradise,"" where He was with the believing dead. His suffering for our sins was completed on the cross, and He did not endure further punishment after His death."
How is the date for Easter determined?,"The date for Easter is set as the first Sunday after the first full moon following the vernal equinox. This means Easter can fall anywhere between March 22 and April 25 and isn't directly tied to the Jewish Passover, even though Jesus’ resurrection originally happened around that time. The decision to celebrate Easter in this way was made through historical church discussions rather than a biblical mandate. Christians have the freedom to celebrate Easter on this traditional date or to choose another day, focusing on the importance of Jesus’ resurrection rather than the exact date itself."
What is Pascha?,"Pascha is another term for Easter, the day we celebrate Jesus rising from the dead. It originally comes from the Hebrew word for Passover, a Jewish festival marking the Israelites' escape from Egypt. For Christians, Jesus is seen as our Passover lamb, symbolizing freedom and salvation through His sacrifice on the cross. Different churches celebrate Easter at varying times, but the essence of the celebration is the same—the victory of life and hope through Jesus."
Why do we celebrate Easter?,"Easter is a special time for Christians to celebrate Jesus' resurrection, which shows His victory over sin and death. Leading up to Easter, we remember Jesus' willing sacrifice on the cross for our sins. But the joy of Easter comes from His resurrection, which assures us of new life in Him and the promise of our own resurrection one day. While Easter has cultural and historical roots, for Christians, it's a time of deep gratitude and celebration of the new life Jesus offers."
Is Easter a pagan holiday?,"Easter is not a pagan holiday. It's a Christian celebration of Jesus Christ’s resurrection. Some people suggest the name ""Easter"" has pagan roots or that it coincides with ancient spring festivals, but there’s no solid evidence connecting the holiday to pagan worship. Ultimately, Christians today celebrate Easter to honor Jesus, not any pagan tradition, and the focus is on its current meaning rather than historical theories. As with any observance, it’s most important to follow your own convictions and respect others' practices."
What is Easter Sunday?,"Easter Sunday, also known as Resurrection Sunday, is a significant Christian holiday celebrating Jesus Christ's resurrection from the dead. This event, which occurred three days after His crucifixion, is a cornerstone of Christian faith, affirming Jesus' deity and the promise of eternal life for believers. While some celebrate Easter with traditions like egg hunts and the Easter Bunny, the heart of the day for Christians is about worship, church services, and remembering the joy of Jesus' victory over death. No matter how we celebrate, it's a time to reflect on the hope and salvation Jesus' resurrection brings to our lives."
What is Maundy Thursday / Holy Thursday?,"Maundy Thursday, or Holy Thursday, is the day during Passion Week when Jesus shared the Last Supper with His disciples before His arrest. This day celebrates two main events: the institution of the Lord’s Supper, also known as communion, and Jesus washing His disciples’ feet as a lesson in humility and service. The term ""Maundy"" comes from a Latin word meaning ""commandment,"" highlighting Jesus' command to love one another as He loved us. While the Bible doesn't require observing Maundy Thursday, it's a meaningful time to remember Jesus' example of love and service."
What is an Easter Vigil?,"The Easter Vigil is a special and meaningful service held on the night before Easter, mainly in Catholic, Orthodox, and some Protestant churches. It's a beautiful celebration of Jesus' resurrection and often includes the baptism of new believers. The service typically features four parts: a Service of Light, readings from the Bible, baptisms, and the Eucharist. While rich in tradition and symbolism, it's important to remember that baptism is an outward sign of faith, not a means of salvation."
What is the meaning of Lent?,"Lent is a time when many Christians focus on fasting and self-denial, starting on Ash Wednesday and ending on Easter Sunday. It's meant to remind us of repentance, similar to fasting in the Old Testament. While some people use Lent to give up habits or foods, it's important to remember that God's grace is a gift, not something we earn through sacrifices. If you choose to observe Lent, focus on turning away from sin and dedicating yourself to God, rather than boasting about your sacrifices. Always remember, God's love for you is already complete and boundless."
What is Good Friday / Holy Friday?,"Good Friday, also known as Holy Friday, is the day Christians remember Jesus' crucifixion, leading up to Easter Sunday. It's a somber day of reflection on Christ's sacrifice for our sins, often marked by services with hymns, prayers, and communion. The ""good"" in Good Friday refers to its holy significance and the ultimate good that came from Jesus' death—our reconciliation with God. While the Bible doesn't specifically mandate observing Good Friday, it encourages believers to remember Jesus' sacrifice, highlighting the profound love and redemption it represents."
What is Holy Saturday?,"Holy Saturday is the day between Good Friday and Easter Sunday, marking a time of quiet reflection. On this day, Jesus lay in the tomb after His crucifixion, and His disciples were in hiding, gripped by fear and grief. Churches often observe it as a somber day, contemplating a world without the hope brought by Christ’s resurrection. It's a reminder of the darkness before the dawn of Easter morning when Jesus rose again, bringing new life and hope to all believers."
What is Holy Tuesday?,"Holy Tuesday is part of Holy Week, the days leading up to Easter Sunday. It's a day when some Christians, especially in Eastern Orthodox traditions, reflect on specific events from Jesus' life. On this day, Jesus faced challenges from religious leaders and taught important lessons, including the story of the widow's donation and His messages to the Pharisees. It's a time to remember His wisdom and teachings as He journeyed toward the cross."
What is Tenebrae?,"Tenebrae is a somber Christian service during Holy Week, typically observed on Maundy Thursday, Good Friday, or Holy Saturday. It involves extinguishing candles one by one as Bible passages are read, symbolizing the growing darkness of Jesus' journey to the cross. The service ends in darkness, often with a loud noise symbolizing Christ's tomb being sealed, followed by a hidden candle representing His resurrection. Although not biblically mandated, this tradition is cherished by many Catholic, Lutheran, and Orthodox churches, and has influenced modern Good Friday services."
What is Palm Sunday?,"Palm Sunday is the day we remember Jesus’ entry into Jerusalem, marking the beginning of the week leading up to His crucifixion and resurrection. As Jesus rode a donkey into the city, crowds laid their cloaks on the road and waved palm branches, celebrating Him as a king. However, many in the crowd didn’t understand that Jesus came to offer spiritual salvation, not just political freedom. Despite the celebration, Jesus wept for Jerusalem, knowing they didn’t fully recognize Him as the Savior. Palm Sunday reminds us of the true purpose of Jesus' mission, to bring us peace through spiritual redemption."
What is the origin of Fat Tuesday / Mardi Gras?,"Mardi Gras, or ""Fat Tuesday,"" is the final day of the Carnival season, known for its lively celebrations leading up to Lent, a period of fasting and reflection before Easter. This day is widely recognized for indulgent festivities, but it's important to note that the Bible doesn't mention or support such celebrations, especially those involving excessive partying and behavior. Instead, Scripture encourages us to live decently and align our actions with Jesus' teachings, emphasizing a life of moderation and spiritual focus rather than temporary indulgence."
"Why did the Magi bring gold, frankincense, and myrrh to Jesus?","The Magi brought gifts of gold, frankincense, and myrrh to baby Jesus, each with special significance. Gold, a sign of wealth and divinity, symbolized Jesus' divine nature. Frankincense, used in worship, represented His holiness and willingness to be a sacrificial offering. Myrrh, associated with suffering and used in embalming, foreshadowed the suffering and sacrifice Jesus would endure. These gifts highlighted Jesus as the divine King, the holy Savior, and the one who would suffer for humanity."
What is the Annunciation?,"The Annunciation is a beautiful moment in Christian history where the angel Gabriel visits Mary to tell her she will give birth to Jesus, the Savior. Gabriel's message in Luke 1 emphasizes the arrival of Jesus, the Son of God, who will bring salvation and rule an eternal kingdom. Celebrated on March 25, the Annunciation reminds us of God’s profound grace and the beginning of a new chapter in His plan for humanity through Jesus. It's a cherished event for Christians, highlighting both God's promise and Mary's humility in accepting her role."
What is Advent?,"Advent is the season leading up to Christmas, focusing on preparing our hearts for celebrating Jesus' birth and anticipating His return. It spans four Sundays before Christmas and includes traditions like lighting candles on an Advent wreath, counting down with Advent calendars, and decorating with evergreens. While some churches observe it with a festive tone, others use this time for prayer and reflection. Observing Advent is a personal choice and isn't required, but it can be a meaningful way to remember the true essence of the season."
What is Carnival?,"Carnival is a festival celebrated in many predominantly Catholic countries before Lent, marked by indulgence and festivities like parades and parties. It’s seen as a time to ""live it up"" before the fasting season, often leading to behaviors that stray from Christian values. While it’s portrayed as a joyful celebration, it can often involve activities that go against the teachings of Christ. Some churches use this time to either retreat from the chaos or to share the gospel with those attending. As Christians, we're encouraged to live by the Spirit and not succumb to fleshly desires during such celebrations."
What are Chreasters?,"""Chreasters"" is a playful term for folks who attend church mainly on Christmas and Easter. While celebrating these holidays is wonderful, the concern is that some might view these visits as enough to maintain their faith. True Christianity is about a vibrant, everyday relationship with Christ, not just holiday visits. Church isn’t about checking a box; it’s a vital part of a believer's life, providing fellowship, accountability, and worship. Remember, it's our relationship with Jesus that matters most, not just our attendance."
"What are Septuagesima, Sexagesima, and Quinquagesima Sundays?","Septuagesima, Sexagesima, and Quinquagesima Sundays are the three Sundays before Lent begins on Ash Wednesday. Although not as commonly recognized now, they are still observed in the traditional Latin Mass. The terms relate to their distance from Easter, with Quinquagesima being about 50 days, Sexagesima around 60 days, and Septuagesima about 70 days before Easter—though not exactly. Historically, early Christians used these Sundays to accommodate their fasting to ensure they got forty days before Easter. However, since they're not mentioned in the Bible, Christians can choose how to observe these days based on their personal convictions."
